	FD21772173	FD21772179	FD21772189	FD21772205	FD21772244	FD21772261	FD21772298	FD21772337	FD21772351	FD21772578	FD21772697	FD21772699	FD21772702	FD21772766	FD21772802	FD21772880	FD21772908	FD21772934	FD21773059	FD21773106	FD21773116	FD21773174	FD21773221	FD21773259	FD21773309	FD21773313	FD21773369	FD21773537	FD21773589	FD21773630	FD21773653	FD21773675	FD21773737	FD21773746	FD21773783	FD21773819	FD21773832	FD21773841	FD21773846	FD21773847	FD21773965	FD21774021	FD21774042	FD21774045	FD21774113	FD21774123	FD21774318	FD21774401	FD21774408	FD21774415	FD21774498	FD21774517	FD21774522	FD21774524	FD21774545	FD21774702	FD21774708	FD21774709	FD21774719	FD21774760	FD21774779	FD21774818	FD21771986	FD21772050	FD21772081	FD21772250	FD21772292	FD21772346	FD21772347	FD21772392	FD21772426	FD21772472	FD21772506	FD21772806	FD21772808	FD21772863	FD21772902	FD21772906	FD21772910	FD21772976	FD21773016	FD21773025	FD21773044	FD21773104	FD21773140	FD21773306	FD21773308	FD21773335	FD21773336	FD21773352	FD21773450	FD21773461	FD21773511	FD21773545	FD21773644	FD21773669	FD21773744	FD21773752	FD21773775	FD21773858	FD21773873	FD21773934	FD21773988	FD21774007	FD21774037	FD21774064	FD21774070	FD21774163	FD21774168	FD21774169	FD21774233	FD21774370	FD21774444	FD21774492	FD21774523	FD21774611	FD21774623	FD21774626	FD21774642	FD21774681	FD21774695	FD21774821
Abiotrophia_defectiva	0	4.899545837	0	0	0	0	0	0	0	0	0	0	0	0	78.42506779	0	0	0	0	0	0	0	0	0	0	0	0	0	0	0	0	0	0	0	0	0	90.41685136	0	0	0	0	0	0	0	0	0	0	0	0	0	0	0	0	0	0	0	0	0	0	0	0	0	0	0	0	0	0	0	0	0	0	0	0	0	0	0	0	0	0	0	0	0	0	0	0	0	0	0	0	0	0	0	0	0	0	0	0	0	0	0	0	0	0	0	0	0	0	0	0	0	0	0	0	0	0	0	0	0	0	0	0	0
Abiotrophia_uncl	0	1.100046836	0	0	18.50381682	0	0	0	0	16.27957142	0	0	0	0	619.5063749	0	0	0	0	0	0	0.832834139	0	0	0	7.042756152	0	0.125008443	0	0	0	0	0	0	0	0	69.93395422	0	0	0	0	0	0	94.66652846	0	0	0	0	0	0	0	0	1.046338665	0	0	0	0	0	0	0	0	0	0	0	0	0	0	0	0	0	0	0	58.61804606	0	0	0	0	0	0	0	0	0	0	0	0	0	0	0	0	0	0	0	2.660486178	0	0	0	0	0	0.049040075	0	6.35132378	0	0	0	0	0	0	0	0	0	0	0	0	0	0	0	0	422.9379681	0	0.438206699	0	0
Acinetobacter_baumannii	172.1196431	59.35592159	283.4037278	251.1963997	61.54136297	366.9845968	208.0931472	152.9313125	527.0341461	235.5259205	197.1167436	126.5564063	112.1270999	66.70728505	2.961949551	15.26367719	0	570.5442618	194.6484939	59.7936238	116.9761671	84.65519018	243.3970436	34.96116886	535.6647467	15.42775996	216.0643801	31.86369907	379.563323	84.54411508	133.2486866	146.4289593	260.5406656	242.2498855	141.5654356	64.94658658	57.15423229	241.7991181	215.8529194	178.9715305	238.4763032	85.20065821	589.2136887	5.360198127	272.5177058	117.6124045	242.2471324	995.1329081	78.19288505	1241.727481	685.4816997	851.4927296	198.3234986	312.6484237	15.83664877	44.47731336	113.5541834	597.7074513	408.501259	329.1960758	225.3116258	306.6066603	74.41820381	329.8997913	1149.392174	52.56153826	168.3805308	367.0319215	264.0965669	134.7231344	309.9284166	207.2790538	49.22019689	54.63170563	24.65069792	10.65490119	79.61114359	0	0	233.3399706	49.04358341	138.0805049	99.54280483	301.7335821	34.38969859	168.0161008	47.35166077	55.87107891	159.9107107	180.375089	71.57964197	51.79777831	243.7741919	6.656636558	259.1410302	98.53371013	184.527363	7.420266039	28.78848492	255.3357858	9.731390834	38.69155503	141.9975835	2164.970852	400.7493974	137.4032612	335.0682924	216.6227125	287.0124699	272.4011292	365.7718765	0.191010092	1239.71519	56.4692365	0	1388.121763	371.8842814	163.0562587	17.73311869	451.0742973	357.1299819	154.5164896
Acinetobacter_uncl	0	0	0	0	0	0	0	0	0	51.87128723	0	0	0	0	0	0	0	0	0	0	0	0	0	0	0	0	0	0	0	0	0	0	0	0	0	0	0	0	0	0	0	0	0	0	0	0	0	0	0	0	0	0	0	0	0	0	0	0	0	0	0	0	0	0	0	0	0	0	0	0	0	0	0	0	0	0	0	0	0	0	0	0	0	0	0	0	0	0	0	0	0	0	0	0	0	0	0	0	0	0	0	0	0	0	0	0	0	131.5514288	0	0	0	0	0	0	0	0	0	0	0	0	0	0
Actinomycetaceae_uncl	0	0	0	0	0	0	0	0	0	0	0	0	0	0	0	0	0	0	0	0	0	0	0	0.698768497	0	0	0	43.01925531	0	0	0	0	9.244420367	0	0	0	0.173175712	0	0	0	0	0	0	0	0	0	0	0	0	0	0	0	0	0	0	0	0	0	0	0	0	0	0	0	0	0	0	0	0	0	0	0	0	0	0	0	0	0	0	0	0	0	0	0	0	0	0	0	0	0	0	0	0	0	0	0	0	0	0	0	0	0	0	0	0	0	0	0	0	0	0	0	0	0	0	0	0	0	0	0	0	0
Actinomycetes_uncl	0	57.69518941	0	148.8410978	218.0478454	0	0	0	0	0	0	0	0	0	598.2308037	1.143434554	185.7001161	0	0	50.7707121	0	2.414170553	497.7114674	0	0	70.51909237	0	3.578620064	0	0	980.500527	0	0	0	0	0	13.83060736	0	0	9.151111277	0	68.07980388	0	215.951937	0	0	0	0	0	0	0	0	0	0	0	0	0	0	0	0	0	0	0	0	0	333.2569705	0	0	0	0	0	18.84098326	1819.516794	45.72352526	25.23769414	0	40.64340619	65.163917	0	0	0	0	0	0	6.649684283	3.547076597	0	3.340738641	5.412396033	0	3.315222076	0.337605548	8.047205338	19.94679887	0	15.44966579	0	2.606695075	0	889.7811384	0.956809862	0	0	0	0	0	176.1037799	8.973393637	0	0	0	0.921243731	11.60640211	0	0	0	3.757221356	0	0	6.885363164	0	27.95048844
Aequorivita_sp._609	153.5136369	2.319999074	72.28357439	28.53271758	48.56065109	112.7760533	10.61815438	42.72706244	36.47591418	7.872314956	53.9936783	54.84108543	67.44146542	0	21.25277921	3.758659963	0	86.02931098	11.22216493	0	20.81040498	10.7968619	19.88605786	0	103.8612025	6.23426626	13.96945262	0.147646011	78.72875786	0	26.69085026	14.55506725	495.1034434	31.91251059	41.94613989	0	14.57042964	17.17753015	1173.778027	11.85504621	32.0699294	0.726125063	47.21258716	0.278999792	25.33831336	32.71421061	27.79274796	343.7424154	47.33964811	234.2764498	110.8346642	364.5082729	0	39.43391734	0	121.5358062	24.93887724	61.72108005	40.69132768	94.74099809	41.41965194	95.98456766	21.4526334	18.90302912	115.0764964	538.5849631	51.67284506	154.2982252	0	27.33715088	0	187.5243558	15.42213673	6.75329998	9.604457467	53.61714932	15.09911166	0	0	0	0	19.396493	192.5919366	74.32690382	1.263492593	9.299300542	87.55722324	3.249983238	15.40424703	66.6482632	17.97178456	34.43134013	42.71639468	2.798340747	85.01283785	7.115929091	34.03280357	1.569147731	7.608255251	36.05596937	3.092177963	7.401023743	103.4816089	2148.59158	507.3930852	82.46381321	15.1002025	50.09984353	38.07944364	596.7359487	392.2407024	0	74.87228904	17.91889877	0	350.9940732	189.308477	26.5110386	89.39033908	18.30470429	40.71387782	196.4650716
Aggregatibacter_uncl	0	1.783266258	0	0	0	0	60.08040982	0	71.31145094	0	0	0	0	0	34.9474468	1.557883499	0	6.087730108	1.292241279	43.08523733	11.72777719	61.19733931	0	0	1.636975056	1.057436917	0	0	204.6358956	0	0.379831568	277.1660526	0	0	0	0	21.44099185	129.5948416	0	29.44739013	1884.464685	0	311.1348213	0	175.0261839	0	1160.072738	0	70.2277702	5521.771184	78.63927299	0	0	0	0	0	0	0	0	0	0	0	0.839437438	0	0	0	151.4916602	0	0	0	0	198.946485	0	129.1656861	11.9135148	0	0	0	0	0	2.136777194	34.97208035	4.761596437	0	0	52.62634072	27.24340111	0	0	155.4140679	3.239736998	73.24453814	9.389176889	8.197578339	160.812945	36.56577652	0	3.686123127	1.723702303	0	437.4332018	0	0	0	0	0	0	7.106542144	48.20326755	0	86.01953596	0	0	0	0	0	1.816426701	0	0	0.895499055	164.7149013	0
Alloprevotella_rava	0	26.06212875	0	0	1.6107004	0	0	0	0	0	0	0	3.738552496	0	0.487112222	0	0	0	0.28917992	555.3367547	82.02497603	103.9321047	0	0	90.21479562	15.85992412	13.48772417	0	172.608338	0	0	3.923695313	0	0	0	0	0	0	0	45.21244329	0	0	0	0	0	0	0	0	0	0	1.061296481	0	0	0	5.937168443	0	0	0	0	0	0	0	0	0	0	0	1.901049764	0	0	0	0	0	12.51698591	39.65496291	0	0	1.937782595	2.477423285	0	0	11.58653409	0	0	75.09387045	0	7.34865737	0	230.2739884	6.820766404	0	5.597318447	0	41.13268344	62.61225988	0	47.09937457	246.6460816	42.01320031	3.765937522	0	4.682062785	10.43520465	0	0	0	0	2.078533877	0	76.81278546	0	0	0	52.89482014	0	0	0	0	0	0	1.556177041	0	0
Alloprevotella_sp._Lung230	0	111.0444216	0	0	0	0	0	0	0	0	421.2227666	0	3.624507043	1006.186186	10.53948075	266.1268323	123.3607431	303.6289701	328.680462	2560.474117	162.2976718	713.4582756	116.9394608	0	24.45537788	115.3063499	1.050608168	103.0405364	2717.620216	0	447.5930418	505.8034762	3431.134354	23.05102678	0	0	606.41312	0	0	26.25614137	925.285782	928.829933	226.634412	7.849269765	0	0	0	0	0	0	4.310736632	0	0	41.06688494	734.6593639	0	421.0307834	0	1468.478565	0	26.95868676	0	1.300475617	13.86244197	0	0	4.357422174	0	0	2.084459928	0	25.94369789	11463.41749	281.6021629	55.59081252	302.1565379	112.2327961	323.8137946	0	0	1051.407307	429.8728993	2086.383847	0	43.44892277	322.9532619	0	61.51957075	10.5325006	0	7811.824465	451.8210604	78.03895214	74159.49032	0	208.2632806	5.534235279	7465.624782	0	11423.13694	71.52226236	0	0	0	0	0	1485.087347	200.1467021	2.714463204	0	0	0.416247425	76.34299507	199.5229307	0	0	34.89149291	9.251706893	0	169.1446693	446.428658	0.134611137
Alloprevotella_sp._OH1205_COT-284	0	157.748729	0	0.354618231	8.492324724	0	0	0	0	0	0	0	0	1173.418602	8.845129895	340.0866472	54.0678069	1111.449662	435.412534	1916.612422	88.39074326	351.2418292	123.1385343	0	19.01161926	232.9133534	0	104.4979198	0	0	532.1172519	351.4400162	0	0	0	0	18.40391496	0	0	18.21142734	137.7120949	731.7620769	18.57934464	18.08383555	0	0	1.409820315	0	1194.432907	0	3.609630267	0	0	297.4738759	449.0376177	0	724.8844921	0	198.5651391	0	0	0	8.162334767	0	0	0	23.91433618	0	0	25.47786422	0	0	6572.875162	553.8987097	162.3598973	63.66165595	44.40275942	59.9149742	0	0	195.3199549	393.5621777	1427.946595	0	66.98403079	173.416713	0	4.597422958	0.622301825	0	5999.690094	121.3939719	91.42127222	94.29047357	2.306793231	328.4141142	13.79499368	6.002468061	3.808761683	1253.541	148.6189303	10.21688351	0	0	0	0	377.6151985	191.9082225	0	0	0	1.126312102	1.319278612	339.8013923	0	0	77.54471347	0	0	151.0287374	113.6735803	118.0188731
Alloprevotella_sp._oral_taxon_473	0	6124.71653	0	0.912511349	33.08727316	0	0.693249499	0	4.707292436	16.48391751	198.1554548	3.306042088	0	3237.295102	51.45944453	24754.78053	124.0208239	2229.532523	1333.874278	3789.171601	446.7982606	8753.802773	342.0761408	563.7470912	238.8659813	888.436788	0	727.0754716	1588.407472	77.73717441	1568.579421	23011.46654	769.7549559	40.85358781	0	0	35138.62146	0.91773537	1.297107941	37.52189817	8279.881897	3182.906015	1379.064312	26.54195853	20.76121152	36.75423363	3.515077482	0	498.0686535	0	417.7329592	0	1.119929177	657.5868073	2207.887466	0	2870.268154	0	52.79222805	11.35494358	0	0	147.8743194	49.6515384	110.7934129	0	26.81878136	0	1746.238489	217.7812753	0	367.152762	28317.61383	9886.42235	293.9748297	1069.195959	86030.77582	4943.995137	0	0	1232.804256	1436.819716	6148.462864	39.21277438	94189.9029	24471.30939	0	7302.721114	149.7766949	0	18287.34477	1846.545258	250.7490161	1644.181455	11.88535321	4515.273899	14.24417266	148.709468	10.15633403	17428.15911	172.4245967	35.939282	0	0	0	0	1910.598223	1118.193004	65.17455996	7.307604369	0	2.79956512	11943.83367	807.3756041	0	0	2109.62922	236.8424825	0	358.2296521	316.9164714	200.3874268
Alloprevotella_tannerae	0	1221.908618	0	0	43.00026668	0	112.3787579	15.34822639	58.99736906	0	125.1135192	0	0	6039.66793	176.0166602	514.9794353	178.2200002	16.45616957	395.566853	1300.728308	988.0088515	2618.758805	0	20.95112583	0	1832.949402	0	36.026019	87.07412525	1478.538093	482.3894666	681.6594103	4.119422164	0	0	0	319.7278198	123.9398678	0	43.45020536	618.6588402	88.39806562	0	4.436612094	42.64902294	0	794.2456337	0	5.937243949	0	41.76030868	0	0	0	286.9283183	0	623.0256185	0	61.94065949	0	0	0	225.155264	2.453838897	0	0	31.16104338	0	0	0	0	0.327504823	2.040473393	105.8598397	26.95185952	2305.833823	20728.72886	94.35418332	0	0	724.2514987	672.276896	1416.402534	497.8805631	4253.181048	778.4961641	0	31.53626531	21.14405861	0	1734.71532	465.3625497	42.89271246	275.1945963	51.26400191	366.3370674	837.2430108	188.37024	1927.772092	0	964.4649408	25.69728094	0	0	0	0	48.16540325	0.103987131	101.2973574	0	0	23.17769814	138.2468443	203.9417817	0	0.755926034	5.206636336	20.1929461	0	271.3213213	84.6239946	0.021481504
Alloprevotella_uncl	0	834.7122473	0	2.962415562	10.40040651	0	0	0	0.440732394	32.49069704	465.9375099	0	0	738.8083821	73.61803055	1105.784106	111.3876565	365.1074745	1161.366721	3438.670681	914.2896554	2586.077203	346.0306386	12.05671745	532.8989252	2078.624362	44.3250305	145.7247263	1663.50968	1314.133424	1778.167333	1469.059049	0	3.94277743	0.554056322	5.3378377	130.8978675	0.998355866	0	349.8941394	2124.28168	2388.834303	273.0135922	36.77473128	6.616410267	61.89897131	22.04337696	0	3602.269643	0	580.0875015	0	56.26394966	433.1797257	1268.185493	17.03021241	1745.261072	0	522.668383	6.482477621	0	0	153.4436611	0.373384261	0	5.807594847	109.4476601	0	0	194.8627589	0	29.08485388	18245.84958	1980.013513	504.868612	1990.921045	16110.65467	654.1148105	0	0	1374.244856	1205.516889	5437.820479	1154.87241	4490.203985	806.1407222	0	1349.591226	125.3549892	0	8686.805584	1558.99238	283.0874451	929.2439043	7.006115689	1990.09211	1644.556199	408.0059484	585.9880643	10707.56881	1951.173896	236.1996197	0	0	0	0	983.2325376	1702.276554	230.6451385	0	11.84128872	14.17895402	356.103817	493.3812011	0	0	185.2899524	47.97183322	0	337.6627483	245.3690028	1096.093834
Aminicella_lysinilytica	0	0	0	0	0	0	0	0	0	0	0	0	0	0	0	0	0	0	0	0	0	0	0	0	0	0.389131305	0	0	0	0	0	0	0	0	0	0	0	0	0	0	0	0	0	20.86651889	0	0	0	0	0	0	0	0	0	0	0	0	0	0	0	0	0	0	0	0	0	0	0	0	0	0	0	0	0	0	0	0	0	0	0	0	0	0	0	0	0	0	0	0	0	0	0	0	0	0	0	0	0	0	0	0	0	0	0	0	0	0	0	0	0	0	0	0	0	0	0	0	0	0	0	0	0	0
Atopobiaceae_uncl	0	343.7183669	0	380.643262	7866.284327	0	0	0	0	12.43578373	0	0	0	2216.940762	35.12891871	85.09898379	1237.270002	3.641767118	83.20370784	3279.887719	665.771388	307.1911469	571.0872001	0	1.616354246	2129.439012	0	86.21227075	0	0	2895.552452	1281.232708	0	5.660275175	0	0	295.0515919	0	0	87.00053445	292.7819857	464.9678106	4.255927498	133.0600326	0	0	537.2667582	0	0	0	125.7715199	0	3.099222354	410.1262161	1013.087535	0	37.46265262	0	0	38.36395683	0	0	17.54875161	0	0	0	0	0	0	582.2091953	0	951.6316331	8448.967906	389.9015844	246.4050837	722.0752263	505.092248	3973.405759	0	0	2442.743378	11.91832866	506.5528838	480.7249937	1427.736054	162.9091204	0	358.8645233	293.0255637	0	3933.20851	2903.644308	269.972361	1427.664696	0	158.7918493	14.58524489	245.5498546	0.034836688	1261.562529	45.13714856	467.1796134	0	77.47024132	0	0	4628.648858	1533.641175	0	0	0	44.70356877	46.14192178	0	0	0	23.69911517	101.0618904	0	9368.241606	0	776.5024464
Bacilli_uncl	3093.228011	1513.147348	1123.27358	1281.422115	976.4062143	1895.049999	532.6747739	945.7089403	574.3501681	1265.660605	0	1114.928244	921.7111055	29.48719888	1336.281781	117.1551577	90.83377143	507.575769	580.7365443	56.82207195	399.9216128	55.18149447	74.02024736	1727.918285	279.83618	554.0290958	199.2397304	414.8669087	2109.39798	85.14539083	1136.201086	126.66394	1973.440041	520.2163184	1173.615596	1312.553747	666.8934333	385.1736851	1011.422386	884.8787465	223.4616713	2998.235592	464.0034127	2283.120368	674.7115287	1653.081769	653.8336434	791.4155347	1170.171132	910.9120814	345.9126701	2131.119084	120.7901517	1055.697504	12.3801455	1633.99008	268.5359527	1123.032342	506.8129498	977.7519786	1144.169497	3940.000748	177.4926394	599.9982648	3250.088197	1304.174733	717.8825602	1237.823753	13325.37947	564.781739	0	387.8404834	426.7150525	47.40294911	70.12853399	291.3003365	75.09658641	8.824450196	0	538.3071083	87.47234804	121.2197742	194.7926829	843.016332	19.26409926	396.475641	595.5780913	157.8972718	659.9588367	1028.699551	192.1786628	122.9573987	916.4117304	12.52150376	841.4655345	359.3349792	235.8251707	6.73211539	364.4671597	96.58425545	34.58098942	433.5626331	1151.115143	976.2715143	1027.863255	429.3866574	168.2858031	70.08597197	3148.519453	693.7101998	538.3590273	3.771203685	414.1136201	233.7181502	416.8449656	2013.009341	380.973499	858.9822392	1041.337344	32.43855563	814.8779437	788.5582804
Bacillota_uncl	351.3886017	963.7535269	1398.096787	1904.787986	6127.346546	2502.456035	971.9440954	1503.867321	874.4746964	1442.245906	2092.714595	917.8884207	1317.708875	88.10528271	3329.221534	184.853348	91.64284921	969.5807662	986.1399657	828.4459077	759.1055487	708.8212759	155.4945081	286.5877462	859.3046064	2235.285606	311.1751212	222.8659939	1579.219201	90.23364369	627.7190697	616.4693993	897.5659529	1590.247843	1486.613327	1565.245753	716.6346015	405.9340559	1116.592249	1218.929497	640.8219667	1139.113383	1895.692209	6085.380073	1877.647599	1569.753721	877.4175507	1067.620731	7702.570566	1104.142174	2151.885328	1116.576073	1043.917804	1697.899623	635.398293	12041.20026	876.7152623	2047.653712	1777.803924	1540.283698	1217.981147	1117.416618	747.2012082	1269.082728	14491.44784	1775.84117	1363.02803	2157.883491	699.2383214	1947.593986	10.09059304	1990.686217	459.089973	409.5850718	115.3151989	41.14769949	807.1859762	527.9946829	0	866.0625986	1273.110825	720.1764001	805.3602241	1761.954973	194.669543	1951.806375	1875.25164	1180.678172	1110.268675	1738.197182	419.2514891	162.8352053	1674.116702	257.7253763	1274.922981	1141.786311	1113.629179	833.5827343	292.0846638	1645.69619	371.8126218	149.4874185	1455.383752	1489.203799	865.638697	459.2357843	1742.718248	3136.855256	951.9943522	2166.517831	1078.675045	9.704154632	1064.260287	1760.457431	168.3510492	5695.551363	246.6803248	1825.978571	2290.607983	1927.932247	1525.665709	6424.368929
Bacillus_sp._CN2	708.9685832	1211.71282	3330.153247	6467.757633	6556.427051	3857.302992	10417.12444	9571.386271	2558.224176	62425.26173	1767.129646	1672.596587	3745.648351	64.92782453	314.2417118	356.8723107	48.00159948	65560.88888	52701.45398	598.0104687	1401.710784	988.7695144	1190.597519	726.5035089	858.702959	8522.884374	590.5067188	1097.839291	3296.008385	304.6245434	1110.813612	1921.226933	2346.120971	3171.702714	3028.629585	4044.971151	1654.306981	1171.664068	3240.19083	1846.419348	491.8934006	3424.726126	12784.08426	17537.07703	41521.34928	3988.070782	3558.807099	2886.353469	16675.7684	31183.84983	1693.054714	3753.127568	2004.652501	59340.77587	4918.108294	5166.05653	1870.213439	8951.195074	2238.119859	4593.583002	4921.813635	48483.77483	1402.100228	2071.734771	1207.624291	4001.00847	1998.272881	4931.422541	724.2250127	3458.890346	30.14272622	2726.638354	260.1363635	837.9237765	216.2624052	65.35588582	71.70727744	1.91367789	356.2109196	1497.519804	195.6446854	954.9029848	1192.040987	3315.080699	21.76555154	1670.539378	3120.725256	507.2234683	1826.661899	3392.903058	470.5408073	193.3503537	3137.557086	45.39789335	2750.389665	549.4265967	1039.426433	17.4356184	427.6836553	859.1907426	73.81632271	274.0406372	4753.135687	3525.014851	1713.056539	1312.884163	282.6316535	935.8163547	1968.138472	2761.359494	1838.99358	3.422006733	1990.609603	1496.038485	194.779664	3496.484649	461.1186205	4424.266767	2792.646746	245.1841932	4534.073961	1296.67627
Bacillus_thuringiensis	38091.36223	21202.47247	85257.50431	65865.91307	56213.32373	95784.51749	75339.19599	98977.2003	60604.93764	114257.0604	70824.96769	61418.9302	121614.5352	2998.017785	2015.479306	8024.319448	447.990178	136851.5664	92768.56693	4451.333859	45076.29659	22620.06609	29735.20195	132472.5088	35093.25577	8589.417762	12398.74178	11836.22185	78579.0145	9046.678014	48689.74531	32435.35471	101594.129	102103.6366	100736.1301	122927.479	50883.6469	34111.00335	91162.39143	66379.24407	70634.6845	35387.44931	104744.4087	16367.58042	126617.9378	93868.79512	78181.55393	93668.28426	95137.22883	119612.0303	90946.90729	91437.42652	32573.79563	106924.7251	9107.476704	88484.13491	35824.34324	99956.0369	71134.59824	72212.6355	92125.68699	106096.5529	45877.91217	92995.90817	64658.37028	106303.2502	62699.35556	114608.3585	61470.1851	79490.45947	303820.2279	98642.53031	13555.9612	29701.12633	8045.401978	4530.717704	8126.935661	710.3798136	304085.3697	197826.2182	30031.92157	37579.78614	42755.50499	82217.63696	1782.103595	51634.28739	118071.7195	13995.84941	48212.15762	85201.01288	25015.00783	13189.07433	98674.97301	4076.590247	60465.16971	19141.2942	76474.63568	1267.011552	9899.015884	81241.16598	3778.766547	6891.103601	106962.0436	108592.6583	133083.2941	218673.1762	16744.74161	21591.23131	59549.97883	126847.9368	163102.5944	92.62900721	63965.85852	105835.0023	252448.5796	96659.44739	43557.83214	97645.55105	99701.07796	15294.24289	89686.39262	41747.80733
Bacteroidaceae_uncl	0	0	0	0	0	0	0	0	0	0	0	0	0	0	0	0	0	0	0	0	1832.223798	0	0	0	0.8107759	0.934927547	2.955852279	100.5452073	0	0	0	0	0	0	0	0	0	0	0	0	0	0	0	0	0	0	0	0	0	0	0	0	0	0	0	0	0	0	0	0	0	0	0	0	0	0	0	0	0	0	0	0	0	0	0	0	0	0	0	0	0	1129.291503	0	0	0	7.687793928	0	7.308737876	87.59092409	0	0	0	0	0	0	0	0	0	0	0	0	0	0	0	0	0	0	0	3.915056336	0	0	0	0	0	0	0	0	0	0	0	0	0
Bacteroidales_uncl	0	87.37190506	0	107.1708096	22.00006323	0	0	57.42139685	0	95.94834822	15.15770914	0	0	1078.395383	10.32770526	1220.047347	1346.087609	59.34853224	488.4491448	13394.76985	1132.230298	347.2547829	204.6236815	0	697.9952505	562.1145002	90.69450072	204.4123764	312.2985442	757.764942	633.9255614	947.3290643	3.252400184	168.401674	339.0672459	0	354.3029863	0	0	184.1632371	2369.24955	520.8738118	59.45089813	13.25295775	0	0	73.01215552	0	0	0	616.3108093	0	1.127219196	0	1376.698254	0	2052.502447	0	561.0912075	0	0	0	0.612592016	42.22514508	0	0	10.72344635	0	1008.420016	299.599441	0	0	4839.27294	300.6508025	614.3149349	858.3703983	1507.110745	832.1061322	0	0	440.1325927	931.8147073	2189.337417	37.92024236	1232.959809	397.5486059	6.059125816	281.3808823	9.769611439	0	2506.938344	322.264317	83.21846623	973.496538	2.355323115	1508.45046	462.0875803	584.6839808	79.46339562	3353.986402	348.2422179	1260.670023	0	0	0	0	549.768404	1244.748713	119.145508	0	0	65.07888141	547.0225241	0.557177971	0	0	140.1349674	0	0	98.93863534	0	285.0401635
Bacteroides_caecigallinarum	0	0	0	0	0	0	0	0	0	0	0	0	0	0	0	33.34046803	0	0	0	0	0	0	0	0	0	0	0	0	0	0	0	0	0	0	0	0	0	0	0	0	0	0	0	0	0	0	0	0	0	0	0	0	0	0	9.707994448	0	0	0	0	0	0	0	0	0	0	0	0	0	0	0	0	0	0	0	0	0	0	0	0	0	0	0	0	0	0	0	0	0	0	0	0	0	0	0	0	0	0	0	0	0	0	0	0	0	0	0	0	0	0	0	0	0	0	0	0	0	0	0	0	0	0	0
Bacteroides_fragilis	0	0	0	0	0	0	0	0	0	0	0	0	0	0	0	0	0	0	0	0	1029.590406	0	0	0	0	0	4.115000466	21.52474763	0	0	0	0	0	0	0	0	0	0	0	0	0	0	0	0	0	0	0	0	0	0	0	0	0	0	0	0	0	0	0	0	0	0	0	0	0	0	0	0	0	0	0	0	0	0	0	0	0	0	0	0	0	0	0	0	0	0	0	0	0	0	0	0	0	0	0	0	0	0	0	0	0	0	0	0	0	0	0	0	0	0	0	0	0	0	0	0	0	0	0	0	0	0
Bacteroides_sp._OF04-15BH	0	0	0	0	0	0	0	0	0	0	0	0	0	0	0	0	0	0	0	0	0	0	0	0	10.18263655	0	6.154032918	16.10387813	0	0	0	0	0	0	4.673716917	0	0	0	0	0	0	0	0	0	0	0	0	0	0	0	0	0	0	0	0	0	0	0	0	0	0	0	0	0	0	0	0	0	0	0	0	0	0	0	0	0	0	0	0	0	0	0	0	0	0	0	0	0	0	0	0	0	0	0	0	0	0	0	0	0	0	0	0	0	0	0	0	0	0	0	0	0	0	0	0	0	0	0	0	0	0	0
Bacteroides_uncl	407.3480315	472.1525885	1346.022604	1451.330998	1306.087648	1152.92955	1934.118429	1079.664169	1307.062214	767.6121128	6262.001445	609.0222117	831.3160365	21.44617825	17.95836676	120.4796465	0	1287.912507	1102.347225	363.3233624	41822.72002	533.2567258	4041.951825	377.3268464	3037.30731	127.4189755	562.8221035	6504.642108	1664.367693	339.3791301	2024.947029	898.4760544	1014.596554	4176.796522	1056.96863	858.6800662	512.8807487	426.815487	575.1970236	1748.622022	7596.070946	863.8270826	4609.388983	58.23012604	2950.298098	868.8321703	710.5252011	1814.949391	1492.200377	427.9391503	5000.496793	633.5805881	711.2004878	1022.405257	267.0089177	719.2025153	549.4506914	786.0513822	4270.672899	991.3028615	1726.274527	1182.34377	1477.03922	1790.377889	1644.892905	1680.186557	2482.116281	1348.966719	1366.989811	1848.33573	0	2646.743133	875.2933735	1536.095164	210.0926389	425.2207901	711.9685321	29.33392212	28.47296634	370.0890582	4762.021246	11561.69924	2564.772298	1809.802494	143.3563281	980.7835129	4648.434588	320.8533941	1490.744666	1679.222028	1527.525961	1160.214516	1008.845904	417.9590515	1252.224539	624.9726203	4307.428546	53.02645773	164.7025685	6868.162392	101.1673954	203.7785045	1175.630883	206.7109211	916.1883887	242.32141	1637.467301	851.6746176	1594.802982	2347.039202	964.9406237	0.343891139	2011.991111	7248.13318	75.88160951	1394.856361	2608.066053	1463.127933	1372.834704	1935.784998	757.8287047	1132.970896
Bacteroides_zoogleoformans	0	0	0	0	10.56380546	0	0	0	0	0	0	0	0	0	0	0	0	0	12.55250107	0	0	0	0	0	0	413.4493819	0	0	0	0	0	0	0	0	0	0	0	0	0	0	0	45.4785228	0	0	0	0	0	0	0	0	0	0	0	0	0	0	0	0	0	0	0	0	0	0	0	0	0	0	0	0	0	0	0	0	0	0	0	0	0	0	0	1433.195829	0	0	0	0	0	0	0.368172797	0	0	0	0	0	0	0	0	0.395719135	0	0	0	0	0	0	0	0	0	0	0	0	0	0	0	0	0	0	0	0	0	0	0	0
Bacteroidota_uncl	0	1.62193985	0	0.200573463	2.278632497	0	0	0	0	0	0	0	0	215.0951216	11.18399683	295.6286543	96.60539668	0	0	1265.53522	24.93136109	0.676071367	298.297898	0	0	19.49017473	0	1.21774012	0	36.21397128	117.7253144	14.19282167	0	28.86011548	0	0	0	0	0	0.959770395	372.3919482	3.298886169	20.45500125	23.54770638	0	0	0	0	0	0	0	0	0	0	139.948613	0	193.7221179	0	0	0	0	0	0	0	0	0	0	0	0	0	0	0	5.726996336	7.543864858	86.32292278	28.23683766	89.65451378	130.874655	0	0	4.284870065	22.5295456	80.99075986	181.181605	167.3913025	32.83092521	0	73.89971188	2.669581158	0	3.289531871	35.87393151	0	81.69565731	0	73.85731404	0	376.4918525	21.70728774	2.679145569	69.97617959	22.11773082	0	0	0	0	5.276117502	2.428068566	0	0	0	17.9118594	0	0	0	0	0	4.091429759	0	8.342823602	0	28.65835557
Bergeyella_cardium	0	0	0	0	0	0	0	0	0	0	0	0	0	0	0	0	0	0	0	0	0	0	0	0	0	0	0	0	0	0	0	0	0	0	0	0	86.33293823	0	0	0	0	0	0	0	0	0	0	0	0	0	19.59717291	0	0	0	0	0	0	0	0	0	0	0	0	0	0	0	0	0	0	0	0	0	0	0	0	0	0	0	0	0	0	0	0	0	0	0	0	0	0	0	0	0	0	0	0	0	0	0	0	0	0	0	0	0	0	0	0	0	0	0	0	0	0	0	0	0	0	0	0	0	0	0
Betaproteobacteria_uncl	0	0	0	0	0	0	0	0	0	0	0	0	0	0	1.052685474	22.35734955	0	0	0	0	0	0	0	0	0	0	0	0.476062832	0	0	0	3.282368026	0	0	0	0	0	0	0	2.085177099	299.4340233	0	47.72310647	0	0	0	0	0	0	0	0	0	0	0	0	0	0	0	0	0	0	0	0	0	0	0	0	0	0	0	0	0	0	0	0	0	0	0	0	0	0	0	0	0	0	14.55976592	0	0	0	0	20.64782609	0	0	0	0	0	0	0	0	0	0.227193247	0	0	0	0	0	0	0	0	0	0	0	0	0	0	0	179.9359604	0	0	0	0	0
Bifidobacteriaceae_uncl	0	0	0	0	0	0	0	0	0.674521005	0	0	0	0	0	0	0	3899.935931	0	0	0	0	0	0	0	83.04344757	0	296.1126456	0.048642047	0	0	9342.98263	0	0	0	367.9466343	0	0	0	0	182.4953134	0	0	0	0	0	0	0	0	0	0	0	0	0	0	0	0	0	0	0	0	0	0	0	0	0	0	0	0	0	0.585302324	0	0	0	0	0	0	0	8735.413629	0	0	0	0	0	0	0	110.6387665	0	286.2849712	0.042208178	0	0	32906.84364	0	0	0	1013.106384	0	0	0	0	112.6883184	0	0	0	0	0	0	0	0	0	0	0	0	0	0	0	0	0	0	0	0	0
Bulleidia_extructa	0	45.27935919	0	0	58.68896814	0	0	0	0	0	0	0	0	17.90959013	0	0	0	0	0	1175.203759	215.42607	1994.751311	0	0	0	4.537903921	0	0	0	0	11.53369648	0	0	0	0	0	80.32482473	0	0	1.676638546	161.7016255	48.78203062	1.883605613	0.594414756	0	0	0	0	0	0	0	0	0	0	0	0	0	0	0	1.821889728	0	0	0	0	0	0	0	0	0	0	0	0	0	112.3691574	0	1202.370731	7.074344562	1515.542094	0	0	0	318.7471031	16.46504259	0	1.418832759	747.9661823	0	1032.442018	167.8575789	0	59.74224318	908.255144	0	123.0640035	0	333.1626722	0	1219.031256	463.4590198	0	1473.128734	0	0	0	0	0	0	0	0.132105831	0	0	1.039153312	1.559867301	0	0	0	0	0	0	0	0	0
Campylobacter_concisus	0	0	0	0	0	0	0	0	0	0	0	0	0	0	0	0	0	0	0	0	0	0	0	0	0	0	0	0	0	0	0	0	0	0	0	0	0	0	0	0	0	0	0	0	0	0	0	0	0	0	0	0	0	0	0	161.7279193	20.04726663	0	0	0	0	0	0	0	0	0	0	0	0	0	0	0	0	0	0	0	0	0	0	0	0	0	0	0	0	0	0	0	0	0	0	0	0	0	0	0	0	0	0	0	0	0	0	0	0	0	0	0	0	0	0	0	0	0	0	0	0	0	0	0	0	0
Campylobacter_rectus	0	1.10970657	0	6.745058114	0	0	0	0	0	0	0	0	0	0	0	1.318804003	0	0	0	0	11.21208069	11.71223418	1.163275819	0	0	52.72583299	0	0.155118255	0	0	6.268110832	9.982117653	0	29.41008957	0	0	0.959223868	0	0	0	0	21.00234088	0	0	0	0	0	0	0	0	0	0	0	44.02939203	0	0	3.751789519	0	0	0	0	0	0.940925189	19.14162989	0	0	0	0	0	6.039712917	0	0	0	24.94353816	5.12716588	0	0	0	0	0	0	0	0	0	9.333503856	6.964729601	0	1.252177072	0	0	35.32094148	0	5.430683126	0	0	34.2632168	0	29.07923706	3.203277499	0	57.51949605	1.991810702	0	0	0	0	0	10.70443724	8.937758063	0	0	0.337445194	0	0	0	0	0	0	0	0.481739885	0	0.631801849
Candidatus_Cryptobacteroides_sp.	0	0	0	0	0	0	0	0	0	0	0	0	0	0	0	0	0	0	0	0	37.91452242	0	0	0	0	0	0	0	5.740449892	0	0	0	0	0	0	0	0	0	0	0	0	0	0	0	0	0	0	0	0	0	0	0	0	0	0	0	0	0	0	0	0	0	0	0	0	0	0	0	0	0	0	0	0	0	0	0	0	0	0	0	0	0	0	0	0	0	0	0	0	0	0	0	0	164.1595612	0	0	0	93.42476991	0	0	0	0	0	0	0	0	0	0	0	0	0	0	0	0	0	0	0	0	0	0	0	0
Capnocytophaga_gingivalis	0	4.611880751	0	87.96869049	17.82752496	0	0	0	0	165.8513726	3.99601725	0	0	0.51738235	4.828392695	20.97198038	0	452.8695237	0	11.32525144	51.45241311	3.68042524	0	1.106292892	0.251246416	25.96484516	1.662299143	1.469583319	696.5052577	22.50277877	30.71212172	3.242980195	114.6471065	0	0.444192899	0	75.60264484	0.45680487	12.59990078	323.6477723	90.35910938	27.4687712	3668.107461	97.81931536	18.96986155	2.998196223	12.05349123	45.44491958	16.29720788	23.62733037	0	5.322045291	11.83959861	191.5403894	2.30583892	0	1.089728196	0	0	0	10.8773335	39.72675988	0	0	2170.856721	4.959171472	0	0	0	0	0	0	0	0	0	0	0	0	0	0	0	0	429.4993604	0	0	11.43335742	0	0	0	0	0	0	10.12405271	0	0	0	0	0	11.74190305	0	218.0429216	0	0	0	0	0	0	0	0	0	0	0	12.99412401	0	0	0	0	8.864863249	0	0	5.113896773	0
Capnocytophaga_leadbetteri	0	0	0	0	1.357258362	0	0	0	0	0	0	0	0	0	0	5.120892256	0	0	21.45766643	0	7.497285236	0	0	0	0	62.08764481	0	0	0	0	0	98.63851705	0	0	0	0	4.461108377	0	0	0	7103.16131	6.07357705	0	0	0	0	0	0	0	0	0	0	0	0	0	0	0.439907628	0	0	0	0	0	0	0	2092.516562	0	0	0	0	0	0	0	9.7147112	0	0	0	0	0	0	0	0	0	25.3034169	0	0	0	0	0	0	0	5.214599537	0	0	0	0	0	0	0	116.3083016	0	271.4218907	0	0	0	0	0	0	0	0	0	0	0	933.2950076	0	0	0	130.549138	0	0	0	184.4161167	0
Capnocytophaga_sp.	0	0	0	0	0	0	0	0	0	0	0	0	0	0	0	2.164279907	0	0	0	0	0	0	0	0	0	0	0	0	0	0	0	0	0	0	0	0	0	0	0	0	991.9906243	0	1.370575765	0	0	0	0	0	0	0	0	0	0	0	0	0	0	0	0	0	0	0	0	0	0	0	0	0	0	0	0	0	0	0	0	0	0	0	0	0	0	0	0	0	0	0	0	0	0	0	0	0	0	0	0	0	0	0	1.352872503	0	18.30869662	0	0	0	0	0	0	0	0	0	0	0	0	0	0	0	0	0	0	0	229.1618435	0
Capnocytophaga_sp._FDAARGOS_737	0	0	0	0	0	0	0	0	0	0	0	0	0	0	0.274213524	5.095442122	0	0	0	0	0	0	0	0	0	0.600024144	0	0	0	0	0	21.76465953	0	0	0	0	0	0	0	0.222285335	271.5345378	0.407038375	0	0	0	0	0	0	0	0	0	0	0	0	0	0	0	0	0	0	0	0	0	0	25.5172669	0	0	0	0	0	0	0	4.848783016	0	0	0	0	0	0	0	0	0	0	0	0	0	0	0	0	0	0	0	0	0	0	0	0	0	2.027349049	0	76.67981317	0	0	0	0	0	0	0	0	0	0	0	1.206584635	0	0	0	893.4383604	0	0	0	0	0
Capnocytophaga_sp._oral_taxon_878	0	0	33.94126811	3.00625606	0	0	4.152547124	0	30.00919995	0	0	5.280829133	0	0	0	0	0	3.066751257	0	0	1.590017291	0	0	0	0	0.334516385	0	0	0	0	0	0	0	0	26.22741619	50.07173653	0.570031672	0	84.32131778	0	0	0	0	0	0	0	0	0	0	44.0367871	0	0	0	0	0	0	1.286279615	92.70319587	0	0	0	0	0	0	8254.313558	0	0	48.28330519	0	1.266769607	0	0	0	0	0	0	0	0	0	0	0	0	25.41904865	0	0	1.16968465	0	0	0.274053435	7.986188685	0	0	5.532439571	0	0	0.477219772	0	0	0	4.51224517	0	0.15439047	34.4119059	0	0	44.836702	0	0	0	0	0	0	0	0	0	0	0	0.585376132	0	0	0	0
Capnocytophaga_sputigena	0	0.336379804	0	0	87.5338408	0	0	0	0	0	0	0	0	0	1.263885104	19.54457594	0	0	0.871617502	0	0	0.844094753	0	0	0	57.39088909	0	0	0	0	0	27.49879674	0	0	0	0	63.98599134	0	0	129.1821042	2401.412359	2.358923607	0	74.95133699	0	0	164.5722324	0	0	0	0	0	0	9.46369541	0	0	2.493403561	0	0	0	0	0	0	0	12.55739317	0	12.59045942	0	0	0	0	0	26.73103405	0	0	0	8.54582618	0	0	0	0	0	159.0279782	0	0	0	0	0.261667242	0	0	30.79252027	2.16098362	0	40.54799031	0	0	0	23.61620177	0.177209646	0	2451.985284	0	0	0	0	0	0	0	2.729747344	0	0	0.356842441	0	0	0	0	2.962013995	0	0	0	0	0
Capnocytophaga_uncl	0	84.89678195	0	0	171.5841957	0	0	0	0	0	0	0.98490905	0	0	22.61751598	164.8020538	0	378.7901999	171.1987061	0	73.20472668	44.43087159	43.07274392	0	0	923.7280856	0	0.457300842	688.6691726	0	1.290379905	862.6152179	0	0	0	0	232.0492356	0	0	300.3847265	45741.71995	447.3582885	5876.537584	191.56432	0	0	90.00409969	0	0	0	87.77584751	0	0	0	4.606802921	0	68.85961194	0	0	101.5550324	367.0102089	0	0	0	36572.36541	0	0	0	7123.715898	0	0	0	218.4637498	0	0.277495199	0	0	5.587837309	0	0	0	0	2136.457025	0	0	12.40901997	0	0.086899053	18.61360107	0	106.1221192	52.52267273	93.77084582	18.76982242	57.51106509	0.373842976	0	2.407178496	930.343652	38.26731	5015.569987	0	0	0	0	0	0	0	0	0	2536.86691	0.240196146	10061.1685	0	0	0	2676.228566	38.47794679	0	0	17209.65472	4.566894613
Chryseobacterium_cucumeris	0	7.540262913	0	0	0	0	0	0	0	0	0	0	0	0	0	0	0	0	0	0	0	0	0	0	0	0	0	0	0	0	0	0	0	0	0	0	216.5797053	0	0	0	0	0	0	0	0	0	0	0	0	0	0	0	0	0	0	0	0	0	0	0	0	0	0	0	0	0	0	0	0	0	0	0	0	0	0	0	0	0	0	0	0	0	0	0	0	0	0	0	0	0	0	0	0	0	0	0	0	0	0	0	0	0	0	0	0	0	0	0	0	0	0	0	0	0	0	0	0	0	0	0	0	0
Chryseobacterium_gambrini	0	0.427071924	0	5.309680553	10.51875231	0	9.860520826	14.40712685	28.69489793	0	0	2.849933486	0	0	0	2.718982103	0	4.413467094	0	0	1.716186382	13.58868903	4.47688115	0	706.1879395	0.722121032	56.98064894	0	2.720113993	0	14.59046422	11.66209147	0	12.12697368	0	81.06745079	7.69080153	78.88923658	0	6.863786294	9.748169441	1.469595719	35.12579295	0	128.0624404	0	28.14555615	0	0	0	0	160.0259239	0	58.09633755	0	22.39982251	3.609701909	54.19876882	52.92309612	11.29611181	0	29.5973628	3.621162043	16.57502902	2.09384246	0	1.353625033	0	0	23.24390868	0	0	1.250452608	0	1.399902589	0	0	0	0	0	144.4607817	24.70128895	26.82637921	44.18420457	0	4.273077002	24.62715024	5.381237554	3.475647476	2.873299626	5.158174655	0	48.51797349	0	25.07906592	1.545262581	6.894907579	0	3.852453891	0	0.712240929	0.249962209	0	0	3.473766094	0	1.043015422	0	9.701737891	0	0	0.649330969	55.18012185	7.971815021	0	16.04314978	0	2.527304706	0	12.05088179	78.62212802	1.823622829
Chryseobacterium_uncl	0	0	0	0	0	0	0	0	0	0	0	0	0	0	0	0	0	0	0	0	0	0	0	0	0	0	0	0	0	0	0	0	0	0	0	0	121.2817387	0	0	0	0	0	0	0	0	0	0	0	0	0	0	0	0	0	0	0	0	0	0	0	0	0	0	0	0	0	0	0	0	0	0	0	0	0	0	0	0	0	0	0	0	0	0	0	0	0	0	0	0	0	0	0	0	0	0	0	0	0	0	0	0.656405975	0	0	0	0	0	0	0	0	0	0	0	0	0	0	0	180.9919096	0	0	0	0	0
Clostridia_uncl	0	0	0	0	0	0	0	0	0	0	0	0	0	0	0	0	0	0	0	0	0	0	0	0	0	0	0	0	0	0	14.96925106	6.928178362	0	0	0	0	0	0	0	0	0	0	0	0	0	0	0	0	0	0	0	0	0	0	0	0	0	0	0	0	0	0	0	0	0	0	0	0	0	0	0	0	0	0	0	0	0	0	0	0	0	0	0	0	2.467810337	13.2641256	0	18.30871846	2.204965485	0	0.583686107	27.15338288	0	0	0	4.458879973	0	2.293489263	0	0	2.466219154	0	0	0	0	0	0	0	12.51270228	0	0	0	0	0	0	0	0	0	0	0	0	0
Clostridium_sp.	0.507191636	0	0	3.176071054	15.4566792	0	4.454606937	0	2.880724359	0	317.3609976	2.360400475	0	556.7421467	0	9.007770434	269.3969198	0	0	484.0090665	0.812226906	188.3080076	592.3350081	0	11.21187322	0	1.065650287	0.741648296	1.501920049	126.3664957	66.38287104	0	0	1.673987281	0	0	27.51733177	1.761575431	10.05054691	1.015141764	29.60366418	0.304290824	30.70847163	0	0	0	21.36841172	0	0	19.68335854	12.1981724	6.79683459	469.7161957	3.007320685	382.7190119	0	1.609818804	0	4.670675919	0	0	14.00767112	76.10356116	43.92939729	8.092854873	7.859120137	27.2804137	26.97680933	2323.665182	62.00051999	0	46.05417341	1.553493588	73.82733764	0.938595381	49.99872728	193.7160305	0	0	0	246.5448315	0.929924959	25.75316012	0	122.1879431	37.96479073	28.55572327	14.36852149	32.39996225	4.759506028	2.513032418	8.52737657	54.09390306	192.1053609	54.76052949	264.9254025	251.2650562	2.764862112	0.797679493	148.2393853	0.29494966	0.690087352	12.6669314	12.67708324	0	43.72560171	39.44945533	235.7928393	64.28216473	23.47820313	11.34605932	8.066931049	22.85091678	15.40582524	0	39.86225492	101.2261093	1.046594817	37.44614869	97.50573583	60.23341634	2.517298628
Corynebacterium_uncl	356.2440721	0	0	0	0	0	0	0	0	0	0	0	0	0	0	0	0	0	0	0	0	0	0	0	0	0	0	0	0	0	0	0	0	0	0	0	0	0	0	0	0	0	0	0	0	0	0	0	0	0	0	0	0	0	0	0	0	0	0	0	0	0	0	0	0	0	0	0	0	0	0	0	0	0	0	0	0	0	0	0	0	0	0	0	0	0	0	0	0	0	0	0	0	0	0	0	0	0	0	0	0	0	0	0	0	0	0	0	0	0	0	0	0	0	0	0	0	0	0	0	0	0
Dialister_invisus	0	0	0	0	0	0	0	0	0	0	0	0	0	0	0	0	0	0	0.267199746	0	0	0	0	0	3.442939402	0	23.82192178	0	0	0	0	0	0	0	0	0	0	0	0	0	0	0	0	0	0	0	0	0	0	0	0	0	0	0	0	0	0	0	0	0	0	0	0	0	0	0	0	0	0	0	0	0	0	0	0	0	0	4.023135507	0	0	0	0	0	0	0	3.646934644	0	25.15564798	5.199512363	0	0	0	0	0	0	0.411550481	0	0	0	0	0	0	0	0	0	0	0	0	0	0	0	0	0	0	0	0	0	0	0	0	0	0
Dialister_micraerophilus	0	121.6970682	0	0	0	0	0	0	0	0	0	0	0	0	0	0	2.184707388	0	0	0	34.17171212	3.24078314	0	0	81.34767829	0	297.5577168	0.703521364	37.3266646	8.344928561	1.446237802	11.37075921	0	8.633486641	2.693791441	0	1.907112775	3.37884986	0	123.4214216	0	0	0	0	0	0	0	0	0	0	0	0	0	57.08101228	0	0	0	0	0	0	0	0	0	0	0	0	0	0	0	0	0	0	6.441112202	0	0	0	0	786.433698	0	0	0	25.25642273	0	0	0	340.166824	0	1647.815945	23.97604127	0	572.7166457	144.2868534	1.621892729	23.57250166	0	141.1659731	0	42.75440453	0	3.195951165	22.49560963	0	0	0	0	0	0	1.438855446	1.635217396	0	0	0	0	0	0	0	0	0	0	0	0	0
Dialister_pneumosintes	0	0	0	0	0	0	0	0	0	0	0	0	0	14.23400864	0	3.757457294	0	0	142.8182604	22.32784882	8.289419416	1.164999894	0	0	0	7.770213328	0	6.058942745	0	0	0	4.521275556	0	0	0	0	18.72241221	0	0	0	0	0	0	0	0	0	0	0	0	0	0	0	0	0	0	0	0	0	0	0	0	0	0	0	0	0	0	0	0	0	0	0	0	0	0	0	0	0	0	0	0	4.933318227	0	0	10.14598568	10.2409791	0	12.01317432	0	0	0	17.51161581	0	0	0	19.91617351	0	12.54367459	0.42317466	0	0	0	0	0	0	0	0	0	73.12835144	0	0	0	0	0	0	0	0	0	0	0	0	0
Eikenella_uncl	0	0	0	0	0	0	0	0	0	0	0	0	0	0	0	0.500680972	0	0	0	0	0	0	0	0	0	0	0	0	0	0	0	0	0	0	0	0	0	0	0	0	7.479396644	0	0	0	0	0	0	0	0	0	0	0	0	0	0	0	0	0	0	0	0	0	0	0	0	0	3.427329137	0	0	0	0	0	4.749150489	0	0	0	0	0	0	0	37.78609732	0	0	0	1.771721867	0	0	0	0	0	0	0	0	0	0	13.51607632	0	0	0	186.652702	53.3141162	0	0	0	0	0	0.240079722	0	0	0	0	0	1.504098655	0	0	0	0	0	0	336.703184	0	0
Elizabethkingia_uncl	0	0	0	0	0	0	0	0	0	0	0	0	0	0	0	0	0	0	0	0	0	0	0	0	0	0	0	0	0	0	0	0	0	0	0	0	97.41273081	0	0	0	0	0	0	0	0	0	0	0	0	0	0	0	0	0	0	0	0	0	0	0	0	0	0	0	0	0	0.321794247	0	0	0	0	0	0	0	0	0	0	0	0	0	0	0	0	0	0	0	0	0	0	0	0	0	0	0	0	0	0	0	0	0	0.355570825	0	0	0	0	0	2.975444637	0	0	0	0	0	0	0	0	0	0	0	0	0	0	0
Enterobacterales_uncl	0.358025489	0	0	0	0.252014318	0	0	0	1157.864082	0	0.66673943	23.4313173	286.9781957	0.03769923	1.534276673	152.8826628	3.121709006	489.5453195	0	67.48359726	30368.16502	2.072942263	23.66827265	235.7206888	0.128638742	0	0	3.156542882	4.89175512	11.22419487	1.596812392	0	1.494143995	83.95011203	0	31.23150989	0	1.171528063	0	6.503201487	0	2.57597911	0	1.964511269	0	1.583441619	0	0	0.876208094	31.57961692	1889.745511	0.50516886	581.9129619	0	21.69575472	1398.652152	591.7699099	0	1119.42872	25.89964012	0.257827348	0	1.123843854	0	0.531062616	0	3.170094091	1.797111826	0	24.53853891	1.833262933	3.221867199	0.434718477	693.3123842	0	4.593365066	453.436916	0	1.746216848	0	0	34315.82727	0	8.228859604	9637.100765	0.018288498	0	0	0.718602326	0	0	52.07904097	0.259495696	0.206717626	0.535557365	1.881830767	2165.410389	0	0.09519544	0	19.62649918	0	1155.910638	1.677886108	0	2.427387259	12.48191246	16.43838659	0	0.690550555	1.501717308	2409.313154	0	1.037941099	0	1.866093041	609.9728885	325.2130824	31.53483843	0	0	0.083847335
Enterobacteriaceae_uncl	42.97520962	6.396698461	83.31901641	43.42350498	144.9581333	7.906825083	38.90876269	462.281199	81.20497062	130.2568209	2389.201288	10.62961312	2984.059517	2481.116569	16.59669886	8298.971948	1333.203947	7728.212239	2968.365588	10590.57825	138.4313171	372.0984558	1371.808714	4584.311331	889.5584035	33.35387142	19.94790742	152.8562447	46.49291073	3405.354187	52.22775424	14.68672347	568.5113067	1921.509645	38.62041305	2324.86998	26.09342323	126.5823062	353.9413678	21.78334231	834.9244456	353.6935622	278.6901485	167.8482722	281.7029428	44.92181248	522.7832414	55.80494038	1626.26823	242.3134212	38146.47578	514.1019749	65977.87779	245.547776	2957.543155	14033.54953	90.73672505	103.1604243	920.8191746	39.14976285	201.0032842	549.552629	294.0229092	10.8661091	51.90814802	67.1097049	242.4701339	66.33283085	9531.049189	889.8372746	423.062789	188.4248867	30.29153027	2542.024777	19.95056267	7161.815012	10638.00918	22.64194042	31.83940228	1168.547293	2015.226021	5794.098847	65.46739322	73.61936779	9311.16444	6.073075403	310.6061382	8.274269637	29.69860648	57.20231662	126.7362676	139.9957557	36.12547744	497.7650817	23.96805975	557.0584001	1150.07288	1.606011409	9.103800745	380.1321753	24.37367972	4.22058721	1865.103418	874.1986916	337.2984665	199.2429409	351.1282426	1260.079507	33.26569303	253.7786137	335.0722527	20962.98206	455.3311806	427.7984494	5480.297109	331.0911864	14938.72439	447.1539342	1637.245436	1034.992362	56.16518243	28.55979529
Enterococcus_faecalis	0	9.456694127	8.450020369	12.51932167	2.817553185	31.63015026	9.92465672	13.29243234	49.13872866	24.58188198	0	13.14715572	0	0	0.685077547	2.006889286	0	98.74581857	3.085467945	0	5.428811118	14.67783561	4.130500162	0	9.714262126	3.497811298	2.035045022	1.65235785	40.99104673	0	26.38470602	3.79757055	0	31.70130822	39.17747569	0	10.78554935	17.48279014	44.78430056	25.10474296	6.995289274	14.4063478	27.00672794	1.695054612	59.07705756	0	6.491976242	67.63244902	55.30972472	43.85360579	54.92010627	0	0	24.56729138	0	0	8.197945817	153.8626254	25.61488823	34.39299535	0	23.40632899	5.846730644	53.35418797	30.90943478	20.42804577	7.493361874	36.06184462	0	16.08412733	0	14.96345561	1.153703779	0	0.922564756	5.56974175	0	0	0	0	0	32.11335702	21.93820388	20.38281317	0	7.705726176	0	8.151304657	7.778033204	13.25494711	1.119783829	3.37071895	14.80658263	5.219534073	32.15373943	0	43.25780119	0.87999771	5.198288786	19.09727058	1.511408434	4.843069783	2.015809502	141.2197543	294.8597396	69.00484412	27.58639846	11.53837575	21.97089228	0	189.5886867	0	203.9780512	8.580865226	0	9.867916312	0	29.72999727	27.8094249	21.38171621	39.89647836	15.56337678
Escherichia_coli	3006.932631	1455.117584	5199.549053	4911.724275	2739.148805	3795.538828	3382.486423	2514.148636	9192.962503	3647.034246	6496.436608	2633.192563	4102.764521	784.8534334	380.9778836	911.7901375	177.0997341	7896.812405	1373.40816	910.3640213	1794.625863	1589.097395	2863.857872	1736.039204	10334.9081	404.8554024	4299.496485	623.9373776	6122.19032	545.7311831	2564.185632	3071.055393	10811.28452	6323.243021	3898.194726	2127.553171	1164.585101	3555.110525	12783.4291	3669.939268	6370.956524	1752.527468	15079.45918	295.6077495	6159.899267	2704.361626	2755.993445	9753.341247	2625.721968	14046.31394	23835.47844	15357.92709	3135.479421	6044.846439	442.8449234	3425.152545	2520.190623	7350.601605	14144.15893	7175.981275	3834.543122	5847.238695	1087.484762	7490.303062	15261.20468	5885.847782	3200.043776	6356.363334	3027.322386	2512.037125	922.0872896	5245.079714	1545.240603	1363.449606	443.331241	1885.865249	1339.342771	24.84715344	1.670797016	2865.069024	1302.554569	2889.106728	3667.202382	3718.852418	792.1520896	2131.915249	4528.414659	1088.786067	3133.057256	2669.167463	2014.704095	2001.708051	3990.443675	221.7086647	3687.184327	1252.813132	5250.593372	149.6645009	700.9140619	6790.243787	311.4699593	678.9066663	3756.029924	33328.83926	19487.54384	3357.037816	1277.730657	1870.845714	3370.248058	10020.35782	10202.76148	2943.439507	18271.33726	3623.895237	680.7670384	8704.330018	7672.80703	5947.035259	3776.111996	1897.668466	5012.651743	5099.688631
Escherichia_uncl	0	0	0	0	1.537154815	0	11.26082584	9.145088335	0	3.480951579	0	0	299.1420644	0	166.681025	465.306288	0	42.80340164	17.26356266	0.356731412	0.503738688	0.567218313	0.152840204	63.13734001	0	0	0.013090092	5.68329781	0	0	0	0	0	0	0	0	0	5.132404009	4.837412767	0	0	2.848706616	3.185926138	0	0.717032609	0.056663683	0.059947905	0	0	0	5165.373406	0.029583149	0.834387293	1.22903257	1.307359329	552.0088157	0	0	0.037770333	0	0	0	0	0	0	0	0	0	0	0	0	0	0	5.039392902	0	0	58.96959586	0	0	0	0	0	0	0	4.147216247	0	0	0	0	0	0	0	0	0	0	0	0	0	0	0	0	0	0	0	0	3.713126629	0	0	0	0	0	994.1958779	0	25.55730974	0	0	113.8106759	0	0	0	0	0
Faecalibaculum_rodentium	358.2611966	40.31605347	258.5796004	264.039454	51.49325749	267.6721729	742.8058732	227.25675	702.3492438	265.4265711	564.2087306	93.04842298	81.607601	6.38355327	3.383141474	11.69351927	0	1798.806375	88.2839401	105.6084371	80.99920668	105.8881938	58.48656371	701.5089426	674.8353363	36.26138048	160.6673222	46.98155876	368.2191904	0	144.9057031	149.5323763	172.4382468	335.5092639	57.3069891	287.0778993	40.09914961	187.7253969	345.553135	99.93406321	122.8838957	32.12607076	161.3890502	8.686480302	371.6580499	165.4964881	262.3214426	384.4434986	194.8165831	869.8249853	600.9904855	729.7810871	112.1854789	422.30141	40.34742314	95.25568286	136.1680099	425.8707695	402.1555918	443.6069592	218.8565368	107.1844646	46.88635761	568.8059945	306.6017455	209.1191477	194.4031883	496.6882577	176.9090365	135.5483318	762.3258089	333.6714546	19.72452931	46.67742336	8.453938867	9.841623742	107.3575331	0	0	107.2560436	229.5087444	206.9083629	84.82361222	194.9365744	67.728843	84.40466446	179.2105992	22.63455951	112.3391017	128.1203184	51.99857391	70.0067804	163.0928642	4.611406845	238.6343827	114.2282872	63.5882869	10.59116392	74.37040363	277.0017728	9.930713767	65.47967916	410.5476963	1107.589107	1297.900521	132.5702583	210.220232	16.13109925	369.7801835	176.8988192	1144.126485	0.255901935	584.04743	351.9021692	0	259.765113	6.029518086	226.0047925	74.51982014	381.9716163	292.473494	43.70948198
Fannyhessea_vaginae	0	0	0	0	0	0	0	0	0	0	0	0	0	0	0	0	0	0	0	0	0	0	0	0.62289521	4.055290221	0	13.25933445	0	11.37728714	0	0	0	0	192.9211784	0	0	2.46995271	0	0	353.8283652	0	0	0	0	0	0	0	0	0	0	0	0	0	0	0	0	0	0	0	0	0	0	0	0	0	0	0	0	0	0	0	0	0	0	0	0	0	0	0	0	0	0	0	0	0	50.89545265	0	471.9524317	14.68842577	0	0	0	0	0	0	0	0	2.782904917	0	0	0	0	0	0	0	0	0	0	0	0	0	0	0	0	0	0	0	0	0	0	0	0
Finegoldia_uncl	0	0	0	0	0	0	0	0	0	0	0	0	0	8.806047503	0	5.933606919	0	0	0	0	31.5857265	0	0	0	0	0	0	0	0	0	42.59833728	198.4898446	0	0	0	0	0	0	0	0	0	0	0	0	0	0	0	0	0	0	0	0	0	0	0	0	0	0	0	0	0	0	0	0	0	0	0	0	0	0	0	0	0	0	1.653134819	0	0	0	0	0	0	1.670621002	0	0	0	0	0	0	0	0	0	0	0	0	0	0	0	0	0	0	0	0	0	0	0	0	0	0	0	0	0	0	0	0	0	0	0	0	0	0	0	0
Flavobacteriales_uncl	0	0	0	0	0	0	0	0	0	0	0	0	0	0	0	0	0	0	0	0	0	0	0	0	0	0	0	0	0	0	0	0	0	0	0	0	92.52647133	0	0	0	0	0	0	0	0	0	0	0	0	0	0	0	0	0	0	0	0	0	0	0	0	0	0	0	0	0	0	0	0	0	0	0	0	0	0	0	0	0	0	0	0	0	0	0	0	0	0	0	0	0	0	0	0	0	0	0	0	0	0	0	0	0	0	0	0	0	0	0	0	0	0	0	0	0	0	0	0	0	0	0	0	0
Fusobacterium_equinum	0	0	0	0	0	0	0	0	0	0	0	0	0	0	0	0	0	0	0	0	43.82690137	26.11370848	0	0	0	0	0	0	0	0	0	0	0	0	0	0	0	0	0	0	0	0	0	0	0	0	0	0	0	0	0	0	0	0	0	0	0	0	0	0	0	0	0	270.241209	0	0	0	0	0	0	0	0	0	0	0	0	240.7498727	0	0	0	0	0	0	0	587.4449063	0	0	0	5.26270527	0	0	0	0	33.55016019	0	0	0	29.76373208	0	0	0	0	0	0	0	0	0	0	0	0	0	0	0	0	0	0	0	0	0	0	0	0
Fusobacterium_necrophorum	0	0	0	0	0	0	0	0	0	0	0	0	0	0	0	0	0	0	0	0	99.41187901	312.3467435	0	0	0	0	0	0	0	0	0	0	0	0	0	0	0	17.02118001	0	0	0	0	0	0	0	0	0	0	0	0	0	0	0	0	0	0	0	0	0	0	0	0	0	2990.746373	0	0	0	0	203.6915011	0	0	0	0	0	0	73.82241408	2787.119666	0	0	0	0	0	0	0	8136.157773	101.5626453	0	41.33765844	687.8620787	0	0	13.65419456	388.5068296	215.7303858	0	0	0	1308.323818	34.28685586	0	16.86733922	0	0	0	0	0	0	0	102.6536902	0	0	0	0	48.10255278	0	0	0	0	0	0	0	0
Fusobacterium_nucleatum	0	3.17671213	0	1.149860522	0	0	0	0	0	0	0	0	0	1083.649512	0	0	0	0	262.2313478	0	79.53070329	11.95046245	0	0	3.797408317	24.07463858	0	0	0.883598834	39.64961634	0	1.002785545	0	0	0	0	90.59311263	0.080126995	0	0.474043625	0	3.043309324	0	0	0	0	0	0	0	0	0	0	0	0	0	0	0	0	0	0.927267802	0	0	0	0	0	0	6.155940911	0	0	0	0	0	0	0	0	0	0	4.133317605	0	0	0	11.48882246	0	0	0	90.34489257	0	0.078270236	0	0	0	11.32817912	4.000748672	2.321939288	55.9499473	5.521575346	0	282.566849	5.970897127	0	90.06008917	0	0	0	0	0	0	0	743.4234031	0	0	0	0	0	0	0	123.4793695	0	0	2.710104347	0	0
Fusobacterium_sp._oral_taxon_203	0	0	0	0	0	0	0	0	0	0	0	0	0	454.3251863	0	0	0	0	0	0	0.21158985	0	0	0	0	0	0	1.545629677	0	0	0	0	0	0	0	0	0	0	0	0	0	0	0	0	0	0	0	0	0	0	0	0	0	0	0	0	0	0	0	0	0	0	0	0	0	0	0	0	0	0	0	0	0	0	0	349.0689355	0	0	0	0	0	3.876014072	0	0	0	108.0362195	0	0.069316365	0	0	0	0	0	0	0	0	0	8.643152609	0.124680098	0	8.54417521	0	0	0	0	0	0	0	0	0	0	0	0	0	0	0	0	0	0	0	0	0
Fusobacterium_uncl	285.3576897	1097.289344	1316.633133	1182.297996	1308.267372	896.4927046	1946.684717	863.0934461	1282.145804	707.5850489	5060.229626	460.3668923	714.8950143	93838.65993	9.824885663	205.935586	158.685175	1547.942233	2273.147109	6414.934266	4341.661619	1251.167509	3356.469666	630.1885145	2525.463363	540.9945247	232.1861047	245.8780783	2248.790641	59438.52478	2172.700039	1163.828936	861.8449874	4865.071227	717.7796127	502.5932526	981.9849479	391.246344	1756.559075	1786.786263	3523.124069	821.7572095	2765.36621	52.5881882	12481.29479	668.964199	832.7075211	1594.516536	1459.81481	583.4734533	4208.992269	547.2282327	381.2101395	794.8088951	510.7491435	589.0847214	580.3594867	680.8990121	3295.90256	896.9440042	1844.546288	1082.556514	1457.438904	2816.762707	1621.413261	1831.344737	4431.408178	1333.376076	1226.7733	1950.498727	5.963508042	2387.593089	642.373712	1778.391757	186.3098685	1210.949818	2425.465866	728.8542315	40.17513702	552.2486487	4160.955198	5776.199569	1684.008016	1751.404574	5268.712787	34447.59105	3885.084198	566.9494403	1388.804777	2064.55817	1376.818433	1837.677709	1652.108191	4720.942366	2474.425942	1513.911705	4274.739372	36882.07884	1152.349919	3925.452923	7302.23921	230.1892765	1022.180053	321.8455338	998.4050541	335.7287317	1767.662068	507.5372621	8828.80951	1678.004541	825.5662731	16.71840715	2797.042158	6478.465226	64.5372511	1629.229118	2678.424456	1252.915168	1150.05832	2226.568846	698.925217	1157.108367
Fusobacterium_vincentii	151.3653262	82.77026456	413.1630298	292.7583868	291.4729586	477.9279963	330.2499613	304.6557904	224.3275598	240.3858072	394.4215756	166.0641751	368.8084281	4342.183933	5.117567983	35.26427619	23.55200285	489.4535007	309.7437645	95.5177804	326.462175	70.88799958	249.2949371	196.414612	360.4743928	36.82507058	48.71518367	71.81501959	297.3998983	1916.737339	267.3035693	187.2937122	200.0532188	837.7015385	186.2368816	177.7758815	196.0247136	116.6654222	193.8818639	356.6368515	1196.101308	192.8459857	956.4394556	17.66503264	2090.861156	327.050384	238.0684711	499.4770991	428.1910147	67.00682308	1087.159961	401.0593211	72.78970196	394.7176361	29.04215518	339.4640899	67.06727315	184.1592195	481.4873142	268.5956919	415.0038516	564.2776634	296.9360547	436.5222741	301.7380769	420.6372044	322.772423	385.708933	105.4707688	228.7335026	0	555.2601426	143.3760483	186.8832691	52.00033641	56.73584392	99.63733244	68.61832646	5.61416116	71.00013632	521.9433859	300.4772211	452.101476	402.9876884	13.86522507	2072.849662	1046.16969	46.77056608	137.4023217	295.695404	244.3866525	300.5733935	290.3600898	183.431236	298.8456624	52.28225703	924.0543451	639.6529307	39.12770177	1019.582903	168.4937734	32.10602166	361.3970608	46.75211611	264.4448597	111.6392428	150.6329354	103.0159531	392.1860524	595.0000107	379.8093357	0.229479938	408.0560166	1905.920977	106.3087134	238.7324923	613.2071821	418.6357093	552.3941613	181.6481889	266.0093084	263.7972164
Gammaproteobacteria_uncl	5140.769204	1147.188691	6427.308187	3080.492374	873.6434843	5477.398275	7687.372345	2830.93535	16092.76109	4423.259375	2473.131181	2519.671027	4143.5787	203.8004168	88.89713136	475.7761178	898.0935239	13997.09173	1356.606628	203.1342163	14722.30634	763.6955035	1388.013944	1324.824723	3453.273179	231.8186323	4523.058863	524.4715665	9240.345355	21.47747743	2771.315017	2229.60239	8814.330238	5236.935801	3447.266704	1327.451815	1064.610093	12986.07292	8800.582684	3709.984439	2344.463604	781.6521927	4869.548497	455.6909434	5702.557948	3330.356751	4562.261975	8458.584928	2123.95671	17596.6251	10292.50422	19741.20278	1574.622666	6543.792637	413.0414096	2552.926904	2309.901368	9616.425892	4138.707453	7640.615023	2868.4602	10055.72465	1217.799085	8374.337286	35364.61769	2547.757241	9407.911156	5785.489941	4145.938455	5079.996681	2205.744655	1529.456435	514.8493106	894.8339108	325.1110285	247.4500006	1028.752549	41.48969464	0	4752.134008	1091.229258	21130.17388	1773.348177	4726.277177	2147.824423	2571.1194	1044.608154	1085.836211	3852.509164	6225.267954	1156.093879	802.9015628	5031.579297	701.7762725	9187.300393	3310.115385	2636.404496	141.2026988	575.7690285	3797.168177	223.1900109	546.0208181	3596.806548	32378.85166	7459.764696	3563.825938	742.6328423	1004.102364	6666.736103	3291.079615	12248.90325	1168.035631	22051.40825	1543.910127	979.9906954	14246.63369	2405.711465	4080.30983	1915.158247	1669.290062	6316.404971	3720.362322
Gardnerella_pickettii	0	0	0	0	0	0	0	0	0	0	0	0	0	0	0	0	5.085712281	0	0	0	0	0	0	0	47.05458003	0	225.6843563	0	0	0	96.45198906	0	0	0	25.16967382	0	0	0	0	50.93631136	0	0	0	0	0	0	0	0	0	0	0	0	0	0	0	0	0	0	0	0	0	0	0	0	0	0	0	0	0	0	0	0	0	0	0	0	0	10.98616768	0	0	0	0	0	0	0	40.53668327	0	330.0016864	0	0	0	297.521217	0	0	0	0	0	0	0	0	0.092416683	0	0	0	0	0	0	0	0	0	0	0	0	0	0	0	0	0	0	0	0	0
Gardnerella_piotii	0	0	0	0	0	0	0	0	0	0	0	0	0	0	0	0	7.024040358	0	0	0	0	0	0	0	1.34386229	0	48.65576837	0	0	0	0	0	0	0	0	0	0	0	0	0	0	0	0	0	0	0	0	0	0	0	0	0	0	0	0	0	0	0	0	0	0	0	0	0	0	0	0	0	0	0	0	0	0	0	0	0	0	0	0	0	0	0	0	0	0	0	0	0	0	0	0	0	0	0	0	0	0	0	0	0	0	0	0	0	0	0	0	0	0	0	0	0	0	0	0	0	0	0	0	0	0	0
Gardnerella_uncl	0	0	0	0	0	0	0	0	7.220586759	0	0	0	0	0	0	1.443615154	795.1932721	0	0	0	0.224334123	3.088718207	0	0	356.9668654	0	2121.788622	2.005890705	0	0	4653.528595	0.682926362	0	0	238.7916971	0	2.614796492	0	0	2177.196447	0	0	0	0	0	0	0	0	0	0	0	0	4.653467865	0	0	0	0	0	0	0	0	0	0	0	0	0	0	0	0	71.36011915	0	0	0	0	0.132725654	0	0	38906.88452	0	0	0	0	0	0	0	1507.608697	0	5930.48064	89.80429023	0	0	126035.8052	0	0	0	4193.694667	0	0.261432834	0	0	568.5424557	0	0	0	3.464394423	0	0	2.583787928	0	0	0	0	0	0	0	0	0	0	0	0	0	0
Gardnerella_vaginalis	0	0	0	0	0.584316585	0	0	0	0	0	0	0	0	0	0	0	14.65785116	0	0	0	0	0	0	0	254.0596561	0	141.6476371	0	0	0	318.5560501	0	0	0	26.59470344	0	0	0	0	2141.177508	0	0	0	0	0	0	0	0	0	0	0	0	0	0	0	0	0	0	0	0	0	0	0	0	0	0	0	0	0	88.23516943	0	0	0	0	0	0	0	3681.541877	0	0	0	0	0	0	0	1499.668208	0	2058.010459	7.783394601	0	0	105876.3946	0	0	0	800.7581792	0	0	0	0	206.0577456	0	0	0	0	0	0	0	0	0	0	0	0	0.874714837	0	0	0	10.4741717	0	0	0	0
Gemella_haemolysans	408.476254	5144.133744	2380.541481	7006.478709	2137.632872	2573.427595	2309.674332	1463.787549	1928.016206	3102.349238	1802.951495	904.778528	900.4957367	94.58379602	7431.709493	716.9719255	391.3509209	1545.529219	2216.735515	176.9768755	3078.742797	664.3374723	975.2090366	364.4794029	862.9384039	1460.272923	374.471478	569.7561519	3946.66976	254.0020644	676.5358525	2928.026106	2423.710737	2386.06104	1014.822952	6175.559971	1412.651861	415.0919816	1857.855926	1210.833518	599.701784	3149.759359	2122.916418	9086.170629	2290.982629	2909.08903	834.2019351	1830.818252	4600.759213	2483.690457	1649.760459	2229.358241	1039.710678	5341.034769	1611.038767	2304.977916	1474.479646	3029.215562	732.5700952	2297.002827	1875.263697	1731.878403	595.5298304	1096.662241	1550.614737	987.7102857	933.8463368	1244.638699	354.5740945	1021.831087	17.61301995	1656.7029	154.7445776	1587.73025	66.67401682	92.25191411	307.4959385	86.88696363	0	467.4344207	407.5524276	333.9937993	2498.270353	5038.560589	180.9880015	715.8418071	765.137259	192.0637756	462.9240155	933.0608914	486.9770809	3715.208381	2985.270961	185.2418481	1198.830208	524.5954193	786.4300155	835.0811162	104.8059654	680.9151509	601.6293637	11538.50578	1244.188339	1386.340782	1727.322677	618.393965	231.3776355	148.7718748	1099.827445	1457.91912	652.853654	3.922670875	1401.590659	849.3717814	103.2463225	1491.349167	506.7473505	1334.84065	1225.893168	153.6608221	1693.117452	645.0524418
Gemella_morbillorum	2.65102255	7513.955487	0	1324.993999	454.5615364	0	0	9817.560389	0	1746.201182	5452.407992	0	614.9837208	3879.401984	4963.82612	64.97612265	127.0939355	125.7171056	9708.892854	3295.35945	19721.69981	4147.889408	7.5054591	0	1862.218729	5575.043001	0	78.92975102	2136.336508	21979.85154	1769.551098	9782.724902	738.7922552	14.51430883	7907.963068	27.44316329	2834.488668	925.3677415	0	3062.554307	1662.784666	1033.297196	3068.855288	2051.002923	3753.563194	0	1120.024836	0	12052.52867	0	2778.385361	1169.10143	0	14762.3288	442.0970057	1032.113105	67.08226839	0	7.528071544	0	0	7.195193192	3.959284504	113.0447924	308.777412	0	584.8135514	31.20717223	15437.47134	28.58646942	0	19.96965439	16.10964708	33614.34846	3.11781495	0	7578.10272	4709.717395	0	0	15969.78275	0.957086488	2628.154084	564.5162528	477.5398052	3825.455622	1521.938116	243.9254831	941.8098763	42.34096823	8096.743184	10715.04692	2169.058725	1566.949772	559.9895239	6131.750619	31.00751219	18491.6964	37.6934555	0	13200.59481	1154.157007	0	0	5572.793579	1101.528186	4076.910127	3.993776947	7405.683841	0	0	28.33539276	18.64527676	2.738767924	0	953.8349323	1639.365637	83.15129496	0	769.5101983	1964.313396	0.356495279
Gemella_sanguinis	18.60629042	4106.637796	0	188.4302158	3145.823961	0	0	0	0	0	0	0	0	0	22702.08976	57.87934855	50.71305559	4.310255877	47.55033624	51.83761923	744.4609733	150.1362741	0	0	3.264339691	47.53958887	0	59.15604595	1102.531442	0	31.03620374	273.6781551	741.4284308	0	0	0	102.4224186	16.23869684	0	16.63811528	56.88615391	22147.02503	114.8680222	460.1348408	233.4595831	0	2.038494107	0	493.8316762	304.5584196	1139.888229	3.287919623	1.175023233	11063.40021	15.93986093	2884.368053	16.058096	0	0	186.4554272	0	0	8.448256082	0	823.3719903	377.4201512	0.743586499	52.16165732	189.0571425	0	0	26.17767099	117.1720712	973.1859067	0	9.330772938	244.6967478	12.36264495	0	0	292.1443371	0	23351.84438	121.1228676	4.358431101	45.25074656	8.561601761	2.394322979	27.18541854	106.6320289	218.200498	105.138219	3065.183188	573.8491141	34.44805158	70.67440139	13.70682907	201.6046479	2.82470834	0	90.35680067	67.64292265	0	1397.726717	0	4722.807236	65.86263917	0	48.37818702	0	0	16.03472493	155.1017945	0	0	501.6727165	1490.460885	1.153407786	0	1.014268488	81.94684854	0
Gemella_sp._ND_6198	0	0	0	0	0	0	0	0	0	0	0	0	0	0	0	0	0	0	0	0	0	0	0	0	0	0	0	0	0	0	0	0	0	0	0	0	187.4732132	0	0	0	0	0	0	0	0	0	0	0	0	0	0	0	0	0	0	0	0	0	0	0	0	0	0	0	0	0	0	0	0	0	0	0	0	0	0	0	0	0	0	0	0	0	0	0	0	0	0	0	0	0	0	0	0	0	0	0	0	0	0	0	0	0	0	0	0	0	0	0	0	0	0	0	0	0	0	0	0	0	0	0	0	0
Gemella_sp._oral_taxon_928	0	1.908370112	0	0	1.102710274	0	0	0	0	0	0	0	0	0	5.228337853	0	0	0	0	0	0	0	0	0	0	0	0	0	0	0	0	0	0	0	0	0	0	0	0	0	0	3.880432505	0	0	0	0	0	0	0	0	0	0	0	0	0	0	0	0	0	0	0	0	0	0	0	0	0	0	0	0	0	0	0	0	0	0	0	0	0	0	0	0	0	0	0	0	0	0	0	0	0	0	0	0	0	0.418485031	0	154.4661378	0	0	0	0	0	0	0	0	0	0	0	0	0	0	0	0	0	0	0	0	0	0	0	0
Gemella_uncl	296.924674	15029.83202	958.9030447	18449.52802	3458.179034	1073.603604	970.4285676	547.5096041	752.4442249	6121.215047	2747.822555	638.7782402	416.2377828	286.2193592	43765.52314	1896.225391	992.5562958	474.4054978	3992.883224	1026.05028	12184.14269	497.8493908	83.26962297	212.4374355	817.764825	2893.743379	240.8382207	129.3843523	5837.306791	915.2523075	1173.568271	5946.149607	35765.00095	875.2206974	315.2863363	2733.7335	10686.79491	243.6838783	684.6025377	1545.585325	984.503382	11943.54755	470.0903205	48496.23378	1290.771691	1684.428672	594.9826731	996.6456627	13039.64767	1601.683577	4893.933289	27295.75157	31.37259404	11562.94339	533.2347875	6167.529999	964.5934917	1701.424956	569.8323744	984.9189758	1218.330019	4562.371624	711.149982	866.1176334	689.800708	1273.8917	988.2149851	2348.303306	3589.300521	736.3979268	3342.549847	3552.102364	197.6136602	6733.855837	44.3721252	21.54988063	2783.986007	900.0234444	0	249.5742647	4174.832729	124.8597305	9103.908584	10325.06193	422.7670566	1414.510092	1932.410804	181.340406	421.8345863	574.94813	1724.394687	11211.51251	9473.193742	1396.001797	1053.972856	3229.638642	469.580493	7486.122025	48.92489486	290.8505969	2414.332606	30273.75209	435.2966015	1063.166165	36479.37899	23244.67638	704.3164175	167.649397	2609.629113	1162.210508	603.0179583	9.201648855	829.7922008	409.6688054	15.33080132	2359.646934	2833.472416	4198.109172	980.4415394	317.6890279	2247.274397	528.0743073
Gemellaceae_uncl	0	133.5087913	0	43.17246887	222.1229004	0	0	0	0	17.94708136	0	0	0	0	1493.389108	2.664031941	0	0	38.70515941	0	55.69977194	3.247332671	0	0	0	18.57258611	0	0.182784294	3.886663893	0	17.27384206	31.29658063	1267.535731	0	0	0	7.158603161	8.28836229	0	2.401810839	0	211.372151	0	150.9290508	0	0	0	0	0	0	10.14634011	0	0	1394.890873	0	764.7201693	0.510108238	0	0	0	0	0	0	0	37.1839135	0	0	0	687.2198076	0	0	11.35036595	13.01754999	96.57480004	0	0	14.7243657	13.87548558	0	0	2.680705568	0	1453.846067	0	5.499088136	5.054987245	0	0.836121477	0.135853932	0	38.09027242	39.04964621	140.0983018	20.78590819	0	29.64981466	0	39.23027525	0	0	26.51817315	36.83862334	0	0	0	2249.588849	11.7096863	0	31.32549494	0	0	0	0	0	0	0	18.42304011	0.58036601	0	1.419150905	0	0
Gemelliphila_asaccharolytica	11.93358723	252.7277525	0	25.36483086	9.622042566	0	0	0	11.93384458	0	0	6.311054785	0	0	74.66899993	0.416772792	0	0	47.02356298	0	282.2294812	0.889047086	0	0	176.3771567	28.91740411	34.12330715	0.132197426	165.1103207	0	40.62423294	37.21542969	349.7184969	0	12.53762667	0	2.336843804	0.074095291	0	100.8395957	0	22.08079569	1.728545633	49.16782917	0	10.6653354	0	0	0	0	81.53630612	0	0	22.55185738	0	0	1.387726266	0	10.75896913	0	0	0	0	3.875750462	17.92866543	0	0	5.770279185	0	2.72502176	7.264594599	0	1.661444021	23.64821769	0	0	25.96722419	8.682966268	0	0	16.1977648	41.05599071	37.21997589	2.646981155	13.76482186	1815.788011	0	502.5259479	2.178723441	0	22.12815359	19.21820163	21.98510137	191.4456016	0.865504049	5.85431462	0	63.16235647	0.725142903	0	37.94500507	1.869686122	0	47.45299571	0	0	27.39518215	0	44.4650406	0	0	0	4.823447363	0	0	2.368457549	0	11.19542861	0	4.926675314	0	0.789526411
Granulicatella_sp._UMB5615A	0	0.637875777	0	0	1.267002966	0	0	0	0	0	0	0	0	0	44.91617519	0	0	0	0	0	0	0	0	0	0	0	0	0	0	0	0	0	0	0	0	0	46.4074876	0	0	0	0	2.880927163	0	0	0	0	0	0	0	0	0	0	0	0	0	0	0	0	0	0	0	0	0	0	0	0	0	0	0	0	0	0	1.400759538	0	0	0	0	0	0	0	0	0	0	0	0	0	0	0	0.055225919	0	0	0	0	0	0	0	0	0	0	0	0	0	0	0	0	0	0	0	0	0	0	0	0	0	0	0	0	0	0	0	0	0
Granulicatella_uncl	0	907.9609645	0	504.3625736	977.6845298	14.87458553	0	0	0.402808053	0	0	0	0	0	6729.095263	3.857131618	0	0	4.153439577	0	9.611738631	55.54345803	0	0	0	3.176685171	0	10.65503804	62.63387511	661.2327504	0	7.887793867	0	0	0	0	2559.578993	0	0	0	0	612.2779462	0	227.605241	0	0	0	0	10.4041141	0	90.38275893	0	2.159551663	19.58085289	7.944666116	337.4170545	13.15332589	27.38334151	0	72.66732096	0	0	0	0	85.84255006	0	0	0	0	0	0	2.31898835	283.7622784	0	0.188139155	0	0	1.948399192	0	0	0	0	98.6785436	1.385989785	32.39504167	0	0	4.580083825	304.0318082	41.06300626	0.524544101	254.7311009	143.6051175	0	0	1.182693713	0	0.169675529	0	0	0.304090545	7.35178465	0	0	0	0	21.85431002	99.86876197	0	0	0	0.693078003	48.18017346	0	0	0	76.06163555	76.56861287	0	0	0	147.7018647
Haemophilus_haemolyticus	0	0	0	0	0	0	0	0	0	0	0	0	0	0	0	0	0	0	0	0	0.513975344	0	0	0	0	0	0	0	0	0	0	1.078610539	0	0	0	0	0	65.60683306	0	0	0	0	0	0	0	0	0	0	0	0	0	0	0	0	0	0	0	0	0	0	0	0	0	0	0	0	41.09701707	0	0	0	0	0	0	0	0	0	0	0	0	0	0	158.4556881	0	0	6.72350028	121.036338	0	0.505131545	0	25.60033925	1.272192971	0	0	0	340.3399386	35.05756372	0	0	0	0	0	0	0	0	0	0	0	0	12.35881051	0	0	0	0	0	0	0	0	0	0	0	0	0
Haemophilus_influenzae	321.2879412	265.9321122	1110.643867	759.176354	834.9037777	2096.683093	58468.89523	803.0390738	68004.79711	1475.628679	40.12713653	645.5454579	1186.728279	0	47.40429678	89.51091767	65592.57049	614.2433451	543.2944534	90.67657351	457.9909713	803.8658933	671.9234431	393.9420546	101.12425	18.01757979	2154.875821	76.45367937	2739.705176	63.91113795	732.1913084	340.7187348	927.0024895	1645.502954	857.482139	1443.214967	469.0424481	129392.1675	2348.005627	11115.94921	229.6206101	227.8142313	465.4133474	44.66507688	2637.867891	1712.768111	1625.503962	976.1700939	1438.880138	1232.175545	9113.414533	858.5326303	37.75360663	1449.331202	9362.225498	1120.678032	291.9535851	1573.591502	385.9539611	1062.53437	6099.803983	1126.438976	473.8038919	1897.412082	933.636125	965.8836384	44192.22814	978.2601132	200.2502126	669.4588492	0	1609.473557	113.0215839	1348.23561	48.12237213	113.1065336	63.86613044	174.1110083	0	332.2725926	551.7375013	17935.11052	245.6406874	707.305139	73.29830656	813.3783252	789.1710994	123.0213452	361.4174516	51669.27374	565.7247497	28.77323956	1137.925524	7270.153916	48182.72654	26476.645	582.2067545	794.9550356	66.67197757	2768.0794	418.6773619	64.81276955	956.8459524	1594.139288	563.12799	246.0256695	121.6575971	1887.552475	7171.745759	1151.810938	753.32226	10.75481136	670.4486966	527.1485931	94.76433	1443.172977	5906.193433	736.6232288	1051.101725	206.4340774	971.9082394	456.4240364
Haemophilus_parahaemolyticus	0	0	0	0	0	0	0	0	0	0	0	0	0	0	0	0	0	0	0	0	0	0	0	0	0	0	0	0	0	0	0	0	0	0	0	0	0	0	0	0	0	0	0	0	0	0	0	0	0	0	0	0	0	0	0	201.9244103	0	0	0	0	0	0	0	0	0	0	0	0	0	0	0	0	0	0	0	0	0	0	0	0	0	0	0	0	0	0	0	0	0	0	0	0	0	0	0	0	0	0	0	0	0	0	0	0	0	0	0	0	0	0	0	0	0	0	0	0	0	0	0	0	0	0
Haemophilus_uncl	1447.792264	719.7048063	2588.444877	1985.194696	1440.537952	3728.239911	98085.33795	3469.735699	126443.5044	3365.207713	1227.805024	1510.37748	3458.006427	40.06196343	193.4550258	189.4560227	381476.2057	1455.534504	2030.52804	87.58935158	1326.578607	1878.3168	2341.7481	2334.386204	655.8714782	68.64692473	705.9896152	199.7472114	2658.307285	55.76171484	814.0888827	603.0602876	4759.769412	1520.109081	5063.375437	2849.689418	1643.006845	282143.531	2963.458137	29846.31069	912.4768107	675.1167963	2060.100843	129.1813352	1794.278919	4538.699197	1673.673271	2169.851169	4635.830582	5463.025602	16229.89786	4788.411727	211.6015283	6168.450963	28814.36989	3409.00364	889.218399	3158.593616	2115.924401	3812.57125	3342.334311	4008.988137	988.8798067	1930.066397	1984.438051	3133.007311	92926.62169	3327.412066	4080.098382	2170.630611	492.8598214	2667.53421	339.2900307	4188.902128	131.9226231	143.2182018	199.3282806	253.3581658	558.0320003	2542.467848	365.3211524	52983.70383	1457.868184	2569.074513	200.2297376	2345.01144	2235.906156	346.6909745	1396.147482	38159.13065	737.7460105	220.1218603	3226.707563	13549.63227	129877.1668	68467.83077	766.1526265	1301.924075	247.3688213	6215.100213	1109.752718	201.7939759	3203.419979	4187.842176	2652.069819	1474.372684	605.127703	15623.00572	21994.16102	3097.671325	1651.948877	64.83566148	2006.398711	1822.593259	961.5619374	3944.003364	16071.95652	2526.213592	2825.807379	576.4855974	5164.025345	2003.747528
Hafniaceae_uncl	0	0	0	0	0	0	0	0	20.87332477	0	0	0	0	0	0	0	0	0	0	0	0.290520187	0	0	5681.078459	0	0	0	0	0	0	0	0	0	1.015158048	0	0	0	0	0	0	0	2.279400773	0	0	0	0	0	0	0	0	0	0	5.019392725	0	0	0	0.418390407	492.9182079	0	0	0	0	0	0	0	0	0	0	0	16.99682957	0	0	0	0	0	0	0	0	0	0	0	1.409838678	0	0	2362.778071	0	0	0	0	0	0	0	0	0	0	0	156.53064	0	0	0	0	0	103.1532083	0	0	0	0	0	0	0	0	0	0	0	0	0	0	0	0	0	0	0
Hallella_colorans	0	0	0	0	0	0	0	0	0	0	0	0	0	0	0	77.07802567	0	0	0	0	0	0	0	0	0	0	0	0	0	0	0	0	0	0	0	0	50.70631177	0	0	0	0	0	0	0	0	0	0	0	0	0	0	0	0	0	0	0	0	0	0	0	0	0	0	0	0	0	0	0	0	0	0	0	0	0	0	0	0	0	0	0	0	0	0	0	0	0	0	0	0	0	0	0	0	0	0	0	0	0	0	0	0	0	0	0	0	0	0	0	0	0	0	0	0	0	0	0	0	0	0	0	0	0
Hallella_multisaccharivorax	0	0	0	0	0	0	0	0	0	0	0	0	0	0	0	10.79231734	0	0	0	0	0.41926439	0	0	0	0.198527122	3.300132795	0	0	0	0	0	8.396208538	0	0	0	0	0	0	0	0	0.926130379	0	0	0	0	0	0	0	0	0	0	0	0	0	0	0	0	0	0	0	0	0	0	0	0	0	0	0	0	0	0	0	0	0	0	0	0	0	0	0	0	0	0	0	0	0	0	0	0	0	0	0	0	0	0	0	0	0	0	0	0	0	0	0	0	0	0	0	0	0	0	0	0	0	0	0	0	0	0	6.589954587	0	0
Hallella_uncl	0	0	0	0	0	0	0	0	0	0	0	0	0	1.242490573	0	0	0	0	0	0	0	0	0	0	0	0	0	0	0	0	0	0	0	0	0	0	0	0	0	0	0	3.411296593	0	0	0	0	0	0	0	0	0	0	0	0	0	0	0	0	0	0	0	0	0	0	0	0	0	0	0	0	0	0	6.786232911	0	0	0	0	0	0	0	0	0	0	0	0	0	0	0	0	0	0	0	0	0	0	0	0	0	0	0	0	0	0	0	0	0	0	0	0	0	0	0	0	0	0	0	0	0	0	0	0	0
Hoylesella_buccalis	0	0.582323071	0	0	0	0	0	0	0	0	0	0	0	0	0	8.014222333	0	0	0	0	0	0	0	0	0	0	0	0	0	0	0	0	0	0	0	0	321.8613877	0	0	0	0	0	0	0	0	0	0	0	0	0	0	0	0	0	0	0	110.4884275	0	0	0	0	0	0	0	0	0	0	0	0	0	0	0	0	0	0.245608602	0	0	0	0	0	0	0	0	0	5.908192107	0	0	0	0	0	8.663908856	0	0	51.42524554	0	0	0	360.966886	0	0	0	0	0	0	0	0	0	0	0	0	0	0	0	0	0	0	0	0	0	0	0	0
Hoylesella_enoeca	0	0	0	3.562859905	0	0	0	0	0	0	0	0	0	0	0	0	0	0	0	0	0	0	0	0	0	0	0	0	0	0	2.136082484	6.025979935	0	0	0	0	0	0	0	0	0	0	0	0	0	0	0	0	0	0	0	0	0	0	0	0	242.7988025	0	0	0	0	0	0	0	0	0	0	0	0	0	0	0	0	0	134.0954876	0	0	0	0	0	0	0	0	0	0	0	0	0	0	0	8.99541198	0	0	0	0	0	0	0.349094801	0	0	0	0.640414728	0	0	0	0	0	0	0	0	0	0	0	0	0	0	0	0	0	0	0	0
Hoylesella_nanceiensis	0	30.2903711	0	10.40757247	1.617798284	0	0	0	0.642025619	0	0	0	0	0	99.43768996	27695.06441	903.8284665	4791.731141	7.788937336	164.6216858	210.2925953	313.1986729	34.08830384	0	0	5.50784186	0	862.9356785	4256.662896	0	10.91765102	4761.584582	0	11058.16649	0	0	9210.775843	0	8455.477632	2099.006727	1139.019579	875.5988149	184.7994096	24.12226737	0	0	1957.929217	0	0	0	22.07247828	0	0	20.10134729	201.1307237	2.06736045	1226.312567	3.078276894	0	0	1692.254285	0	120.853538	0	1874.941423	0	1.539661705	0	233.2811756	0.654622265	0	0	2335.924863	1055.44019	4.857842704	6.512480139	5.594229291	218.4959456	0	0	2598.697829	0	5190.389478	0	450.9118409	3.316386858	0	1.314481583	0.273004296	0	57.91309306	9.223067227	12.69988998	4.860960709	0	433.794027	0	7.974240015	5.361868311	6.54421341	5.931434369	22.55487335	0	2.825335297	0	0	139.3704161	1.703196322	23.30283688	0	0	15.80354774	9209.460443	1686.442806	0	1.974240247	1822.861497	1.866032569	0	2.524743272	536.9256052	1362.55506
Hoylesella_pleuritidis	0	0	0	0	0	0	0	0	0	0	0	0	0	0	0	25.41881055	0	0	0	0	0	0	0	0	0	0	0	0	0	0	0	0.33872661	0	0	0	0	19.44300372	0	0	0	0	0	0	0	0	0	0	0	0	0	0	0	0	0	0	0	0	0	0	0	0	0	0	0	0	0	0	0	0	0	0	0	0	6.771340852	0	0	0	0	0	0	0	0	0	0	0	2.013998428	0	0.079315698	0	0	0	0	0	0	0	0	0	0	0	0	0	0	0	0	0	0	0	0	0	0	0	0	91.77635863	0	0	0	0	0	0	0	0	0
Hoylesella_shahii	0	0	0	0	0	0	0	0	0	0	0	0	0	0	0	75.19541355	0	0	0	0	0.408865288	0	0	0	0	0	0	0	0	0	0	0	0	0	0	0	0	0	0	0	89.64079244	0	0	0	0	0	0	0	0	0	0	0	0	0	0	0	0	0	0	0	0	0	0	0	0	6.573814257	0	0	0	0	0	0	0	0	0	0	0	0	0	0	0	0	0	0	0	0	0	0	0	0	0	0	0	0	0	6.031107803	0	0	0.080549988	0	0	40.41746906	0	0	0	0	0	0	0	0	0	0	0	0	0	0	0	0	0	0	0	0
Hoylesella_timonensis	0	61.32796534	0	0	0	0	0	0	83.37187703	0	0	0	0	0	0	54.60212305	18.12663076	0.500463702	0	0	8.223951736	0.869615457	1.957752837	0	0	0	0	0.832645636	0	0	0	8.216800598	107.0760909	7.966122488	10.17864425	0	6096.120774	0	0	15.91714985	0	0	0	0	0	0	0	0	0	0	0	0	0	0	0	0	4.553651147	0	0	0	0	0	0	0	0	0	0	0	0	183.0799433	0	0	0	0	0	0	0	3.303261012	0	0	0	0	0	0	0	0.795167081	0	0.683413267	0	0	0	0	0	125.7530546	0	29.08260773	0	3574.47461	0	0	1.02967102	5.635913789	0	0	0	0	0	0.643399872	0	0	0	0	0	9.011970294	0	0	0	0	0	0	0	4.453987585
Hoylesella_uncl	0	1.102913955	0	0	0	0	0	0	0.36893509	0	0	0	0	0	0	138.1024361	0	0	0	0	0	0	0	0	5.345741256	0	28.82363349	2.478090647	6.595015521	0	0	33.96916512	0	7.082050455	5.281464372	0	246.4307728	0	0	0	0	0.504680528	0	0	0	0	0	0	0	0	0	0	0	0	0	0	1.606968505	0	0	0	0	0	35.64871064	0	0	0	0	0	0	0	0	0	27.90665143	0	0	0	0	0	0	0	0	0	43.7580707	0	0	0	0	0	0	0	0	0	0	0	0	0	0	172.6567608	0	0	0	0	0	0	0	0	0	0	0	0	0	0	0	0	0	0	0	0	0	0	0	0
Klebsiella_pneumoniae	27021.42452	11322.78612	61999.67164	29996.81893	36709.48121	76898.76852	44897.52323	55488.65521	43569.70567	59580.13233	2193.907066	37120.5133	59310.21952	539.0485797	1053.99672	4394.210359	659.1183408	38259.50148	28512.10509	1087.77854	25266.50725	4455.200191	2411.12406	27172.04662	5561.804928	809.8428568	12528.70444	3121.084251	55994.78844	2440.638729	18539.02357	8199.279766	52630.50514	49294.66307	61549.53043	60893.49268	19496.87585	18865.78356	60894.78067	45789.42782	6952.35497	11528.01146	23229.56112	3325.145615	50811.0884	81946.82462	51290.9469	43184.66982	63707.86299	45371.35579	27069.83634	60848.32153	2954.279581	64598.83962	578.3291995	50241.58667	14387.07324	85941.57152	18919.26557	54697.84884	61741.34064	75900.38269	13972.44958	46308.0472	36651.89226	66288.91417	27179.79675	56613.61	11150.979	35719.83214	1136.4154	33567.06231	2956.375345	6550.761427	2031.934168	810.6840649	908.1047747	15.86832772	0	26562.2961	2677.761615	10538.85045	10614.62089	40904.04701	223.0585267	21071.48768	38906.18387	5324.55432	22587.7077	50872.76569	3523.018672	1529.259864	49988.199	464.4788279	44471.19713	3493.47271	25954.71118	268.9154431	4061.435989	10661.65247	995.1537529	3077.250664	55880.60469	73375.61512	37991.93456	18304.91619	3480.826175	5208.778346	33326.18418	47600.64329	24956.03623	68.45751203	33842.60731	19910.33556	8619.647237	82891.8138	7921.184444	51865.67708	69447.67582	3586.846714	52779.25758	35948.8215
Klebsiella_quasipneumoniae	18745.07485	9834.669666	39452.13456	27677.01709	31523.06134	55761.86379	33808.12657	47042.24404	36336.40959	48635.21793	8851.693746	27936.93474	38697.97244	1675.365496	1174.814699	2786.362687	376.1090986	26881.8282	30058.14683	1088.316198	19227.35119	7006.457917	5531.871117	15821.16809	8156.220429	1006.545086	9669.893668	3550.319417	42478.2236	3517.400986	13393.17883	7955.802811	44757.61131	29175.34497	46342.94936	55232.33903	21973.23647	12259.55407	44450.16934	30506.30258	17281.69618	10862.7574	25482.28119	2177.411443	31602.50926	59705.0437	27474.42493	33614.5269	61649.9923	31335.74921	30470.94084	43791.46838	3667.993803	49023.53131	904.0847632	55990.47532	13807.18596	58210.60244	24896.56718	45544.14305	55903.73189	58755.56294	17372.77416	21677.24904	22460.78076	47681.93111	30635.20466	51455.33264	10959.84299	34595.51423	634.9480792	38037.59362	5013.147858	8752.715022	2105.033849	1130.085232	2558.092138	65.21439207	77.85681732	30120.85226	5926.889851	12700.79745	15323.0051	35425.57168	462.8231593	17796.97843	37710.26006	5072.406835	19063.48445	34756.22787	6726.196122	2695.100944	42664.2187	1085.788989	37322.94186	4382.248447	21351.88361	348.1228913	3511.42776	22283.94824	708.0745429	2790.621796	46344.36121	48921.03618	34616.76362	13465.11488	6442.236335	6651.126168	26995.4171	44277.49061	16637.8182	100.2391653	26355.60075	27214.14482	7370.065555	47849.97464	11705.96107	35981.84565	53056.62705	5336.402851	44468.12736	28774.95923
Lachnospiraceae_uncl	0	25.64959554	0	0	137.1235502	0	0	0	0	0	0	0	0	0	1.382809759	0	0	0	9.341895391	189.2711685	19.40461909	0	0	0	0	11.7670562	0	0	0	0	2.536037475	25.87035152	0	0	0	0	0	0	0	2.054319629	0	0	0	81.58770906	0	0	0	0	0	0	0	0	0	0	0	0	0	0	0	0	0	0	0	0.685948584	0	0	0	0	0	0	0	0	0	0	0	595.8454541	0	28.13154702	0	0	0	0	0	0	2.389072476	1.808580412	0	19.81860219	8.607314279	0	0	0	0	105.3548271	0	66.18809851	0	372.8646106	0	0	0.53056268	0	0	0	0	0	0	0	42.91043642	0	0	0.604624723	0	0	0	0	0	0	0	0	0	0
Lactiplantibacillus_plantarum	0	0	0	0	0	0	0	0	0	0	0	0	0	0	0	0	0	0	0	0	0	0	0	0	0	0	0	0	0	0	0	0	0	0	0	0	0	0	0	0	0	0	0	0	0	0	0	0	0	0	0	0	0	0	0	0	0	0	0	0	0	0	0	0	0	0	0	0	0	0	4.953661862	0	0	14.21728377	0	0	34.64019295	0	0	0	0	0	0	0	31.15940119	0	0	0	0	0	0	0	0	0	0	0	0	0	0	0	0	0	0	0	0	0	0	0	0	0	0	153.7730721	0	15.61087963	0	0	3.341759379	0	0	0	0	0
Lactobacillaceae_uncl	0	0	0	0	18.45200381	0	0	0	0	0	0	0	0	0	0	0	0	0	0	0	0	0	0	0	0	0	0	0	0	0	0	0	0	0	0	0	0.634133747	0	0	0	0	0	0	0	0	0	0	0	0	0	0	0	0	0	0	0	0	0	0	0	0	0	0	0	0	0	0	0	0	21.49064042	0	0	0	0	0	0	0	0	0	0	0	0	0	0	0	0.562746192	0	186.3638538	0.065924832	0	0	0	0	0	0	0	0	0	0	0	0	0	0	0	0	0	0	0	0	0	0	0	0	0	0	0	0	0	0	0	0	0
Lactobacillales_uncl	151.0652223	6165.044392	0	1350.681949	4983.115242	0	0	0	0	281.034152	0	116.5052542	0	15.93905848	31293.2756	84.51379106	172.7976381	280.7569729	438.8315886	37.92895806	212.8068311	261.1730589	110.4218605	0	0	1410.875518	27.63529517	2026.083267	536.3096335	1691.353448	1761.549376	137.196498	0	0	0	0	10184.49867	0	0	1.495077714	135.0199546	5181.214079	46.04458959	3816.458267	0	0	2.021071081	0	255.3182	0	2245.164689	0	168.0354518	1256.738687	10.6538483	5813.553173	171.925274	181.4590449	0	8668.446199	0	0	3.304023105	0	261.8646886	0	0	0	1618.211453	16.87135277	0	526.2433319	1753.629901	53.30981802	46.12471031	2461.228819	45.38402438	103.9421503	0	0	0	1.188138855	1043.822026	134.5801203	411.1978484	94.39677956	0	449.563282	1181.736002	0	163.3883093	1229.802186	1073.805696	126.4282943	5.911524732	104.7718039	21.38867834	205.4005003	2187.016306	2.258008975	559.6530681	45.47519442	0	0	0	0	615.1432703	372.7699339	4.25265902	0	0	13.62732639	1561.952667	0	0	0	3695.878596	973.5516446	0	0.574320065	1143.423711	1227.767479
Lactobacillus_gasseri	0	0	0	0	272.9370859	0	0	0	64.83589104	0	0	0	0	0	0	0	0	0	0	26.69611105	0.798276444	0	23.16935224	0	9.138897477	1.424123696	3670.672113	0.160647386	0	0	61.8912609	0	0	0	0	0	0	0	0	0	0	0	0	0	0	0	0	0	0	0	0	0	0	0	0	0	0	2.338680776	0	18907.31146	0	0	0	0	0	0	0	0	0	241.1124831	0	0	0	0	0	0	0	0	0	0	0	0	0	0	19.27814823	38.39756605	0	2833.398249	1.270082399	0	0	46.68864319	0	7.437913403	0	7.449380846	0	0.10351901	1.720048984	0	0.838384303	0.233694225	0	0	0	0	0	0	0	0	0	0	0	0	0	0	0	0	0	0	0	0
Lactobacillus_iners	0	0	2.347599895	0	11.22166643	0	0	0	0	0	0	0	0	0	0	0	0	0	0	0	0	0	0	0	5.467577651	0	12.62699837	4.24192192	0	0	0	0	0	0	0	0	18.74378265	0	0	0	0	0	0	0	0	0	0	0	0	0	0	0	0	0	0	0	0	0	0	7.471603182	0	0	0	0	0	0	0	165.1699398	0	0	0	0	0	0	0	0	0	0	0	0	0	0	0	0	0	0	0	45.42116741	0	0	0	0	0	0	0	0	0	0	0	0	0	0	0	0	0	0	0	0	0	0	0	0	0	0	0	0	0	0	0	0	0	0
Lactobacillus_johnsonii	0	0	0	0	0	0	0	0	0.661572085	0	0	0	0	0	0	0	0	0	0	0	0	0	0	0	0	0	39.48371446	0	0	0	0	0	0	0	0	0	0	0	0	0	0	0	0	0	0	0	0	0	0	0	0	0	0	0	0	0	0	0	0	0	0	0	0	0	0	0	0	0	0	0	0	0	0	0	0	0	0	0	0	0	0	0	0	0	0	0	0	0	0	0	0	0	0	0	0	0	0	0	0	0	0	0	0	0	0	0	0	0	0	0	0	0	0	0	0	0	0	0	0	0	0	0
Lactobacillus_uncl	0	8.207981924	0	0	819.1324621	0	0	0	19.91590745	0	0	4.128773659	0	8.202428723	0	0	0	0	0.145726227	0	0.532775226	0	23.20396113	0	7.351018146	0.173040671	1268.092382	0.870048605	7.881401485	0	198.7245871	0	0	2.928110998	0	0	8.238976625	0.280119886	0	0	0	5.872722156	0	0	167.2351633	0	0	13.27469035	8.684818957	0	0.889035099	0	3.89803477	0	0	0	0	880.7838782	0	36729.34858	0	3.983979886	0	0.800422694	0	0	0	28.31243451	0	542.0610758	0	0	0	0	0.096575035	0	4.76260516	0	0	0	0	0	0	5.091769789	33.48763471	65.11203487	0	8593.656146	6.433767083	0	0	173.1220421	0	0	0.589816606	0	0	0	0.104646588	0	0.13966359	0.120708944	0	0	0	0	0	0	2.076330906	0	0	0	8.940757994	0	0	0	0	4.087388841	0	0	0	0
Lancefieldella_parvula	0	0.181882782	0	6.281400126	132.6587138	0	0	0	0	0	0	0	0	0	0.421640149	3.396708928	0	0	0	302.9865077	23.17981429	1.976115412	3.813257446	0	0	52.58921292	0	0	0	0	40.09994476	27.75502951	0	0	0	0	2.096245505	0	0	0	0	0.782345263	0	0	0	0	0	0	0	0	0	0	0	0	0	0	0	0	0	0	0	0	0	0	0	0	0	0	0	3.202679611	0	0	402.6054027	0	1.41951208	0	1.861878668	6.433308853	0	0	9.321731536	0	0	0	0.546348947	0.744476706	0	0.136822625	5.983868351	0	2.842892049	17.25651828	0	0	0	11.84582629	0	3.520441429	0.123052171	0	0	0.567758504	0	0	0	0	215.2902926	0	0	0	0	0.829617563	0	0	0	0	0	0	0	202.5272218	0	0
Lancefieldella_rimae	0	19.79496454	0	0	246.9761752	0	0	0	0	0	0	0	0	29.02740003	0.203625918	66.14569003	0	0	0	441.5357889	18.67879367	8.457479022	1.543800123	0	0	50.02906338	0	0	0	0	4.756436305	137.9398835	0	0	0	0	0.506177976	0	0	0	0	0	0	0.467377805	0	0	0	0	0	0	0	0	0	0	721.5656278	0	0	0	0	0	0	0	0	0	0	0	0	0	0	0	0	0	1.293611887	0	0.965480082	40.17385468	35.69757821	29.8459449	0	0	0	25.0111849	0.479877001	0	115.3294833	90.81280716	0	173.8760728	4.730390559	0	122.3262091	726.8321954	0	68.66312741	0	20.40529979	0	16.66224675	2.2478925	0	3.193991837	1.916436912	0	0	0	0	0.959124463	0	1.99540566	0	0	0	0	0	0	0	0	0	0	0.639323952	0	0
Legionella_pneumophila	23.84041292	0.228803268	0	13.21238163	18.39812488	0	0	15.15892189	0	14.01680367	172.7892555	0	0	208.2703641	0	1.546801698	197.3615911	3.482828515	0	1524.592978	7.833599751	18.82178332	84.56247854	99.95223483	264.9085616	0.379901435	0.787801648	0.953719682	1.90803695	1040.985504	3.733287255	3.622263608	0	23.51005871	30.33257699	0	1.648135053	4.679251213	0	0.773780733	69.21584451	10.41798431	0	0.297395365	0	0	9.871417385	0	0	50.9295016	26.2661357	0	75.30549506	0	495.1311661	0	5.551016561	8.934438443	19.89471429	0	0	63.10032806	50.82969789	3.911117048	57.47652734	0	184.8368541	0	2160.108327	1.092182502	53.75800003	51.50702092	0	498.9384381	0.494846994	1322.352964	8.197662891	0	0	40.47350766	111.7285418	42.48099866	3.896138125	2.113174179	8.79850033	0.310300881	83.68028833	2.217378026	1.950933859	0	19.95206549	96.90256237	0.399899165	0	18.18186711	60.68080713	36.91274847	0	0.711219866	93.93317336	2.339671005	1.063288736	0	0	0	117.4265192	12.64585677	213.0229227	7.749693248	0	0	60.80014629	1.944913397	8.982106354	0	17.19019624	2274.670352	0	128.0218063	14.755786	12.52261658	0.162833955
Leptospira_interrogans	5.680452047	1.704608966	0	30.48593309	35.53603647	33.83372543	45.49747284	0	34.62219691	27.04569532	129.9583238	0	0	25.04180144	0.209372797	0.460007804	359.1899319	19.89026363	1.538035677	409.6115819	6.603249037	5.343074622	37.65346006	0	298.2407816	2.099391741	21.61271626	1.076745582	10.73798369	52.41782458	29.41548255	5.929790347	0	11.00525868	0	45.71767248	2.048963045	3.244972521	41.06081562	6.635666558	204.7541729	6.185467775	115.6770809	0	54.16523508	21.02644944	4.834792716	31.00465436	0	48.98887933	128.0779609	6.941999631	91.41265784	7.037542055	134.0939289	64.98557249	1.14474104	14.87725595	0.733912463	5.733358353	17.78738676	37.32942629	23.13705941	6.543196046	1.180814283	21.19016484	125.6852954	49.59535153	231.329939	6.072232572	0	23.69921937	15.87901539	74.20470786	1.457091299	1086.612497	11.26471202	5.189695246	0	0	36.09485341	66.91136847	51.05913251	18.87365574	8.594332979	3.221860891	108.1861327	0.866066861	3.933100885	0	30.31980054	14.38676265	0.631419734	0	13.56054021	16.41733976	90.29045011	0	2.537810446	17.82918467	0.301249119	6.365312972	46.2052445	139.4870734	0	0	31.17511058	121.3918201	15.38687086	0	14.11930616	32.45840166	26.71696824	4.693787233	0	25.86853783	1668.35588	4.125283832	0	13.37589295	29.87140892	0.257106244
Leptotrichiaceae_uncl	0	0	0	0	0	0	0	0	0	0	0	0	0	0	0	0	0	0	0	0	0	0	0	0	0	0	0	0	0	0	0	0	0	0	0	0	0	0	0	7.186004892	0	0	0	0	0	0	0	0	0	0	0	0	0	0	0	0	0	0	0	0	0	0	0	65.76664505	0	0	0	0	0	0	0	0	0	0	0	0	0	0	0	0	0	0	0	0	0	15.67635034	0	28.49799694	9.600266819	0	0	0	0	61.38193571	0	0	0	63.60583977	0	0	0.352501801	0	0	0	0	0	0	0	0	0	0	0	0	16.35488533	0	0	0	0	0	0	0	0
Limosilactobacillus_fermentum	41.57936329	8.77079193	637.2069026	47.22815256	48.92182881	9.579098163	45.08479735	18.11508353	31.52452549	13.40019144	0	58.52918956	28.60389399	6.78885824	6.224211729	3.190847781	0	12.94850531	2.803274732	0	30.41584098	0.555642429	29.08365401	39.81468462	42.86820695	2.26993261	160.9000664	1.501235174	60.04331243	0	15.16570126	26.16439039	535.2897917	13.5538562	71.1887011	67.95449957	15.47228825	14.74927539	579.8094423	12.73999077	19.06652541	3.387679171	76.88173789	1.421563331	85.87830469	41.6714667	47.18582278	168.9788815	100.5023267	318.742459	11.83128985	736.0566004	4.188518192	39.56797518	0	49.28849835	99.38653822	132.8010068	24.36306464	105.1050694	246.7646989	124.0494155	37.94282601	22.84784297	172.5903325	140.5236026	15.12895099	103.751626	0	29.79924694	84.11115651	73.80097164	6.289124457	0	2.235168227	0	4.580812597	0	0	649.0904375	3.669507017	15.52932509	70.52777308	24.41091533	0	7.408002783	127.9904457	2.82766759	22.43975627	55.3962612	39.67741977	0.278403365	35.66447652	0	29.75903414	0	0	0	1.695385462	6.123761302	2.328430266	10.26696628	98.89808251	914.1657449	1109.423215	383.5381955	0.582869288	0	20.51594573	110.8899965	338.756626	0.544299354	224.273653	25.24441565	0	58.27515506	0	34.42569156	25.26600811	6.993421194	49.4285374	202.800275
Limosilactobacillus_uncl	0	0	0	0	53.16908071	0	0	0	0	0	0	0	0	0	0	0	0	0	0	0	0	0	0	0	0	0	25.8067634	0	0	0	0	0	0	0	0	0	0	0	0	0	0	0	0	0	0	0	0	0	0	0	0	0	0	0	0	0	0	0	0	308.3313364	0	0	0	0	0	0	0	0	0	0	0	0	0	0	0	0	0	0	0	0	0	0	0	0	0	35.24580302	0	104.6610765	1.420418704	0	0	1.678795134	0	0	0	0	0	0	0	0	0	0	0	0	0	0	0	0	0	0	0	0	0	0	0	0	0	0	0	0	0	0
Listeria_monocytogenes	184.5277641	20.50034173	34.47883844	72.61376543	92.0984374	0	118.7521179	100.8027821	214.2645736	8.639597116	78.8910008	33.53987041	27.16651238	0	1.605191446	6.703630093	0	182.0349076	40.14466067	27.4636893	23.22190752	12.25010864	5.411359587	0	334.538868	3.801782002	34.17262411	4.915823893	72.31778865	0	21.11586895	33.50121928	140.1641046	127.6694141	0	64.5397006	10.48951581	35.79027914	244.1937221	29.19271015	210.9646152	17.07875352	147.5312842	1.527557088	151.6547951	26.86712985	17.74642238	128.4161988	77.7570633	408.2438831	302.9150635	57.6571636	36.4566419	11.77427601	20.43731346	33.03956418	21.74120371	55.17597493	95.19586348	48.58978907	22.72832753	4.570241625	30.82355366	84.36420003	34.71761883	30.94432209	24.91575463	24.45504926	0	20.90846321	0	176.4877489	13.83581045	40.76333994	2.224176481	0	55.21881267	0	0	0	189.7635061	43.69015861	43.27282081	71.93351873	1.386640019	36.78539064	164.8058142	22.16763297	36.65374233	24.33802784	48.21127777	11.65939276	20.64649104	9.007724272	72.10087438	14.75814225	73.1676801	3.608333692	7.097234114	53.95893182	2.155604808	11.39441138	210.1363292	368.5801888	112.6434678	9.510815576	137.7232867	361.7964155	30.45467979	10.21355231	160.4959508	0	191.3236278	39.34253209	0	63.59532958	8.129660244	102.9397102	65.15970513	104.5943252	144.8010973	7.556066846
Luteimonas_terricola	301.9257016	181.5347215	885.685725	661.8007054	811.1313819	1533.369327	535.4065143	934.3932936	488.1199432	1084.701596	19.54180754	580.961045	996.3164822	0	31.83130945	72.22731341	0	471.6868864	567.0204853	0	250.4129853	100.5407359	58.31840392	229.0445575	50.87682754	15.24202414	307.6294312	57.84064595	1150.945717	65.90507472	311.1031806	127.0687473	813.0731047	600.3323796	1212.187797	1516.542313	304.0104092	198.258689	704.2741955	897.3138486	83.31737727	236.4262386	312.3694735	27.81617659	648.9123876	1464.60336	558.2433989	808.8115961	1398.171931	595.5293926	354.2278176	698.8126499	39.7776871	1074.572783	21.22937709	1108.106421	249.417501	1456.720969	419.190732	869.2198959	1062.885309	928.3412419	279.5757582	304.2841321	343.3740095	866.4350364	517.1066167	1059.187835	60.0944023	647.1092784	4.47767021	799.8961663	76.03238232	146.9894928	38.57985436	4.771795854	11.37198761	1.348168055	0	320.0491051	16.24121074	145.4713266	171.7892666	644.8156856	5.226129598	256.9962341	745.3331769	77.6708474	231.0320523	635.986134	88.33325887	16.6649263	730.6282237	0	592.0569525	70.62339922	232.1962706	4.212177096	72.12926683	192.7820361	14.2297869	49.40039886	683.9073885	1326.046731	669.1935498	238.942333	103.0325642	172.593147	511.6071065	645.2179768	331.8297334	2.152433367	487.8945909	426.7286429	61.44105872	1325.554278	175.2904863	764.7654144	1171.93326	33.23012371	801.4369629	517.3310376
Megasphaera_micronuciformis	0	4.036346771	0	2.158291451	0.285725042	0	0	0	0	0	0	0	0	0	2.709446154	7.984185806	0	0	1.543915089	0	0	14.63746422	0	0	0	0	0	22.03113036	0	25.69548029	2.700090858	5.686779033	0	0	0	0	0	0	0	0	0	10.33661613	0	2.080482911	0	0	0	0	0	0	0	0	0	0	7.555576545	0	0	0	0.906841884	0	0	0	0.47312308	0	0	0	1.51978756	0	0	0	0	0	8.423702006	0	0.89814049	0	36.81345522	57.67791858	0	0	2.287821764	0	53.90691183	0	1283.246915	8.208657122	0	4.307230318	0	0	14.30806551	12.19906419	24.89054396	14.86600335	0	18.09718945	0	33.18200003	0	2.050553329	1.712264786	0	0	0	0	0	99.00058745	0	0	0	0	0	0	0	0	0	0	0	0	78.71677898	0	0
Metamycoplasma_arthritidis	0	0.772630937	0	0	2.250842137	0	0	0	0	0	0	0	0	0	0	0	0	0	12.30194022	0	18.77672948	10.99274642	3.374701737	0	0	112.3516661	165.7130485	0	3.827486846	0	3.28485115	0	0	2.437704153	238.9989345	0	15.58334546	0	0	0	7.184938614	0.443116273	0	0	0	0	0	0	0	0	0	0	0	44.52328189	0	0	0	0	0	40.191185	0	0	0	1300.524386	0	0	0	0	0	0	0	0	0	0	68.46096034	0	0	0	0	0	0	13.20326571	48.16488142	0	0	10.83451781	47.52410591	0	0	0	1.463817469	5.00717309	0	238.8100037	0	0	0	48.69862986	0.203280312	0	10.39422491	41.00087022	0	0	0	0	0	0	0	0	0	0	0	0	0	0	0	0	0	0	0	15.67110793
Metamycoplasma_cloacale	0	0	0	0	0	0	0	0	0	0	0	0	0	0	0	0	0	0	5.454018339	0	17.19323109	1.081051373	0	0	0	51.52413211	4.196781572	0	0	0	2.379533061	0	0	0	0	0	20.57017969	0	0	0	0	5.093067663	0	0	0	0	0	0	0	0	0	0	0	0	0	0	0	0	0	0	0	0	0	288.6408595	0	149.5968108	0	0	0	0	0	0	0	0	15.27486849	0	0	0	0	0	0	0	0	0	0	0	0	0.130987543	0	0	0	0	0	0	0	0	0	7.777626823	0	0	2.671636673	36.55341964	0	0	0	0	0	0	0	0	0	0	0	0	0	0	0	0	0	0	0	0
Metamycoplasma_hominis	290.096463	347.7351357	12713.60414	763.492278	984.9972429	1420.948569	1222.736297	1192.909353	24844.24183	1172.052133	5.264188789	772.0554334	1299.497823	19.01332338	27.27739741	154.920278	13.40577061	1138.550011	658.7727707	0	761.6253036	143.145679	136.7535085	866.631529	9465.780253	19.81785099	102875.8627	23738.5431	1328.855411	106.5302459	630.1819174	219.0864804	796.2217168	1669.962731	1608.912795	1060.259903	509.0833639	627.2696894	869.3646886	1276.671448	137.0225504	351.7979516	639.5582868	99.30988776	1522.184014	1888.387394	1761.375658	1174.436608	1148.39334	1068.567667	735.0858589	679.1376152	63.61326696	1474.954857	25.33343534	990.3603109	368.1765925	1696.346253	470.5669537	1248.176276	1492.335836	2015.176947	375.9940594	1651.569505	527.9631387	1508.421537	737.5676499	1153.947757	259.0125019	29423.7012	68.59548561	904.7613921	76.11983868	195.8421857	60.2147975	19.12559111	6.829941207	0	0	468.5935116	94.26856092	276.0630245	232.8871548	880.1370456	2.590751461	10324.75597	906.5943359	109210.5029	25034.31984	1327.151235	115.1996549	29.51220525	1290.570522	8.160613886	958.5428819	105.2113173	953.220614	13.55945043	97.91450599	299.2836995	36.09943537	75.41992483	825.737242	1106.176099	775.6926918	246.2370936	68.40723188	159.6006609	766.2183081	954.1328389	430.7931071	0.374665996	618.8776135	460.2317576	126.183981	1623.051463	258.2161129	1413.60341	1728.854876	72.65242204	1059.34052	570.2242611
Metamycoplasma_hyosynoviae	0	0.743761587	2.68417666	0	25.50311794	0	0	0	0	0	0	0	547.2655133	0	0	0	0	0	6.152766504	0	120.4867914	29.68149246	2.624133824	0	0	577.4620448	227.7735195	0	10.89507251	0	6.00695239	0	0	129.6326292	0	0	21.04772911	0	0	0	0	9.015123424	0	0	0	0	0.687399176	0	0	0	0	0	0	195.4679574	0	0	0	0	0	62.85475359	0	0	0	2138.01029	0	32.28098768	0	0	0	0.100179917	0	0	0	0	93.31346552	0	0	0	0	0	0	12.00618408	0	0	0	13.91020207	0	0.964173117	0.166312276	0	23.80060954	15.28166558	0.218760907	16.86805137	0	0	0	55.63048359	0.909814607	0	26.01248989	167.1565539	0	0	0	0	0	0	0	0	0	0.635015913	0	0	0	0	0	0	0	0	0	0.267230142
Metamycoplasma_orale	0	0	0	0	0	0	0	945.7764324	0	0	0	0	0	0	1.761662664	4329.729823	0	18937.94014	0.167967956	0	914.935624	393.7864635	0	0	0	1592.349711	0.189975467	45.21200074	0	0	0	0	0	0	0	0	480.5167237	0	0	0	152.6277455	0	0	0	896.3177766	0	0	0	0	0	0	0	0	165.5453183	10.80422835	0	7.021354272	0	0	0	0	0	0	0	5.922140494	0	0	0	0	0	0	0	0	333.8720912	0.318863608	0	0	0	0	0	3.969548474	0	0	0	0	0	0	0.08262665	0	0	0	0	0	0	0	0	2813.45254	25.8123668	0	0	0.110575589	0.347880226	0	0	0	0	0.230533952	0	0.726762958	0	0	0	5944.749143	29.14332416	0	0	0	0	0	0	781.3730708	0
Metamycoplasma_salivarium	3446.208202	2038.582065	69067.7186	4742.816856	3399.674742	11584.04831	3073.577593	11007.91296	4641.351371	9342.199646	1013.63697	3422.020962	4655.264198	363.0201119	102.4755014	169040.2424	240.9015717	19673.65349	6162.961984	556.5773945	5918.789775	1734.790782	6415.328229	2972.641934	2338.068302	4648.662828	8067.276559	738.4038379	8342.843501	220.7382192	5055.14059	133413.2608	6370.832607	13504.97352	5507.106992	5150.73871	3660.624954	1879.538016	4257.860502	5096.470258	11065.39399	2479.221061	14136.03944	2513.722146	4986.407731	7034.99003	69696.22206	4931.686117	5145.044801	4021.230547	7079.140699	2379.801058	1245.785176	7592.148693	13990.36297	7734.398275	1607.567456	6096.83467	6166.927808	29332.41374	9151.953811	11233.21539	173622.3635	15564.97055	3831.423492	6133.250148	3746.392841	3348.831987	4003.623852	3181.603968	85.23212321	26957.86584	5337.563744	6117.862997	123154.8378	501.0104458	710.3650657	728.1950287	17.17135865	3195.658709	4290.932131	2559.829069	5099.944479	41289.75651	220.3843523	1696.963605	4881.629331	526.123418	1583.73438	2925.829776	11257.17951	2048.974701	4362.918667	807.2820911	3143.649778	1246.756015	5665.965082	436.5823467	5008.083067	7750.515229	35751.26852	29361.37792	5278.048861	1793.93712	7499.61333	861.0085395	2581.444421	3339.795649	5044.862296	5172.131622	3420.915928	30.711199	12731.61572	9461.752332	673.5492569	8182.62202	2991.674087	3630.292607	5069.341214	2478.640316	35488.19443	20579.14439
Metamycoplasma_uncl	0	1.191695987	0	0.393901648	100.9830127	0	0	0	0	0	0	0	0	0	0	28.00544131	0	0	18.12962193	0	67.38156703	9.034799665	0	0	0	390.4673739	79.97039033	0	0	0	1.043924182	76.4661731	0	7.230545062	0	0	13.89538087	0	0	0.219237874	0	0.122650636	0	0	0	0	54.6234881	0	0	0	0	0	0	0	2.995392628	0	0	0	0	0	0	0	71.19976853	607.3642727	0	326.7334127	0	0	0	0	0	61.66653819	0.834889791	0	88.19811263	0	0	0	0	0	0	0	0	1.113642792	0	10.0917904	0	2.806978241	1.232398081	0	0.542733937	3.066478729	0	13.63045487	0	1.046212578	0	48.28338945	3.326937463	0	47.89004808	158.4271727	0	0	0	0	0	0	0	0	0	0	0	0	0	0	0	0	0	0	152.585895	0.101464866
Mogibacterium_diversum	0	0	0	0	0	0	0	0	0	0	0	0	0	0	0	0	0	0	0	0	0	0	0	0	0	0	0	0	0	0	0	0	0	0	0	0	0	0	0	0	0	0	0	0	0	0	0	0	0	0	1.357413845	0	0	0	0	312.4938723	0	0	0	0	0	0	0	0	0	0	0	0	0	0	0	0	0	0	0	0	0	0	0	0	0	0	0	0	0	0	0	0	0	0	0	0	0	0	0	0	0	0	0	0	0	0	0	0	0	0	0	0	0	0	0	0	0	0	0	0	0	0	0	0	0	0
Mogibacterium_uncl	0	0	0	1.001179246	0	0	0	0	0	0	0	0	0	0	2.940189994	4.063590627	0	0	0	43.11820232	0	0.281222239	3.048608236	0	0	0.306362749	0	0	0	0	0	0	0	0	0	0	0	0	0	0	0	0	0	10.79224342	0	0	0	0	0	0	0	0	0	0	0	0	0	0	0	0	0	0	0	0	0	0	0	0	0	0	0	0	0	0	0	0	0	0	0	0	0	0	0	0	0	0	0	0	0	0	4.634208671	0	0	0	0	0	0	0.539534429	0	3.099363505	0	0	0	0	0	0	0	0	0	0	0	4.363827409	0	0	0	0	0	0	0	0	0	0
Moraxella_uncl	0	0	0	0	0	0	0	0	0	0	0	0	0	0	0	0	123.2376766	0	0	0	0	0	0	0	0	0	0	0	0	0	0	0	0	0	0	0	0	0	0	0	0	0	0	0	0	0	0	0	0	0	0	0	0	0	0	0	0	0	0	0	0	0	0	0	0	0	0	0	0	0	0	0	0	0	0	0	0	0	0	0	0	0	0	0	0	0	0	0	0	0	0	0	0	0	0	0	0	0	0	0	0	0	0	0	0	0	0	0	0	0	0	1.030688996	0	0	0	0	1925.822176	0	0	0	0	0
Morganella_uncl	0	0	0	0	0	0	0	0	0	0	0	0	0	0	0	0	0	0	0	0	0	0	0	0	0	0	0	0	0	0	0	0	0	433.8954688	0	0	0	0	0	0	0	0	0	0	0	0	0	0	0	0	0	0	0	0	0	0	0	0	0	0	0	0	0	0	0	0	0	0	0	0.329063199	0	0	0	0	0	0	0	0	0	0	0	2.16175264	0	2.900111439	0	0	0	0	0	0	0	35.48990402	0	0	0	0	0	0	0	0	0	0	0	0	0	0	0	0	0	0	0	0	0	0	0	0	1683.411287	199.5035029	0	0	0	0
Mycoplasmatota_uncl	0	0	0	0	20.11370361	0	0	0	0	0	0	0	0	0	0.388517675	0.426801296	0	0	2.363182056	0	42.75605523	10.6734631	6.148978833	0	0	212.6446296	58.71080545	0	4.631923253	0	3.217235456	57.34116523	0	7.937229022	0	0	10.88738679	0	0	0.19307881	0	1.011801968	0	0	0	0	34.97611546	0	0	0	0	0	0	9.056492133	0	0	0	0	0	0	0	0	45.8286503	635.1606979	0	0	0	0	0	0	0	61.82655988	0	0	22.72546849	0	0	0	0	0	0	1.105441691	0.480217823	4.728844129	0	1.905537218	0	1.042911567	0.058039979	0	3.578899597	0	0	32.22629747	0	0	0	9.994930794	2.363073485	0	25.9424347	110.5575953	0	0	0	0	0	0	0	0	0	0	0.284923619	0	0	0	0	0	0	0	129.5846242	0
Mycoplasmopsis_felis	0	0	0	0	4.118705164	0	0	0	0	0	0	0	0	0	0	0	0	0	3.690281065	0	9.198368689	0.731457645	7.410240589	0	0	131.4799175	28.19330449	0	0	0	0	0	0	0	0	0	1.018399868	0	0	0	0	2.635219089	0	0	0	0	0	0	0	0	0	0	0	0	0	0	0	0	0	0	0	0	0	178.8380577	0	225.1266468	0	0	0	0	0	0	0	0	15.37412092	0	0	0	0	0	0	0	0	0	0	0.642990827	0	0.177256774	0	0	0	0	0	0	0	0	0	2.806652731	0	0	1.336107287	35.03027598	0	0	0	0	0	0	0	0	0	0	0	0	0	0	0	0	0	0	0	0
Neisseria_elongata	0	0	0	0	0	0	0	0	0	0	0	0	0	0	0	0	0	0	0	0	0	0	0	0	0	0	0	0	0	0	0	0	0	0	0	0	0	0	0	97.6191265	0	0	0	0	0	0	0	0	0	0	0	0	0	0	0	1.731941738	0	0	0	0	0	0	0	0	0	0	0	0	0	0	0	0	0	0	0	0	0	0	0	0	0	0	0	0	0	0	0	0	0	0	0	0	0	0	0	0	0	0	0	0	0	0	0	0	0	0	0	0	0	0	0	0	0	0	0	0	0	0	0	0	0	0
Neisseria_gonorrhoeae	0	0	0	0	0	0	0	0	0	0	0	0	0	0	0	0	0	0	0	0	0	0	0	0	24.77943167	0	15.18475132	0.625166594	0	0	0	0	0	0	0	0	0	0	0	0	0	0	0	0	0	0	0	0	0	0	0	0	0	0	0	0	0	0	2.137282569	0	0	0	0	0	0	0	0	0	0	0	0	0	0	0	0	0	0	0	0	0	0	0	0	0	0	0	0	0	0	0	0	0	0	0	0	0	0	0	0	0	0	0	0	0	0	0	0	0	0	0	0	0	0	0	0	0	0	0	0	0	0	0
Neisseria_meningitidis	0	793.1372598	0	0	0	0	0	0	0	0	0	0	0	0	0	0.590422626	47.01804948	0	0	0	0	0	0	0	265.5363131	0	266.5224244	207.9313789	0	0	0	30.60261761	0	0	0	0	0	0	0	1.776005495	78.78077263	0	0	0	0	0	0	0	0	0	0	0	0	0	0	0	0	0	0	0	0	0	0	0	0	0	2.402833393	0	0	0	0	0	0.784875024	3.964658904	0	0	0	0	0	0	0	0	0	0	0	2300.070824	0	2595.176588	2218.774093	855.9938358	0	0	0	96.170514	0	0	0	0	0	0	0	0	0	0	0	0	0	58.20168994	0	0	0	0	0.694132885	0	0	0	0	0	0	0	0	0
Neisseria_uncl	0	4394.925786	880.1494353	0	0	0	0	0	0	0	0	0	0	0	15.66640954	28.2220515	85.86633548	0	0	0	5.68837904	11.7667506	0	0	169.6308178	0	313.60733	256.8597447	129.9567692	0	14.49863823	62.9943776	0	0	0	0	13.02643242	0	2.088614643	7.441354638	1096.3718	0	328.1489515	0	323.4703321	0	0	0	0	0	368.9404604	0	9.389345194	0	51.94850058	0	0	0	1.92518564	0	0	0	1.052376495	0	0.643411274	0	0	0	0	0	0	0	2.572802517	0	0	0	59.12600064	4.539928524	0	0	0	0	0.764871826	0	0	6365.734411	181.6226741	7293.664375	7777.696247	5440.186945	164.5650391	0	15.84303195	6.447975288	0	1.467708293	0	0.988415001	1.012672241	0	15.98994447	0	0	0	0	0	0	0	0	0	0	3.367806599	0.952968888	0	0	0	116.8542085	0	0	1.377129173	0	17.2469313
Neisseriaceae_uncl	0	494.4823078	0	0	0	0	0	0	0	0	8.752396931	0	0	0	12.43012893	99.57353109	0	0	0	0	0	8.939251248	0	0	0	0.628267959	0	1.435152928	143.4179074	0	4.268353212	64.29807823	84.27808315	0	0	0	6.860362234	0	0	40.943017	1714.99482	0	411.8709568	0	385.2784392	0	89.94397756	0	0	0	196.062666	0	2.583754115	0	22.69328105	0	0	0	0	0	0	0	0	0	0.294193752	0	0	0	59.42015142	0	0	0	0	0	1.056648577	0	0	0	0	0	16.22502005	0	0	0	0	1709.117948	0	1727.820687	1571.122976	784.0481864	35.96574504	0	7.515965929	20.35211923	0	0	64.60690198	0	1.914111919	1.883248768	8.154049874	0	0	0	0	0	0.268875896	0	0	0	0	1.179685003	151.2664352	0	0	0	201.7297644	0	0	5.215358359	53.44174879	14.50677823
Paracoccus_acridae	12803.3338	5208.570785	27207.85878	23950.96158	31012.91158	38611.09326	25994.79244	34485.32245	15685.30265	107124.5029	42339.45162	15943.58883	34396.45264	13524.56611	878.8838144	1957.77321	2156.991155	83079.51947	67306.76228	2570.295376	8515.593152	3910.564201	4810.070788	76805.60929	3774.269333	10393.55518	6723.862847	2415.01167	29239.24077	8840.55815	8810.587616	4360.69128	39748.74771	17023.35937	29999.14227	33834.78747	9618.247102	6359.177715	29499.58409	20503.35309	7065.445817	8451.967466	28279.50822	27918.88927	84157.21826	37875.63326	15239.80997	30430.68138	45416.29878	63262.14135	15303.82791	48876.53392	6174.640694	82569.49455	7887.522245	35711.0063	6520.994267	37368.54926	11460.89124	24293.98235	26174.06053	95675.96817	9205.898063	11750.20758	18069.32226	32085.70289	16165.82837	35984.30412	10020.20777	19126.47835	44861.23026	23595.8927	2106.108066	3864.605803	1158.018363	1980.444813	1414.074388	582.630154	48781.51168	39480.98533	5157.250736	4870.121585	9500.316767	19715.00969	360.9281855	8344.198322	31118.96754	2406.721092	7768.591333	21814.43593	2930.56242	3874.97416	22611.09141	1376.285436	19271.32191	2077.942662	14462.53935	161.1991257	2042.862067	10569.63862	448.9392977	1474.876016	23854.48834	47917.62251	36245.1308	36176.36096	2816.926812	15299.85032	14436.60947	38642.16849	35693.26727	444.6024539	17663.97418	17703.49855	47610.07049	39493.78823	14356.52348	23560.13794	38880.14698	2702.846841	23646.86629	18940.2305
Parasaccharibacter_sp._TMW_2.1884	609.3376256	33.46247791	130.4743264	214.965402	103.7427537	156.535905	4.911658999	23.68207066	23.34575172	484.6711536	2149.526416	23.42324286	130.8797738	763.2635502	4.068494129	2.185037067	432.8262341	58.03796451	4.031230946	5206.757268	48.09173841	59.20144967	264.9234234	3372.854583	874.4220923	8.111195953	303.1469693	4.906457845	36.76364871	2742.053062	13.43072416	12.02814177	1539.00375	108.529624	403.2853986	118.4503332	18.87863788	28.3931399	139.6301031	53.18901475	468.8443527	9.86404409	210.6400243	58.6953245	70.16859999	136.1940475	30.84330215	80.33024083	26.27758463	182.304466	55.816382	1164.599325	209.4455692	190.9945801	1725.639181	177.9645978	74.24527954	100.5124325	83.66602081	147.3082186	345.6412655	1051.796853	134.4244589	8.47641306	1205.396689	396.8790953	165.6429527	64.24852357	10207.31926	5.993372409	164.9393183	43.16251438	45.22017204	1360.042545	7.378208597	4002.343773	62.28094534	2.758948658	0	269.0568407	352.5935742	207.323186	46.7690401	20.9083133	16.86987343	3.299140187	161.9259463	19.09932985	25.20282859	72.42021103	61.1809165	81.1631092	11.04267011	18.59845837	42.29509607	245.5394757	149.6045055	0.696809781	17.78395689	94.73374018	3.668392682	4.930578667	40.70261993	683.5133789	182.7228426	679.7883627	28.5747061	505.4605345	42.0433335	82.83877206	743.105222	139.1117814	267.7350101	151.4224732	0	149.4375014	9958.548618	39.46603567	148.637529	83.29910976	64.61853259	514.4257699
Parasedimentitalea_denitrificans	10279.08019	280.5524846	20096.7346	752.4064979	896.6967118	5281.691362	1518.385056	14516.0821	837.4246906	2146.203774	1661.128427	3152.301348	43607.33889	16.80385304	125.687411	107.6678119	12.05139902	1581.998371	1408.021376	773.5007391	619.3960301	916.3953007	120.3674558	197.099449	420.2558319	79.14107747	509.9011565	105.7589185	1946.896988	68.58938542	458.9082368	546.428109	4865.150856	2126.566336	41417.22007	16368.8986	2162.88576	1214.321452	67213.52732	1225.261614	235.9106532	348.5738739	1587.016187	39.33628282	28028.17085	21606.28071	4114.608214	193979.233	20506.70983	150267.5759	1937.676462	6082.609781	66.75334102	4938.826397	146.2891564	4757.004179	626.4011421	8838.274595	698.6929883	3042.471161	48319.65263	12409.26666	686.3525492	1164.232408	7015.111559	13985.48824	1155.021026	19950.0213	2639.223019	1151.630776	17858.54696	9359.63227	123.4562624	517.8213322	72.48261586	55.94480985	23.8107982	11.75327614	0	17494.89234	77.90847594	370.5294501	343.674202	2888.171453	9.553039611	471.1102356	48360.64585	179.4365806	582.7569608	2970.867191	170.9225907	38.58998791	1551.923307	14.67231047	875.6732343	398.3890481	853.6823946	14.67594698	104.307323	1139.735523	29.42405017	110.355653	7672.607971	18975.83786	61846.29174	20958.1913	116.1789662	428.7613441	807.6587873	9836.393662	43229.72541	1.632296558	1601.792455	2213.371593	70.40839018	3459.710263	578.2461102	2126.207114	25747.95358	91.44929116	6438.704205	1208.211497
Parvimonas_micra	0	3573.279703	0	45.06730865	37333.72823	2.671405327	0.540576281	0	0.262186645	0	199.4504377	0	612.6013077	3656.21565	14.32159117	28.70665682	0	1270.544217	1176.763731	785.7377348	9009.754678	4606.978818	0.779168424	0	3.174699042	2942.059602	0	10.80620788	78.86265827	6374.991779	25.71983069	4341.389317	6.714200373	296.0341489	5053.178794	0	549.5997215	1008.781208	0	3698.33756	166.8562973	1022.035951	275.3218485	23.53296419	135.7412274	0	86.24479189	0	0	0	567.5509088	16.20899116	0	20.75850358	305.6403526	8.173822662	0	0	22.87925233	12.09804729	0	1.976841445	1.104752739	2932.855597	7.24036764	0.739415533	37.0333501	3.045695421	1837.909125	0	50.82306706	146.1203799	4.481778022	738.8083993	1.229906185	47.53660433	21858.99799	1066.834768	64.23622845	0	2.343291939	1754.744172	0.652724263	0	274.2887591	2419.123703	0	3766.45105	24703.62365	0	1223.729576	1255.83454	178.524241	10684.55581	5.003188446	377.8655459	8.65317593	8944.928721	2031.010257	2.629787822	2065.761152	1.519095922	1.021502117	10.50088561	10.215425	2.056934397	1.048308957	1.23119733	10831.95032	104.4257044	29.75012398	25.2706213	157.8825553	1.060948813	277.4008045	1.250130207	1.758227532	0	27.47643006	0	1.185317292	1455.929398
Parvimonas_sp._C2	0	0	0	0	0	0	0	0	0	0	0	0	0	0	0	0	0	0	0	0	0	0	0	0	0	0	0	0	0	0	0	0	0	0	0	0	0	0	0	0	0	1.014555311	0	0	0	0	0	0	0	0	0	0	0	0	0	0	0	0	0	0	0	0	0	0	0	0	0	0	0	0	0	0	0	0	0	0	0	0	0	0	0	0	0	0	0	0	0	0	0	0	0	0	0	0	0	0	0	0	0	0	21.39900914	0	0	0	0	0	0	0	0	0	0	0	0	0	0	0	0	0	0	0	0	0
Parvimonas_uncl	0	19955.66812	3759.646202	153.1335275	111731.5967	0	0	163.2462727	0.602462603	0	6631.246627	2.067087139	0	29403.85345	50.71471854	234.8242928	0	1434.517284	7265.374804	7476.002063	33892.00471	25278.40102	28.39037061	0	38.67719791	14644.84166	4.963150381	52.24076059	656.4752093	31165.66915	181.478292	18768.25115	0	746.6594411	9072.722428	0	2434.157605	5222.991071	0	11924.92647	744.7604966	3548.382664	1215.02043	244.9674201	220.8917376	154.3189337	581.8761513	0	59.5922077	0	693.1834467	0	20.3728293	1687.767489	2927.520529	49.26734395	278.6386269	0	1964.011949	400.5947774	20.15493867	0	133.4880983	11327.93103	752.4957264	0	466.4586873	0	18717.69779	13.00767468	0	1696.710426	89.30580228	4140.43121	36.32892638	1126.99823	103643.2509	9392.872023	0	0	586.4543683	9728.170858	29.43668197	0	1454.176224	13036.1075	0	18516.34756	88291.38667	0	7649.996323	6623.104154	1071.224831	56338.01281	0.511166346	2057.616723	54.01073318	40192.42441	9522.542967	12.57819226	11522.27049	13.03035761	13.96543528	0	0	0	3.816236042	4.75117538	36331.0846	0	0	109.1589285	408.6463529	33.82901433	0	9.198005822	29.12602055	0.3046501	16.5643849	28.77697929	0	6720.248283
Pasteurellaceae_uncl	92.73120164	63.85031217	249.636426	185.0877898	232.9238781	363.4141985	23130.21911	503.6078308	21555.58318	376.843352	12.55929848	147.5144817	211.3868953	0	101.7198957	39.02620397	11977.51789	119.3863119	148.4017403	56.47351055	124.6709731	865.4003771	21.68794071	78.46300063	26.71077559	4.550802196	92.18811263	23.92019836	390.5609189	5.600951266	187.887303	264.0153713	6056.758508	201.9301722	746.4203353	230.6370317	220.8038741	29948.41273	517.0314606	3948.184066	826.8765919	68.59386301	470.030937	7.761359045	309.7143965	417.281841	551.5213548	232.0961626	412.3595417	2389.569101	3653.263106	258.6772501	54.29386594	1352.606123	1406.065453	316.1150797	66.55670687	344.5717056	113.4621744	262.9172789	176.4528505	208.3633177	81.58783905	83.54622248	134.1460266	241.4226257	31521.90449	236.7476214	1807.482343	179.089562	13.81319018	487.4050501	39.29995075	671.39366	11.93107665	204.3937621	2.708229175	447.7198133	14.80198399	83.19777642	274.8809077	6655.962794	81.62890283	180.8148923	60.75260743	487.8250425	208.8367667	22.80218553	58.16030751	12660.7043	578.3838883	68.55121387	353.827047	2435.435779	21384.35002	10619.33265	88.4673197	255.3203734	21.08923319	4311.121514	388.7486973	14.42877368	163.6188733	313.6714122	166.4147835	70.22563775	62.97049523	2658.382443	4829.23786	260.0947016	393.8675769	10.16202556	168.6150662	131.9331868	35.29547817	342.3209077	6186.67021	222.398759	340.2443094	84.68722473	1135.922947	191.7194528
Pauljensenia_uncl	0	0	0	0	0	0	0	0	0	0	0	0	0	0	0	0	0	0	0	0	0	0	0	0	0	0	0	28.62326922	0	0	0	0	113.79096	0	0	0	0	0	0	0	0	0	0	0	0	0	0	0	0	0	0	0	0	0	0	0	0	0	0	0	0	0	0	0	0	0	0	0	0	0	0	0	0	0	0	0	0	0	0	0	0	0	0	0	0	0	0	0	0	0	0	0	0	0	0	0	0	0	0	0	0	0	0	0	0	0	0	0	0	0	0	0	0	0	0	0	0	0	0	0	0	0
Peptoniphilaceae_uncl	0	0	0	0	0	0	0	0	0	0	0	0	0	0	0	0	0	0	0	0	0	0	0	0	49.45810968	0	47.95041532	58.39735576	0	0	0	0	38.38017917	0	0	0	88.14643732	0	0	0	0	0	0	0	0	0	0	0	0	0	0	0	0	0	0	0	0	0	0	0	0	0	0	0	0	0	0	0	0	0	0	0	0	0	0	0	0	0	0	0	0	0	0	0	0	0	0	0	0	0	0	0	0	0	0	0	0	0	0	0	0	0	0	0	0	0	0	0	0	0	0	0	0	0	0	0	0	0	0	0	0	0
Peptoniphilus_lacrimalis	0	0	0	0	0	0	0	0	0	0	0	0	0	0	0	0	0	0	0	0	0	0	0	0	0	22.2666678	0	0	0	0	0	21.51774595	0	0	0	0	0	0	0	0	0	0.976618919	0	0	0	0	0	0	0	0	0	0	0	0	0	0	0	0	0	0	0	0	0	0	0	0	0	0	0	0	0	0	0	0	0	0	0	0	0	0	0	0	0	0	0	12.7010724	0	17.84846556	0	0	0	0	0	0	0	12.5966803	0	0.507074424	0	0	0	0	0	0	0	0	0	0	0	0	0	0	0	55.56661645	0	0	0	0	0	0	0	0
Peptostreptococcus_anaerobius	0	0	0	0	0	0	0	0	0	0	0	0	0	0	0	0.80089008	0	0	0	0	0	0	0	0	16.88177998	2.592335389	24.90788485	0.744872756	0	0	0	0	0	0	0	0	0	0	0	0	0	0	0	0	0	0	0	0	0	0	0	0	0	0	0	0	0	0	0	0	0	0	0	0	0	0	0	0	0	0	0	0	0	0	0	0	0	0	0	0	0	0	0	0	0	54.1722974	0	160.843309	0	0	0	0	0	0	0	7.965387397	0	0.70236205	1.648948111	0	0.944073933	0	0	0	0	0	0	0	0	0	0	0	0	0	0	0	0	0	0	0	0	0
Peptostreptococcus_uncl	21.55966985	71.35793092	0	82.06417708	0.391408239	0	45.58573954	0	45.49493177	140.7020102	588.8649703	8.361312794	0	134.6456884	0	4.971793337	100.7718346	83.0862424	1.308194875	85.12913963	24.43617482	26.02045918	84.28005115	0	689.1338872	2.499924217	600.1910124	20.16487329	30.14832987	0	38.8125788	26.84339283	3.022100171	61.2747249	142.2371462	0	12.71288309	48.94336357	0	13.90439853	156.9391035	5.030190284	25.7635611	0	12.52391943	0	45.87510548	0	97.32082579	116.2081882	186.652747	24.07661777	7.329906836	53.26458197	4.345281358	0	3.530122942	142.7028362	72.54375217	19.88474286	0	0	18.59198475	83.5695878	195.8949029	83.51874495	23.82809781	50.96571103	219.498249	17.21278295	0	4.531638609	18.34327966	0	1.173463319	22.45953529	21.8814246	187.4971438	0	0	0	19.21557902	50.0849403	41.24602935	18.29769476	601.5300612	9.633689459	763.476544	86.33996346	30.90950806	48.36745295	10.78875745	31.38891062	11.06504401	9.874174937	265.0445822	21.57729102	7.226142353	11.07626379	51.19000932	3.55686683	8.229869794	17.09349574	67.35958121	71.34086293	0	112.5458817	51.57231762	16.60374587	0	0	0.665410018	192.0679159	93.55283448	0	75.83241332	53.32669993	23.78903558	0	104.6360789	90.34438225	0
Porphyromonas_asaccharolytica	0	0	0	0	0	0	0	0	0	0	0	0	0	0	0	0	0	0	0	0	0	0	0	0	0	0	0	0	0	0	0	0.74879918	0	0	0	0	0	0	0	0	0	0	0	0	0	0	0	0	0	0	0	0	0	0	0	0	0	0	0	0	0	0	0	0	0	0	0	0	0	0	0	0	0	0	0	0	0	2.748086656	0	0	0	0	0	0	0	147.6648053	0	0	0	0	0	0	0	0	0	0	0	0	0	0	0	0	0	0	0	0	0	0	0	0	0	0	0	0	0	0	0	0	0	0	0	0
Porphyromonas_bobii	0	0	0	0	0	0	0	0	0	0	0	0	0	0	0.693734804	0.169354179	0	0	0	0	0	0	0	0	0	0	0	0	0	0	0	0	0	0	0	0	0	0	0	0	0	0	0	0	0	0	0	0	0	0	0	0	0	0	0	0	1.297116006	0	0	0	0	0	0	0	0	0	0	0	0	0	0	0	259.9429716	0	0	0	0	0	0	0	0	0	0	0	0	0	0	0	0	0	0	0.310301308	0	0	0	0	0	0	0	0	0	0	0	0	0	0	0.974476919	0	0	0	0	0	0	0	0	0	0	0	0	0	0	0
Porphyromonas_crevioricanis	0	0	0	0	0	0	0	0	0	0	0	0	0	0	0	1228.046083	31.02455282	0	0	0	0	0	0	0	0	1.446415819	0	0	0.605379574	0	0.259776437	0	0	0	0	0	0	0	0	0	0	0	0	0	0	0	0	0	0	0	0	0	0	0	0	0	0	0	0	0	0	0	0	0	0	0	0	0	0	0	0	0	0	0	0	0	0	0	0	0	0	0	0	0	0	0	0	0	0	0	0	0	0	0	0	0	0	0	0	0	0	0	0	0	0	0	0	0	0	0	0	0	0	0	0	0	0	0	0	0	0	0
Porphyromonas_endodontalis	0	907.526677	7.775626161	1.088781355	73.84665283	0	0	0	0.91145792	0	486.7534456	0.626355891	0	2211.3917	0.939318208	10.04644907	678.1331501	0	126.2658699	246.2352497	8302.994265	15.29895367	0	0	18.93285549	1081.787833	1.383606785	0	110.5879003	0	109.6427429	1126.064556	598.4023239	49.40168159	12.36624612	0	1163.743272	1.749097942	0	62.35262483	868.6675214	351.989283	25.9622518	4.933866632	0	0	0	43.79712595	0	0	151.3371463	7.900384349	0.595338372	315.1328412	425.9850371	0	7.303821631	0	0.820954982	0	0	0	48.8044431	510.8116979	3.54424516	42.09344745	91.73458315	0	2776.376268	0	0	159.48589	44.38452594	88.05443328	5.774550787	355.3999853	2877.22969	146032.0484	0	0	0	1303.844487	898.477202	2.050907537	278.753485	2276.498021	0	265.93102	91.40284518	0	432.5121797	104.5663385	195.4777558	71634.3701	3.358842011	6426.330591	0	61895.87553	404.4270476	11.64879396	1908.605542	1.034295534	0	0	0	0	0	57.27961176	3228.197297	0	0	13.479724	1770.60601	478.3821879	15.66095903	0	386.0736571	0	0	0	0	282.6924926
Porphyromonas_gingivalis	0	13.90899606	0	0	65.71101674	0	0	0	0	0	0	0	0	0	0	0	0	0	0	0	0	0	0	0	0	172.4153014	0	0	0	0	0	0	0	0	0	0	0	0	0	0	0	59.28454524	0	4.196029101	0	0	0	0	0	0	0	0	0	0	0	0	0	0	0	0	0	0	0	0	0	0	0	0	0	0	0	0	0	0	0	0	0	0	0	0	0	353.3210502	0	0	0	79.87776921	0	36.81770549	0.189254978	0	0	0	0	0	0	0	0	9.702297465	0	0	3.103558211	0	0	0	0	0	0	0	0	0	0	0	0	0	0	0	0	0	0	0	0	0
Porphyromonas_gulae	0	0	0	0	0	0	0	0	0	0	0	0	0	0	0	0	0	0	0	0	0	0	0	0	0	0	0	0	0	0	0	0	12.03045054	0	0	0	18.93077849	0	0	0	0	0	0	0	0	0	0	0	0	0	0	0	0	0	0	0	0	0	0	0	0	0	0	0	0	0	0	0	0	0	0	0	0	0	0	0	0	0	0	0	0	0	0	0	0	0	0	0	0	0	0	0	0	0	0	0	0	0	0	0	0	0	0	0	0	0	0	0	0	0	0	0	0	0	0	0	0	0	0	0	0	0
Porphyromonas_loveana	0	0.847267914	0	0	0	0	0	0	0	0	0	0	0	0	0	0	0	0	0	0	0	0	0	0	0	0	0	0	0	0	0	0	0	0	0	0	0	0	0	0	0	0	0	0	0	0	0	0	0	0	0	0	0	0	0	0	0	0	0	0	0	0	0	0	0	0	0	0	0	0	0	0	0	0	0	0	0	0	0	0	0	0	0	0	0	0	0	0	0	0	0	0	0	31.79963007	0	0	0	55.08495308	0	0	0	0	0	0	0	0	0	0	0	0	0	0	0	0	0	0	0	0	0	0	0	0
Porphyromonas_somerae	0	44.07656858	0	0	0	0	0	0	0	0	0	0	0	8.8663963	19.19711191	0.510267664	0	0	0	0	0	19.07235586	2.800260121	0	0	2.371330615	0	2.147071119	0	0	0	13.51639535	0	0	0	0	850.0358137	0	0	0	8.129889009	3.332181889	0	0	0	0	0	0	0	0	11.89918072	0	0	0	142.4334329	0	0	0	598.381363	0	0	0	0	0	0	0	0	0	0	15.39414436	0	0	415.0313335	25.73550366	1.897465861	0	81.36391401	0	0	0	0	0	351.2301778	0	0	5.877098027	0	1.406855346	0.878849023	0	0.189788517	80.35147937	0.700331024	49.53994325	0	2.577789307	0	18.09916976	0.632631495	0	4.633837345	0	0	0	0	0	4.784262128	59.81840663	7.483084604	0	0	0	8.855773184	0	0	0	61.15815473	1.185609526	0	1.159653599	39.3421049	0
Porphyromonas_sp.	0	34.42422119	0	0	0	0	0	0	0	0	0	0	0	0	210.0925374	2.207049479	0	0	0.676159065	0	0	123.5622068	10.18317018	0	0	7.438931614	0	2.939318372	0	0	0	8.484448736	0	0	0	0	6389.828537	0	0	0	21.41446773	13.44197302	0	0	0	0	0	0	0	0	94.08975196	0	0	0	0	111.2523032	0	0	0	0	0	0	0	0	22.36857662	0	0	0	0	0.178055803	0	0	568.0512198	0	0	0	0	0	0	0	0	0	248.8268821	0	0	0.997350731	0	0	8.323040743	0	7.668528731	42.98006706	2.138493184	23.03161371	0	0	0	0.722557917	0	0	0.800828539	0	0	0	0	0	70.82549568	0	0	0	0	0.330324791	6.807653657	0	0	0	307.9949432	0.803549575	0	0	28.31820538	0.316642824
Porphyromonas_sp._KLE_1280	0	0	0	0	0	0	0	0	0	0	0	0	0	0	0.681111011	0	0	0	0	0	0	84.82095385	0	0	0	0	0	0.410697712	0	0	0.89224289	0	0	0	0	0	1568.112575	0	0	0	0	0	0	0	0	0	0	0	0	0	0	0	0	0	0	0	0	0	0	0	0	0	0	0	0	0	0	0	0	0	0	0	0	0	0	0	0	0	0	0	0	0	0	0	0	0.356330731	0	0	23.67383058	0	0	0	0	0	0	0	0	0	0	0	0	0	0	0	0	0	0	0	0	0	0	0	0	0	0	0	0	0	0	0	0	0
Porphyromonas_sp._oral_taxon_275	0	401.280906	0	0	0	0	0	0	0	0	0	0	0	0	1.911141774	0	0	0	0	0	0	3.838720279	0	0	0	0.871227399	0	198.4981751	0	0	0	1.324247114	0	0	0	0	0.593845006	0	0	0	3.136269193	0	0	0	0	0	0	0	0	0	0	0	0	0	0	0	0	0	0	0	0	0	0	0	0	0	0	0	0	0	0	0	0	0	0	0	0	0	0	0	0	0	0	0	0	0	0	0	0	0	0	0	0	0	35.05153298	0	0	0	0.836626246	0	0.618701193	0	0	0	0	0	0	0	0	0	0	0	0	0	0	0	0	0	0	0	0	0
Porphyromonas_sp._oral_taxon_278	0	11.77904389	0	0	0	0	0	0	0	0	0	0	0	0	7.828827475	13.52666192	0	0	0	0	3.976121059	2.9229222	0	0	0	9.870413557	0	2.63238454	9.034460672	0	0	6.602683386	0	0	0	0	0.678258362	0	0	0	1.194026939	0.915196345	0	0	0	0	0	0	0	0	127.7954007	0	0	0	0	0	0	0	0	0	0	0	0	0	0	0	0	0	0	0	0	0	3.379941422	0	0	0	0	0	0	0	0	1.856614593	25.90265799	0	0	0	0	0	0.44210507	0	100.1679197	0.732261735	0	0	0	0	0	0.508877169	2.687026016	0	77.37451097	0	0	0	0	0	1.385689252	0	0	0	0	0	0	0	0	0	0	0	0	0	0	0
Porphyromonas_sp._oral_taxon_279	0	20.29325244	0	0	0	0	0	0	0	0	0	0	0	0	17.34571116	0.089224771	0	0	0	0	0	19.58476961	0	0	0	0.251517659	0	0	0	0	0	0	0	0	0	0	701.3875073	0	0	0	0	1.716444013	0	0	0	0	0	0	0	0	0	0	0	0	0	0	0	0	0	0	0	0	0	0	1.18261843	0	0	0	0	0	0	0	40.39082864	0	0	0	0	0	0	0	0	0	5.651182453	0	0	0	0	0	10.22856095	0	0	3.095190357	0	0	0	0	0	0	0	0	0	0	0	0	0	0	0	134.704459	0	0	0	0	0	0	0	0	6.164888543	3.961216751	0	0	1.935018641	4.244681338
Porphyromonas_uenonis	0	2.702145816	0	1.537290031	0	0	2.802969309	0	1.586056709	0	0	0	0	0	0.257977197	0	0	8.050222051	0	52.9656865	2467.292356	0.690897494	0	0	1.567742089	0	1.149494416	0	19.84609486	0	0.202767228	108.7641577	0	0	0	0	0.320642816	1.813802591	0	3.83254179	0	7.275810947	16.2717228	0	0	17.27172633	2.444660226	0	0	24.77069274	0	0	3.906068775	21.44600274	0	0	0	56.49100999	0	8.241702633	0	8.814037419	1.887156346	0.767824026	4.364795653	0	1.881165617	0	0	7.838136943	0	9.659545457	5.865022314	89.89221803	0	0	0	18449.72241	0	0	0	0	6.990238379	2.09331352	0	309.3311643	0	225.9728413	27.57264704	0	7.273858963	0	0.777999315	2082.179598	0	384.1560665	0	339.2391202	0	0	0	1.128980314	4.554516958	15.95358502	0	0	0	0	0	19.69756516	35.69636614	0	15.51360902	24.46529717	0	0	0	3.622014816	0	4.347883571	9.543776267	0
Porphyromonas_uncl	238.8255236	5734.658578	943.4308331	582.9753354	708.7164276	1010.161477	600.2885467	1008.484516	530.9210274	1056.175177	4837.682227	493.8105712	845.5885794	860.3623477	8186.598452	295.0376943	1935.208349	724.192883	887.4433158	93.26919256	10332.41421	3303.672812	109.2987844	255.3146114	202.5181473	1519.013247	184.9397572	1144.112508	955.4736261	60.41629302	450.883104	2025.741813	2799.231128	630.0623041	981.38771	1032.759896	105176.4742	378.423388	1045.926004	793.1279859	7883.540125	2076.504281	866.1074935	75.58648923	714.3695414	1398.255233	867.2539032	790.2938427	879.4066283	689.0008633	2241.715192	1173.87524	128.410019	1266.880881	815.6947579	1038.876206	604.3392518	1030.702498	791.9405229	775.9968743	2672.276831	859.3320452	243.3052792	1099.708892	6385.711208	1676.809306	454.177554	1521.642673	3761.512591	2232.313364	7.21654086	721.1991994	46272.64225	2408.74425	80.28609108	231.4151458	3963.701891	174195.4226	0	864.5848684	51.74952789	1324.861839	48330.31418	1413.58788	293.702108	3283.340598	1300.959494	988.5960478	1344.754908	1378.001812	940.032609	3989.61656	1090.340938	65860.86077	576.2472682	7330.230638	352.0586637	52543.03976	536.6115595	474.2638081	2548.415565	113.2127947	1023.685452	757.2192803	718.7747856	336.3322172	1056.213477	1373.448702	4405.674137	586.6017041	5980.679546	32.4423263	3100.947044	879.60038	117.146411	851.144761	32153.85004	2828.21102	685.8958901	37.36051072	5134.556842	2761.86745
Prevotella_amnii	0	0	0	0	0	0	0	0	0	0	0	0	0	164.8149596	0	0	0	0	0	0	0	0	0	0	0	0	0	0	0	24.9999027	0	0	0	0	0	0	0	0	0	0	0	0	0	0	0	0	0	0	0	0	0	0	0	0	0	0	0	0	0	0	0	0	0	0	0	0	0	0	0	0	0	0	0	0	0	0	0	0	0	0	0	0	0	0	0	0	0	0	0	0	0	0	0	0	0	0	0	0	0	0	0	0	0	0	0	0	0	0	0	0	0	0	0	0	0	0	0	0	0	0	0	0
Prevotella_aurantiaca	0	0	0	0	0	0	0	0	0	0	0	0	0	26.09051402	0	25.00018809	9.355806504	0	21.68140623	0	26.95235193	0.133463132	41.23863465	0	0	23.91737491	0	6.941372932	0	0	6.854621987	0.207184087	0	0	0	0	4.088021258	0	0	1.530047911	0.436162346	0.22192016	0	0.910543833	0	0	0	0	0	0	0	0	0	0	13.54942036	0	0.726790018	0	0	0	0	0	0.18227436	0	0	0	0	0	0	10.04825663	0	0	5.161295357	1.380576575	14.9923361	0	0	0	0	0	24.67923347	0.226065636	0.36827162	0	0.904034914	4.36044206	0	3.169575109	0	0	2.321498102	0	3.531789191	4.556194594	0	15.66013838	0	3.424716338	0	0	0.057362033	0	0	0	0	0	49.84103856	0	0	0	0	2.41866355	0	0	0	0	0	0	0	44.23453177	0	0.061195767
Prevotella_bivia	0	0	6.010052358	44.64625935	6.596929618	0	0	0	1.572949398	19.55164409	0	0	0	29.09954023	2.942850984	212.5689943	188.5385394	0	6.848957989	191.0955404	8523.566256	152.7336943	746.1591541	0	832.7408992	27.42889989	6511.350061	943.2357542	0	676.8189509	56.63495485	35.42293132	46.1570736	35.22573235	10614.05416	0	25.55289063	0.113336032	0	2.137354663	42.09371823	32.53894084	0	11.40433111	0	0	11.25205672	0.593154381	0	0	0	0	0	0	67.84629535	0	457.251081	0	0	0	0	0	34.98654103	5.119492977	0	0	0	0	0	53.64617928	0	0	776.6492591	5.781208143	129.8731073	0	2.424166026	233.0293124	0	0	802.4625032	5892.147574	3.890869723	0	136.6747596	912.2275807	0	3769.947454	520.660085	0	98.85365699	35.86569385	1.61520248	55.34926471	0	9422.321046	15.03398636	45.0127067	5.462796344	211.4667738	165.9614573	965.2160298	0	0	0	0	555.9018341	110.8696754	7.789665584	0	0	0.854118413	36.46984278	0	0	0	0	0	0	237.6831484	0	42.51577045
Prevotella_brunnea	0	0	0	0	0	0	0	0	0	0	0	0	0	29.89704307	0	0.196503822	0	0	0	0	0	1.437174845	0	0	0	0	0	0.808950039	0	0	0	0	0	0	0	0	25.34551383	0	0	0	379.2617064	4.580275904	81.44609638	0	0	0	0	0	0	0	0	0	0	0	0	0	0	0	0	0	0	0	0	0	0	0	0	0	0	0	0	0	0	0	0	0	0	0	0	0	0	0	0	0	0	0	0	16.28189241	0	0	0	0	0	0	0	0	0	3.101927413	0	0	0.617693208	0	0	0	0	0	0	0	0	0	0	0	0	0	0	0	0	0	0	0	0	0
Prevotella_corporis	18920.7222	10161.28026	35431.97171	45443.36681	22642.72476	41137.95413	63110.00442	75910.06778	45491.15782	48218.38074	36665.32571	47768.82345	63425.17177	204.8409371	993.3114313	7353.008276	160.1983648	103195.2565	69591.15941	4033.577285	52070.24215	15368.1492	36583.62897	6873.162016	45298.07065	3669.198125	4603.844404	10092.14469	50921.90381	9376.910942	64425.65747	33851.15699	29893.7048	85508.73093	73509.93384	57964.73081	41618.82322	26759.66505	41311.98752	47933.16664	81180.06177	27249.69912	97911.58149	3866.083631	94969.3337	45512.98492	88508.12953	35397.07635	50800.27192	18238.19156	76740.37604	30974.44123	12498.39506	43252.40185	3177.040527	49585.40412	48443.4629	44650.38363	84523.5611	29868.05223	67957.52653	41554.86445	44843.73166	106510.3867	39577.07475	83984.78037	47383.8533	72908.37697	30583.50704	79770.27623	11.36428309	53353.97613	10606.64759	30848.87535	10342.17678	3095.927601	8051.235736	271.9911689	76.13976737	25562.44185	30195.84419	44757.05166	36762.38909	87737.83373	1452.777814	73791.70047	62188.44657	15675.44544	67089.46609	101636.5695	28699.49828	12595.37404	113849.2258	3744.956665	31749.29714	21617.05731	62587.1127	827.1570818	11104.78801	74716.19862	5016.428251	7438.733753	104065.0205	7696.852116	33481.93225	9137.101803	14050.31252	9230.424501	54708.58735	30874.69479	53296.45472	2.900485039	49012.31771	91539.31904	9201.059678	31499.31314	24825.89766	94268.12677	47616.80255	13725.5014	66065.33963	28311.43151
Prevotella_dentalis	0	0	0	0	0.594940523	0	0	0	0	0	0	0	0	0	0	0.47673536	0	0	0	0	1.074675719	0	0	0	0	0.316534476	0	0	0	0	0	0	0	0	0	0	0	0	0	0	0	27.86089188	0	0	0	0	0	0	0	0	0	0	0	0	0	0	0	0	0	0	0	0	0	0	0	0	0	0	0	0	0	0	0.548123297	0	0.233765025	0	0	0	0	0	0	0	0	0	0	3.831259572	0	0	15.49447211	0	0	0	0	0	0	0	0	0	0	0	0	0	0	0	0	0	0	0	0	0	0	0	0	0	0	0	0	0	0	0	0	0
Prevotella_denticola	0	31.0674583	0	0.573167444	57.47946441	14.95807832	0	0	0	31.1920963	0	1.564299992	0	22962.15321	0.317431713	159.5321404	69.87360302	0	2369.497897	14401.21355	349.5451966	829.1886399	3.909572057	0	34.53186114	2463.655354	74.43703559	1.030044587	0	3372.54084	40.74771615	49.11697433	0	0	0	1.725087988	7.357562073	0.060242123	0	1.94477513	222.8183044	5.646852598	0	0.591702337	0	0	646.0292873	0	0	0	1.587258599	0	0	0.951962742	356.8483007	0	76.84048855	0	0	99.3104299	14.63852456	0	0.439757852	0	0	0	3132.010723	0	0	18.04183074	0	0	120.3153727	48.81365075	91.44763953	97.57842077	217.291824	901.4198096	9.396752013	0	42.50729951	6.054072357	50.93731796	0	131.4800307	848.129389	0	4703.815801	90.74956298	0	436.2710704	2890.440761	49.29054852	98.9835926	382.4678528	186.2830728	5383.827751	23.82227313	24.48773768	31.64473188	1060.056314	79.11778235	0	0	0	0	4.296883195	121.2926973	213.2160608	0	0	3.150863118	0	0	0	0	0	1.714588654	14.62885284	0.225149565	0	110.5766822
Prevotella_disiens	0	0	0	0	0	0	0	0	0	0	0	0	0	160.9966116	0	86.23627161	13.99559539	0	0	0	17.61819525	0	0	0	5.695367607	0.543748116	52.41657884	0.042186466	0	30.63638199	1.054697978	0	0	0	0.73460914	0	110.5751571	0	0	0	0	18.24663207	0	0	0	0	0	0	0	0	0	0	0	58.25168133	10.81009702	0	28.10056332	0	0	0	0	0	0.545337956	0	0	0	0	0	0	2.161962758	0	0	11.2989023	21.06430963	2.16845313	0	0	0	0	0	34.28128799	0	16.59978671	0	0	0	0	0.19352858	0	0	7.311136138	78.22286249	0	0	0	16.47568555	0	3.255639421	0.374190856	0	9.55435364	0.501915788	0	0	0	0	0	5.273146137	0	0	0	0.391150486	0	0	0	0	0	0	0	1.898491072	0	0
Prevotella_falsenii	0	5.172518318	0	0	0	0	0	0	0	0	0	0	0	0	0	37.60315413	0	0	0	0	0	0	0	0	0	8.365768731	0	0	0	0	0	0	0	0	0	0	0	0	0	29.94793529	0	0	0	0	0	0	0	0	0	0	0	0	0	0	0	0	0	0	0	0	0	0	0	0	0	0	0	0	0	0	0	0	0	0	0	0	0	0	0	0	0	116.4759713	0	0	0	0	0	0	0	0	0	0	0	104.2667609	0	0	0	120.5421365	0	0	7.426177002	0	0	0	0	0	0	0	478.1414369	0	0	0	0	0	0	0	0	0	0	0	0	0
Prevotella_fusca	0	0	0	0	0	0	0	0	0	0	0	0	0	0	0	0	0	0	0	0	0	0	0	0	0	0	0	0.812125505	0	0	0.42344324	0	0	0	0	0	0	0	0	0	0	0	0	0	0	0	0	0	0	0	0	0	0	0	0	0	0	0	0	0	0	0	0	0	0	0	0	0	0	0	0	0	14.96984433	0	0	0	0	0	0	0	0	0	0	0	0	0	0	0	0	0	0	0	0	0	0	0	0	0	0	0	0	0	0	0	0	0	0	0	0	0	0	0	0	0	0	0	0	0	0	0	0	0
Prevotella_histicola	166.0509188	169.4640746	558.0727738	533.6886384	614.9134208	654.547146	393.824375	636.4664925	394.4178251	838.1846687	27.79607377	444.4445337	904.4881325	49.89810806	33.99878392	173.1645225	661.9093279	453.8202101	521.0211974	207.391778	271.0726673	347.8806826	93.88526262	185.2301635	160.1944011	99.57064988	122.8850766	303.0301016	564.2103223	18786.02995	275.4147894	149.7467746	545.6548195	395.3360105	572.8060065	905.6243885	409.079127	200.3784629	615.6585086	428.3522186	125.1059638	477.8854593	566.0056193	110.7156242	577.4490237	994.337458	404.4596319	335.0035868	1152.50108	448.92117	378.0482649	567.5599627	41.10386218	611.3954555	41.29260724	609.0920969	3970.004188	812.9357177	713.8029299	1189.392536	589.3879923	525.5878313	288.252171	358.4320679	245.39105	1151.595002	390.5702948	1329.764009	136.7642936	2723.083935	30.57117035	487.0640036	7736.191327	128.409451	610.593019	12.57244992	14.31147818	331.5965448	0	609.9379843	366.3437071	277.4265058	146.1164466	1003.502296	49.99270794	504.1979819	756.3187278	177.7480472	523.5603783	1028.605745	104.5640547	686.2702288	594.5980535	109.0338635	468.2054652	221.5689459	216.5212888	7.554145917	69.05522887	1036.010666	93.31697553	601.1282637	766.8405167	690.1766321	546.1103859	184.9749115	611.3300822	410.534929	357.3869215	495.1664842	287.9872985	55.96608704	339.6477375	261.2282993	96.49560141	715.2585637	95.29453841	742.9477869	596.9094417	262.7333047	861.4378685	338.118474
Prevotella_ihumii	0	0	0	0	0	0	0	0	1.428337622	0	0	0	0	0	0	0	0	0	0	0	3.049586241	0	0	0	2.069611583	0	11.2765764	0.154503562	0	0	0	0	1.387412639	0	17.1531622	0	116.0898569	0	0	0	0	0	0	0	0	0	0	0	0	0	0	0	0	0	0	0	0	0	0	0	0	0	0	0	0	0	0	0	0	0	0	0	0	0	0	0	0	0	0	0	0	0	0	0	0	0	0	0	0	0	0	0	0	0	0	0	0	0	0	0	0	0	0	0	0	0	0	0	0	0	0	0	0	0	0	0	0	0	0	0	0	0
Prevotella_intermedia	0	251.1863889	30.94264884	120.2460116	121.3734351	28.95616192	9.085633951	0	29.92851563	0	8.074837073	2.407141079	0	367.0118615	5.620859434	765.5156684	413.3968249	49.76962907	643.6215244	8002.448853	2333.257494	574.2300236	150.0235416	1.292182252	32.02489193	4134.270257	0	10.48740551	1.220803892	191.1957876	67.70758773	335.1445648	299.8747622	18.77849098	321.0461723	0	409.3502615	362.8846284	0	10267.89791	5459.784048	929.7110036	51.9195603	14.87151921	0	0	173.5814256	0	10.76200552	0	189.1947847	0	6.912936088	0	12061.6841	0	62.11210016	21.12827979	16.83993728	13.75262156	0	10.71378806	39.84681551	752.6415986	11.79015632	0	40.73403467	0	189.5742683	28.59957762	0	53.46823681	235.3921799	1121.726963	59.06888563	158.1004289	304.3722626	1538.872501	0	0	113.5569422	2851.42487	159.180094	176.9235998	3219.086021	599.2832926	8.32033804	230.5861497	186.3134716	19.41501469	194.8327009	37.32064851	27.99311115	59484.73269	141.9625788	447.7871193	32.65987899	52256.01596	61.57379756	178.1459388	857.6032437	2.534740507	0	6.464057298	23.47239359	0	35.21596712	118.7718918	8810.414269	0	0	3.601572216	92.51236399	18.57348446	0	335.6953417	0	22.69777203	25.45843773	58.96963696	1489.823923	106.0744617
Prevotella_jejuni	0.455180697	11.36128308	0	136.9406256	46.36439753	0	0	0	16.69358758	238.9521834	0	0	0	302.997604	43.45274638	1265.348793	278.7517212	0	42.56558932	136.8412091	103.0100784	582.0370956	12684.48246	0	1.1370672	933.2407943	3.326502932	1361.820715	29.48787555	29.12978814	3956.952106	297.0037138	0	150.3527	0	0	14.20931899	0.968526526	0	46.7203693	179.523687	108.3612244	0.725247699	19.50417415	0	0	64.82357295	0	19.51262154	0	14.67481186	0	0	286.4629518	1064.910141	0	973.8410378	0	41.13560209	0.839637266	0	0	44.41495352	0	0.518782683	0	0	0	0	1915.55217	31.07659184	247.7678365	9907.044424	339.8081575	1391.595886	25.60164277	2.446942684	544.163785	0	0	3988.438278	1.814253224	29.67625233	16.57623444	593.4736546	147.4485272	0	20.43150464	3.959319064	0	1834.8095	650.8211084	45.84156429	207.888684	0.986179671	492.3818838	436.2941308	12.5087176	12.71677457	1785.432873	2477.870192	20247.1954	0	0	0	0	2950.096017	1793.690622	22.32263976	0	0	117.0553262	81.60766373	2.204119925	0	13.62316471	2.021578141	0.703822279	0	4302.93964	0.798460989	2833.246509
Prevotella_melaninogenica	0	12.75421598	0	201.9075378	41.82110725	0	0	0	30.91071079	444.4006876	193.3070041	1922.88339	104.6365896	8637.352905	10.77185405	1796.178998	1735.233541	3.174147216	145.9659113	2432.682666	516.2797867	8261.978719	4341.729319	0	75.81012769	1467.795419	1.289023576	50.3417804	150.5390347	4762.90209	1957.934944	755.2191106	0	21.27976869	851.3753625	0	110.5652883	3.608280247	0	430.0085052	306.1518509	58.40742953	0	16.8932492	0	0	183.4047725	0	11.46246364	0	49.54366796	0	0	3.796312024	6706.263166	0	1558.530805	0	850.7370686	78.12897847	0	0	84.74884015	0	5.301814379	0	0.678955297	0	101.1833392	693.1018059	0	264.9512562	2035.722123	3049.694999	928.4312066	266.6406062	7.100199103	450.042359	0	0	1235.525744	2.258352661	710.6643677	0	4320.216311	622.9431366	0	97.00809266	10.53631771	0	1422.802411	201.1264004	107.9649119	81.29798917	7.790234277	3176.400735	134.8008152	31.05566464	310.4173439	10.85267562	12155.04294	1418.802274	0	0	0	0	251.4504102	4343.472444	12.40747129	0	0	114.4828672	168.5536941	0	0	0	0	221.247308	0	195.6755889	28.34607525	3247.112231
Prevotella_multiformis	0	0	0	0	20.61534377	0	0	0	0	0	0	0	0	422.0045207	0	0	13.77118713	0	82.71731873	21575.82348	132.6007879	10.1261121	0	0	0	74.48759199	0	0	0	0	0	17.5231475	0	0	0	0	0	0	0	0	80.06165855	0	0	0	0	0	0	0	0	0	0	0	0	251.8367243	0	0	5.035630794	0	0	0	0	0	0	0	0	0	25.48163407	0	0	0	0	0	9.773956478	7.113391747	0	0	0	30.49061912	0	0	0	0	10.39285154	0	0	7.712789975	0	36.96992164	0.214822477	0	2.666193518	198.3553809	0	28.83352446	4.4937917	20.03841467	3.804205226	1.723326043	0.14365741	0	993.9303314	0	0	0	0	0	0.319708154	0	1.62207558	0	0	0	0	0	0	0	0	0	0	0	0	0
Prevotella_nigrescens	0	66.98398872	0	25.06130259	261.5629706	0	0	0	0	0	11319.03489	0	0	490.1616673	12.32500361	51.43671907	55.94455024	0	1400.830587	17601.62049	716.380861	2487.197148	46.02284153	41.84543461	296.8852536	4370.5001	35.67266609	46.6376106	134.5782951	4128.872145	47.2332757	205.30477	0	4.466857252	3.211424133	0	217.8517297	16.44907622	0	129.303339	3692.364728	146.8762534	0	2.16662681	0	0	6297.798397	0	0	0	0	0.565842689	0	6.152223698	617.3672151	0	15.67476664	0	0	0	0	0	76.36468912	0	0	0	17.77491496	0	1387.759254	2.511392952	0	1311.968884	250.7174793	0	70.13990278	913.0840781	528.3812052	10260.15122	0	0	4.83060476	522.0790754	229.4657517	6.778077344	13088.86105	18920.76083	0	2309.28774	69.59420386	0	148.16233	124.7368585	12.55764424	1479.605007	0.555356226	3180.065828	312.3803644	682.6413948	620.0614561	39.24386167	599.3649424	8.997042729	0	0	0	0	1.404107918	1.920279662	741.4331513	0	0	2.683985428	711.5243786	95.15406653	0	0	0	0	0	3.829548145	79.28722687	0.122748101
Prevotella_pallens	0	44.09906366	0	1368.151781	1541.320848	0	0	37.92879211	0	281.4303764	0	0	0	5.655956833	152.2499878	2379.556566	273.0328053	275.8737913	148.4117522	1261.802185	72.09579247	1134.688248	354.5779215	0	0	193.1739893	0	235.9337857	0.993612127	0	1406.276759	1476.418583	0	0	0	0	857.8302591	0	0	234.1726504	4.906920877	5510.163713	0	156.206951	0	0	111.0872518	57.57379867	0	0	225.5285423	0	0	1919.527456	695.738206	0	800.3059576	0	0.874690218	36.73932076	0	0	140.2106703	136.9437772	10.12397311	0	0	492.8920738	5091.361656	64.50681598	0	59.47069707	5954.427301	30.79636534	111.0793081	450.4116013	99.00442952	169.678387	0	0	121.5116121	11.99118382	407.3145712	0	1725.471552	217.9515887	0	43.61570244	18.48586316	0	168.2731443	462.7007494	510.7790332	147.9101235	27.37563202	115.2721579	0.845846516	21.64231798	12.01907528	2423.822106	202.646491	64.34947282	0	0	0	0	266.4284011	78.87451014	8.426218812	0	0	15.72069021	724.4385711	0	0	0	208.8199857	20.0653634	0	245.1196153	2290.635139	79.03468832
Prevotella_scopos	0	0	0	0.317915761	0.731389467	0	0	0	0	0	0	0	0	0	0	0	33.44048165	0	0	0	8.116207667	0.357198704	0.603117249	0	0	1.751090871	0	0	4.885983833	0	0	0.369669566	0	0	0	0	0	0	0	0	2.338464181	0.791925001	0	0	0	0	0	0	0	0	0	0	0	0	3.228648381	0	0	0	0	0	0	0	0	0	0	0	0	0	0	0	0	0	14.82436479	0	0.323301119	0	0	0	0	0	0	0	0	0	0	0	0	0	0	0	0	0	6.033464073	6.106956479	0	0	0	0	0	0	0.038380719	105.0397868	0	0	0	0	0.374701685	0	0	0	0	2.918916924	0	0	0	0	0	0	0	0	0	0
Prevotella_sp.	0	15.93138278	0	6.679307865	21.35941923	0	0	0	0	0	0	0	0	34.21143077	35.94459899	231.6113218	40.96326091	56.51017942	0.201780874	1046.728594	1166.599175	86.41994659	52.54360272	0	119.3613901	334.1413511	0	48.30602304	37.20153	92.0591609	37.09612789	46.48090715	0	0	0	0	0.165734251	1.166658177	0	180.8693458	8.650150764	8.13264139	0	7.159206673	0	7.237316457	2.830379196	0	0	0	0.485072251	0	0	0	335.1639848	0	5774.251164	0	893.6183978	328.762363	0	0	11.76458805	21.33531482	0	0	37.84233815	0	0	30.97731604	0	0	131.5349467	71.54503864	2901.766074	0	801.3278461	179.2506055	0	0	165.8488847	0.338729467	24.2522566	0	46.08532222	100.1999347	0	65.94706666	5.594420714	0	123.8465454	522.789727	100.6331275	496.6728126	0	165.0414755	40.65963103	218.0815338	7.176793574	0	190.6781131	95.05801795	0	0	0	0	5.461469622	14.14971062	5.986809148	0	0	8.966431271	599.5343294	0	0	0	0	82.62218494	0	1.034238346	0	414.8378406
Prevotella_sp._C561	0	0	0	0	0	0	0	0	0	0	0	0	0	0	0.517413265	16.32633702	0	0	0	0	0	1.933906927	556.5782794	0	0	9.09454382	0	28.19706163	0	0	48.83895045	0	0	0	0	0	0	0	0	0	0	0	0	0	0	0	0	0	0	0	0	0	0	0	0	0	0	0	0	0	0	0	0	0	0	0	0	0	0	52.2115435	0	0	166.8772059	0	52.33487413	0	0	0	0	0	2.743834467	0	0	0	0	0	0	0	0	0	1.507015538	5.61772282	0	0	0	0	32.28828313	0	0	0	208.8115601	240.1938629	0	0	0	0	146.9062321	0	0	0	0	5.291689147	0	0	0	0	0	0	0	241.7046035	0	0
Prevotella_sp._ICM33	0	0	0	0	0	0	0	0	0	0	0	0	0	0	0	0.646031313	0	0	0	0	0	0	1.329636099	0	0	0	0	0	0	0	0	0	0	0	0	0	0	0	0	0	0	0	0	0	0	0	0	0	0	0	0	0	0	0	5.329777349	0	3.298718155	0	0	0	0	0	0	0	0	0	0	0	0	18.47688979	0	0	0	2.036479855	1.663087275	0	0	0	0	0	0	0	0	0	0	0.519179792	0	0	0	0	0.720932064	0	0	0	0	0	0	0	0	0	17.59978999	46.67152801	0	0	0	0	0.826069704	0	0	0	0	0	0	0	0	0	0	0	0	0	0	0
Prevotella_sp._oral_taxon_299	0	14.47703777	0	0	17.01952742	0	0	0	0.576747894	0	0	0	0	0	113.5964223	7022.639607	165.6268158	12409.41472	0	0	67.93680063	897.7141037	0	0	0	0	0	96.61034235	549.484219	0	0	11632.01438	0	2107.238368	0	0	22968.33174	0	874.120487	123.4488022	79.44368576	72.68587307	0	3.661126138	0	0	659.346062	266.5383729	0	0	32.96286434	0	0	0	16.02366233	0	68.35770447	0	0	0	2862.278221	0	206.1526166	0	467.7369664	0	0	0	0	0	0	37.84276488	182.6821487	265.2027555	0.87486781	0	0	4.551028594	0	0	803.3723844	0	671.0291762	0	0	0	0	0	19.42425306	0	0	1.098392602	4.441560565	7.669779897	0	68.80669819	5.900040513	0.595332967	0	0	0.064269747	0	0	0	0	0	53.34604308	39.98539475	0	0	0	0	2160.57235	138.1774297	0	0	166.4493446	0	0	0	550.7657413	0.686769124
Prevotella_sp._oral_taxon_306	0	1.167081184	0	22.1826313	0	0	0	0	0	0	0	0	0	0	20.17203137	2.924068228	0	0	0.19427619	106.2976124	15.8527099	0	96.87851205	0	0	0	0	13.19031488	0	0	9.945259884	0	0	0	0	0	0	0	0	54.89979914	0	1.387320683	0	0	0	0	0	0	0	0	0	0	0	0	0	0	1573.563926	0	10.99241066	15.71536129	0	0	4.947866908	0	0	0	0	0	0	0	0	0	202.6735422	0	963.2107086	0	0	7.312875962	0	0	0	0	0	0	15.37075929	2.569345855	0	4.748585318	0.110229154	0	85.92109044	4.852827836	0.370874225	172.0894205	0	73.42916776	10.96265592	2.076568074	0	2.121984338	26.04698171	1840.857719	0	0	0	0	39.38489611	0	0	0	0	0.565826122	0	0	0	0	0	0	0	13.19371736	0	7.287064705
Prevotella_sp._oral_taxon_313	0	0	0	0	0	0	0	0	0	0	0	0	0	0	1.072598618	157.7734499	0	0	0	0	24.85838222	0	26.40614108	0	0	136.0075862	0	26.72362558	0	0	31.35662622	10.05463376	0	0	0	0	0	0	0	15.44630479	0	0	0	1.759005132	0	0	0	0	0	0	0	0	0	0	78.06229736	0	5.14312817	0	0	0	0	0	261.542973	0	0	0	0	0	0	454.3136411	0	0	324.1961309	67.82444466	8.797432739	0	0	0	0	0	6.268819148	0	11.58041299	0	177.3779801	12.9059736	0	0.810239033	0	0	159.2969118	8.117031959	0	0	0	32.07865769	0	0.077867877	1.024458498	14.94641847	76.72991698	358.3004626	0	0	0	0	74.23172154	11.30281012	0	0	0	3.552734656	0	0	0	0	0	0	0	136.9914526	0	14.339284
Prevotella_sp._TCVGH	0	0	0	0	0	0	0	0	0	0	0	0	0	0	0	0	0	0	0	0	0	0	0	0	0	0	0	0	0	0	0	0	0	0	0	0	55.75527662	0	0	0	0	0	0	0	0	0	0	0	0	0	0	0	0	0	0	0	0	0	0	0	0	0	0	0	0	0	0	0	0	0	0	0	0	0	0	0	0	0	0	0	0	0	0	0	0	0	0	0	0	0	0	0	0	0	0	0	0	0	0	0	0	0	0	0	0	0	0	0	0	0	0	0	0	0	0	0	0	0	0	0	0	0
Prevotella_uncl	2408.615865	4619.768725	6078.041985	11749.63659	9605.249139	8145.543515	5312.565652	5998.732089	4766.277593	41679.72954	7993.439712	5488.188839	6584.259209	42159.984	2120.486883	87569.75585	55955.06132	8000.867322	14796.7168	200774.775	44670.42305	217041.6626	294087.3335	4331.252107	9925.40155	94500.12029	7253.299187	20951.67493	9946.555925	106715.297	77220.89259	39620.74228	6943.99962	10414.75623	18253.91488	6576.428847	8769.305026	3842.168662	5630.053053	25810.13937	48838.75938	16747.66371	8626.592425	3569.046833	11322.73758	8954.022544	13770.44628	4407.400936	14562.0028	5782.026662	9471.95559	6156.70342	1597.835509	11511.17617	147724.3077	4965.407798	220159.2161	8207.100862	35107.04495	14935.61758	6881.253369	8311.685741	25334.38441	12122.49914	14926.68035	6991.245672	7889.693755	5966.4168	50783.90412	48692.86919	1305.636767	16072.85154	221357.3724	153056.7833	224550.2097	15274.36519	6454.583279	29437.66394	1437.668691	5865.951926	107923.8337	8819.41469	55500.07257	6464.257147	164532.9106	38899.69298	8179.295248	10806.12455	4354.466454	6374.546471	88202.39093	55318.59745	16384.57334	55934.629	5626.114267	117051.8993	72557.20109	30673.82395	3738.60029	72340.50937	154906.3136	287661.2104	17120.00278	5562.49923	4653.95333	2796.786412	96271.98607	166267.7488	10723.76524	45443.00143	5879.319908	5515.12242	35149.46219	9113.901876	4251.33466	8306.167902	6075.441648	11491.54986	6962.210302	114756.1694	18076.16401	149630.3082
Prevotella_veroralis	0	6.065448229	0	18.97883562	3.262855853	0	0	0	0	29.31291878	0	0	0	0	11.25831832	119.8249885	51.12279983	0	17.89496085	19373.3587	8049.358543	127.9940655	163.0474636	1621.181009	0	69.21264686	0	38.45823398	151.5979052	0	14.08512642	14.24757964	6.091145588	0	0	0	94.80096633	2.659936115	0	38.55509579	24.88836523	0	0	1.985678455	0	0	0	0	0	0	4.050930765	0	0	0	51.78162603	0	1812.33373	0	39.16527409	44.70024215	0	0	2223.770205	0	0	0	0	0	0	7.344812419	0	0	51.93386344	143.3334323	1540.133432	0	0	72.38197084	0	0	52.97850756	0	28.38079767	0	2377.072591	20.69167996	0	7.660438255	2.645574252	0	208.8592984	4078.95738	13.65280742	634.3321574	7.074649365	26.09230553	2.56881634	133.8459812	16.86919513	34.07538271	560.3530863	319.1169745	0	0	0	0	163.7998716	55.7837941	0	0	0	8.657818684	0	0	0	0	0	73.01082906	0	148.281932	0	20.11375473
Prevotella_vespertina	0	0	0	10.12728777	0.40916986	0	0	0	0	0	0	0	0	0	0.518635309	0.76294072	20.6507022	0	0	264.6601357	66.65617808	3.125193387	36.89005237	0	0	1.66900518	0	5.072405294	0	0	0	2.695252599	0	0	0	0	0	0	0	46.00778469	0	0	0	0.45444685	0	0	0	0	0	0	0	0	0	0	0	0	457.2933625	0	3.40868885	26.20199865	0	0	0.237120259	0	0	0	0	0	0	0.274795799	0	8.496019669	0	0	950.9004819	0	0	0	0	0	0	0	0	0	22.65692045	12.37294881	0	3.145615453	0	0	99.48418741	31.12916444	0.879797052	21.35811374	0	1.362461222	1.296741521	0.45801172	0	0	1.586812146	3.851507828	0	0	0	0	0	0	0	0	0	0.822585675	0	0	0	0	0	0	0	0	0	0
Prevotellaceae_uncl	1.562127216	1319.948048	20.25982277	749.1926073	1127.796624	0	75.7386446	0	285.0969593	407.8723413	45105.39076	66.5339092	0	163756.5843	196.10366	67568.38102	28742.61159	15084.76456	2282.696843	50719.14605	95215.71718	17860.52164	5998.88594	23.21924138	30920.33525	6488.834592	130.1722504	1646.103093	7983.727748	69738.411	5746.374088	20140.41099	418.2156776	11954.83711	104.4404997	0	46156.90585	466.3028775	40.12531674	2741.828352	10075.73462	2293.955941	42.33045716	271.7434222	888.820662	0	21363.79207	0	1794.549116	0	478.857855	1805.961455	45.02974857	445.4880923	97260.14558	641.907898	21993.15679	0	78524.18425	2166.939825	46.22252536	42.01673752	3920.878021	48.01054351	2033.6926	43.1905207	5848.680397	0	14336.10665	6545.051599	6.768799274	169.5422122	23411.51321	13723.95844	13455.8993	9599.575646	45576.46628	12978.27844	4.835554868	20.75821627	5945.408027	511.9595931	9810.306278	4207.685427	12257.75003	7707.747506	6.526047698	5740.893873	2139.883221	15.18581073	5218.358773	20517.76473	568.4034642	55810.2318	1225.734109	18190.32453	6890.028679	39881.85627	1662.054149	2938.518808	15388.24658	17254.54961	0	0	3.237316469	0	2541.699458	11402.50714	6286.417569	785.6822096	0	351.2427379	75599.87302	5649.527091	982.799483	5.659325956	1470.970699	779.7195675	0	2648.857613	2654.682277	7096.836392
Proteus_mirabilis	117.1351652	25.9823164	360.0239773	171.4339791	53.40843617	54.05560506	222.6909936	234.0332997	385.8345416	130.8974313	2334.100694	73.8606411	0	0	7.656168866	11.70425354	0	618.3853474	59.37471463	64.59995328	6613.534477	16.49376305	41.65116276	0	609.7045871	9.709033977	276.0634045	18.09263118	149.7052088	0	82.84776804	112.629834	141.1808721	373.8360866	24.79795986	85.04894518	49.40622094	58.27623902	76.17790436	43.72218778	191.6524112	44.35226259	89.04686401	3.302320669	500.0952944	265.4619012	328.711195	460.2333959	147.05733	843.8048947	968.2232897	452.6011934	18.66093665	78.46097435	0	14.40338814	128.2240044	492.3386797	444.9702222	212.2772658	321.7553158	55.50840263	32.11667067	490.9835538	544.9622784	80.48875328	195.2303933	437.8561708	0	74.28798522	86.72611487	140.8905035	60.54991366	99.24586637	11.09950611	0	15.54949343	0	0	0	12.45608155	135.91082	209.4108049	304.4705498	7.619561131	47.44769109	188.1355509	63.36518804	242.0252721	184.8352437	45.69327194	79.16524103	132.8725377	2.56495501	89.03733187	50.15522641	65.12959909	3.732874968	27.6987283	61.15548046	6.454136569	51.83280549	181.2273643	2404.141794	408.0524201	18.77760766	44.94174329	6.802952852	188.2795224	55.31959793	1028.115521	0	506.4301528	152.0997657	65.87796609	819.0173818	11.88732668	228.0841855	120.804975	80.69520847	290.2924403	39.78203764
Proteus_uncl	333.9805321	21.31236134	112.728768	41.14299519	9.575963039	87.57489879	21.55019319	67.7650957	45.11280957	50.12757761	531.7935377	13.07086272	35.66724953	172.8687593	1.293533163	3.199676188	0	64.45455163	28.52625872	26.55772405	54691.81026	36.42685985	41.06530852	0.272964823	166.4670107	0.943487541	100.5186891	26.55891648	80.86665695	66.07716397	26.8144156	29.07704219	352.9165301	71.82841183	29.58927162	0	10.82451119	28.64778518	50.02469192	84.74617305	173.1420138	19.23998084	241.897567	0.295433284	66.92801432	15.37834043	31.32063448	76.62036166	25.06401098	816.7300219	327.8610276	46.21560991	55.72981794	55.38052888	20.81735211	8.779949281	302.9172841	61.00848871	96.20605871	63.75861943	0.1211597	44.19479649	21.53402873	67.45736678	99.5288964	14.87751442	36.30614699	18.90006673	0	45.28208183	7.760046029	29.06057408	66.457497	47.72520362	8.614688362	11.2047357	21.30020358	39.7196257	0	0	62.96966163	6804.756056	90.76207936	26.2404051	10.86520021	23.18582643	19.43844426	9.523293712	10.57214409	27.02959809	39.62026442	9.908485775	49.84166631	13.12527187	42.79962955	16.9216735	57.15653817	3.947452045	11.48000047	188.9848126	6.2369132	13.37042192	26.38005017	774.1426691	49.20428936	8.165771365	58.31104705	285.6288556	54.49026376	202.9792148	113.7485367	1.205201749	122.9105547	56.98614196	0	52.47487742	512.8415792	110.3422458	94.51534986	23.4083345	34.46533074	9.011155371
Providencia_sp._PROV037	0	4.090378418	27.70070314	9.665361684	2.565681006	23.04208522	46.99475331	36.31250835	27.94343547	30.89048678	32.19290726	0	0	0	0	0.548245664	0	48.94535007	9.440409924	0	2.10099103	2.339002061	1.128377544	0	93.26070119	0.728029295	0	0.451394122	5.484738942	0	20.98603946	7.780704206	0	123.2807933	0	0	2.636266932	7.700050029	0	4.201394903	26.7538018	1.852024605	39.34798423	0.498677955	83.92164559	0	50.84004304	18.47595539	12.08768893	95.8400621	16.0858778	0	5.037645062	0	0	0	6.718589231	14.71136512	6.99752174	34.73503037	0	0	0.912697433	202.5701266	8.795724574	14.3500389	13.8744515	0	0	3.446189135	0	0	0.630341792	0	0.638470724	0	1.101893648	0	0	0	19.86037275	50.37276697	38.11008639	72.38678151	2.263374685	1.615514453	39.72583217	2.186301168	13.38262094	16.65664854	11.01256497	9.877877953	23.70493184	0	25.85890051	9.607084773	43.09818685	0.240399375	7.28245119	41.1224489	0.682164937	6.552191206	17.62184016	52.08120347	3.502187817	28.83074049	9.113426264	12.23746557	43.90387182	0	79.41467929	0.163660919	2.561981375	67.19857577	0	33.6966915	72.98402484	6.051458803	15.19405852	27.10268596	7.926539998	0
Pseudomonadota_uncl	1240.870588	23.86877046	446.3492205	323.3017015	134.1303286	433.1641996	34.94952357	140.4272784	70.86451812	389.5412098	6531.100131	58.64350438	221.7360454	4973.243075	8.309687358	3.140990784	1560.044189	149.3693545	22.45521613	21160.82624	135.9464784	161.5242774	1027.881419	9855.954099	1501.106926	24.24394431	307.7561754	9.374656564	117.8361882	6477.368866	42.7696281	42.34810362	235.8296183	345.8516573	229.9381141	263.3900476	69.96526439	329.1216356	2359.037086	140.7061827	992.3903042	72.41705583	386.7553333	83.4144626	69.34631171	161.5176282	101.6061907	317.5554833	155.8178651	900.8404275	146.8778881	1199.833794	1885.919174	245.1211094	5640.994186	503.3780427	104.9506187	316.064485	174.7672056	212.8677258	227.7271879	1460.754553	656.4023677	33.90722895	885.1385019	431.6222639	382.622473	105.8260186	26373.87212	54.04863038	1267.827833	346.2720651	30.47062374	3248.871487	18.69863377	6727.519181	142.0409781	40.89925843	12.93888705	1145.431887	1137.833856	505.2421248	31.69437629	56.55217305	58.3526286	52.26601327	650.7820651	63.25745178	30.33699852	116.6927229	166.2758697	277.3248243	18.18877304	67.39519484	61.55277719	680.5694555	458.4884607	1.721610104	10.48274712	192.5217262	10.72193862	8.392041772	66.25398887	2308.315492	718.5641214	647.9986144	100.910384	101065.0534	74.98218614	480.9745305	778.9058643	264.1152894	286.2213567	147.2497861	555.3522894	608.1199794	17443.18116	48.925497	146.8956829	177.6970958	127.7225683	425.4474365
Pseudomonas_aeruginosa	2295.329934	533.1088195	2958.577156	1813.485083	1738.868065	3798.516907	2292.797469	6894.3503	3229.586994	2928.80868	10606.84353	1557.054157	6280.953769	4937.800671	116.2674137	204.2143778	585.6214785	5126.722862	1466.811126	2002.116241	1189.944646	605.2992417	2004.405237	894.4473946	3837.594959	106.7661503	1872.068921	363.501012	2621.283536	3402.74148	1170.693272	942.2396415	4459.833281	2309.770109	5988.14312	2344.667568	1034.455949	1270.526024	3161.591972	1906.877846	3615.442155	705.7190912	4057.979271	116.0532441	3230.952083	4121.269959	2130.216124	5290.288238	3103.110889	10200.34668	3881.703843	10754.28877	1194.750629	2597.584829	680.2396038	3927.340225	1319.294689	3468.587064	3130.066719	2911.768233	3585.011757	4439.906522	969.7287827	2640.592239	5084.396211	5131.065755	2619.830024	7700.10082	6743.611677	2306.336895	506.8196479	3187.463963	348.1183054	767.6052481	153.7585139	7231.083212	1353.298406	24.77103911	1.870858562	2652.114247	1830.476196	2003.638734	2881.952886	3607.070587	276.6470042	1442.58328	7205.374383	541.9582919	1619.163094	3940.577998	694.0349325	680.6731685	2672.96785	141.7909876	2247.882874	629.1826253	1326.68815	62.16811016	311.1696583	2784.772063	89.79010104	368.1508259	3581.567816	11162.2309	9104.434431	2367.964522	1279.36129	3388.256191	2015.305365	4692.060939	4127.792892	294.7472736	7153.554156	1677.592394	371.3659964	5803.488414	18690.81043	2509.145412	2790.07771	2509.727151	3073.21439	2786.829487
Pseudomonas_sp._DCB_PUT	16.41996132	3.206343665	39.2917775	29.10681751	43.30723968	0	32.68865819	15.45213121	170.9014452	34.29101215	0	41.26477678	36.59859937	0	0.530924057	4.277093834	0	131.3572016	12.19505841	0	20.24734785	27.72677215	48.01606571	0	125.0251573	5.808744378	53.62232105	1.120481862	80.71512983	0	72.40162748	29.06267765	57.73118076	60.69741889	45.54286826	0	22.43631431	42.51306911	819.9554991	80.45224282	52.27620846	6.895836294	152.7873856	0	178.5566927	0	52.82735793	216.2079886	77.15546126	25.48937822	186.9226389	193.6374791	0	38.94393034	0	15.01535491	16.67734915	89.43079099	175.4033043	113.8853455	0	4.534881922	16.02075281	169.4767329	150.4630331	35.62066395	31.45585446	97.8157191	0	24.92987885	0	34.78931072	5.364610997	0	5.862777086	0	2.344454571	0	0	0	0	67.43664714	4.577395414	82.93084624	1.375911663	22.70677955	36.97883314	17.05625025	38.14994769	78.58363325	8.135760173	2.849730387	42.83059283	0	19.73695209	3.867141657	41.41212188	0	7.38574837	40.48256323	8.020976303	9.561981165	30.4632875	12.31234125	1792.076957	0	1.491559127	0	181.6222653	10.13453062	51.4248617	0	278.0022343	78.37537995	0	123.3155519	0	50.4852946	64.65556815	6.959603877	80.10864892	2.281880081
Pseudonocardia_sp._EV170527-09	0	3.935449269	0	42.07376207	2.447036798	9.156898027	70.3928747	51.94997582	95.45677719	6.404788035	0	4.5673067	0	0	0	2.033473802	0	79.571559	2.679719993	40.719285	7.465269046	5.045947881	4.484159316	0	206.099181	5.497042006	11.93015736	7.414518088	74.83392608	0	43.49181237	32.70694222	0	82.59748369	68.05104881	43.30626345	3.20457473	31.91686794	0	5.303528928	20.82990349	3.679962184	14.85500127	0	61.5699045	33.19565899	13.15594607	0	0	533.2142184	7.867703681	170.9718204	12.01172594	0.969846435	3.594904014	0	3.559946124	53.4516982	43.10250927	14.48252948	0	27.10443877	0.725409809	209.2586768	18.4557689	0	3.253981565	67.85915029	0	16.70804125	0	0	3.506959393	0	1.922987578	0	5.254695144	0	0	0	0	19.79315712	31.26689915	103.8005204	0	7.859680142	19.73374972	7.851681031	14.39924074	25.32614316	0.48626451	7.185582816	26.9151786	0	13.96271488	4.540139266	20.99459503	0.891654713	3.318496544	89.75911977	1.198510043	4.606781834	10.50434836	128.7813959	22.26824623	0	9.193457464	0	33.39289877	0	142.7029296	0	214.970547	31.93909992	0	12.8553852	0	14.42905639	0	0.742798349	3.149997832	0
Ralstonia_uncl	0	0	0	0	0	0	0	0	0	0	0	0	0	0	0	0	0	0	0	0	0	0	0	0	0	0	0	0	0	0	0	0	0	0	0	0	0	0	0	0	0	0	0	0	0	0	0	0	0	6992.412694	0	0	0	0	0	0	0	0	0	0	0	0	0	0	0	0	0	0	0	0	0	0	0	0	0	0	0	0	0	0	0	0	0	0	0	0	0	0	0	0	0	0	0	0	0	0	0	0	0	0	0	0	0	0	0	0	0	0	0	0	0	0	0	0	0	0	0	0	0	0	0	0
Rhizobium_ruizarguesonis	0	0	0	0	0	0	0	0	0	0	0	0	39.99412225	0	0	5.099928527	0	0	0	0	0	0	0	0	0	0	0	0	0	0	0	0	0	0	0	0	0	0	0	0	0	0	0	0	0	0	0	0	0	0	73.47525985	0	0	0	0	0	0	0	0	0	0	0	0	0	0	0	0	0	0	0	0	0	0	0	0	0	0	0	0	0	0	0	0	0	0	0	0	0	0	0	0	0	0	0	0	0	0	0	0	0	0	0	0	0	0	0	0	0	0	0	0	0	0	0	0	0	0	0	0	0	0	0
Rhodobacter_flavimaris	0	6.581389772	15.85780559	112.073512	48.92993563	11.08073007	74.72089855	26.44256556	154.6665846	147.4431488	137.4371963	8.586490898	0	0	1.225709313	3.201431107	0	116.9609862	47.54073764	0	11.25811446	47.12764506	155.5016649	0	214.7348627	2.725777931	1.273028424	5.602454432	104.4667277	0	42.34221732	27.24904635	111.1655698	107.090639	0	0	10.46174977	130.5380255	0	19.86453302	0	44.38499086	132.9926856	2.251291764	22.1734967	17.79004532	40.44956415	94.56257559	0	51.02810664	93.292589	1091.03037	11.85315485	81.48306926	17.40072278	0	23.89555319	110.4501725	49.78492202	81.21146977	40.77826496	0	11.11381641	183.7948923	309.8363414	5.476639013	41.6107796	186.5669924	0	34.49410645	0	12.99794168	7.426447636	9.616802506	5.81750125	0	0	0	0	0	1.894909361	36.88018391	67.79641979	137.4665354	3.865098215	21.84364654	18.08008055	21.0637295	66.67632919	42.78598719	30.86088406	6.578984377	49.02322093	0	103.7744116	25.4186837	2.387651055	5.951021761	10.7347014	263.5347601	1.793178021	11.07144175	28.75143182	370.9111677	0	183.7432619	8.163148533	3.643046903	86.47571953	257.8610809	11.85977629	0	217.8674799	68.55711104	0	188.3422985	65.11343802	115.3981167	26.09440182	30.1917512	173.9146693	36.4814899
Riemerella_anatipestifer	0	0	0	0	0	0	0	0	0	0	0	0	0	0	0	0	0	0	0	0	0	0	0	0	0	0	0	0	0	0	0	0	0	0	0	0	54.9233285	0	0	0	0	0	0	0	0	0	0	0	0	0	0	0	0	0	0	0	0	0	0	0	0	0	0	0	0	0	0	0	0	0	0	0	0	0	0	0	0	0	0	0	0	0	0	0	0	0	0	0	0	0	0	0	0	0	0	0	0	0	0	0	0	0	0	0	0	0	0	0	0	0	0	0	0	0	0	0	0	0	0	0	0	0
Roseovarius_sp._EGI_FJ00037	59.65327571	35.65885676	245.099529	151.2527197	89.71628435	146.793207	148.7341372	46.26690253	278.5458512	37.07688106	48.83094041	70.16723304	91.31986426	17.33911091	3.17939464	6.015179262	0	579.926807	23.26907438	0	33.5929522	62.44219511	115.0160895	0	356.6401395	8.503044858	98.77367329	19.17117891	68.91218008	0	71.01237146	81.5121393	390.2427209	263.9567705	106.0615445	0	20.74645678	78.03163939	175.3655514	44.8718136	226.0929196	30.6763921	517.0120032	27.07934068	123.3775306	8.869264872	100.429285	78.46930861	77.00651249	356.162393	588.5892916	263.5413567	77.55833855	98.46749748	0	377.6564671	54.69121864	62.48070127	156.0258226	94.31817222	292.6162477	126.7315651	46.51585373	435.6882547	301.0922551	103.2697995	168.567692	188.2804224	120.1307984	92.20884443	62.65712841	111.6069103	97.04586471	36.69988309	7.350003358	25.84876287	87.74732238	0	0	101.0861014	35.14544728	105.7672952	86.14996488	236.4878517	65.22963447	47.09318193	73.81489086	31.20942573	43.53838779	49.21218974	88.67099046	127.2792467	91.88802716	3.027934341	170.8395829	114.1361371	475.3200206	6.976841564	27.21780985	174.6513274	11.89387352	24.79531817	30.40447807	4608.214593	156.1786459	70.64259253	136.2141897	22.04948752	176.7870583	768.7374079	872.5349604	0	662.575299	385.9054422	452.0514661	349.1966022	144.9213952	162.6613926	80.66343806	124.5348754	227.2376814	19.84656705
Rothia_mucilaginosa	0	0	0	0	0	0	0	0	0	0	0	0	0	0	1062.463748	0	0	0	0	0	0	0	0	0	0	0.965323318	0	0	0	0	0	0	0	0	0	0	0	0	0	0	0	1.995325235	0	0	0	0	0	0	0	0	0	0	0	0	0	0	0	0	0	0	0	0	0	0	0	0	0	0	0	0	0	0	0	0	0	0	0	0	0	0	0	0	0	0	0	0	0	0	0	0	0	0	0	0	0	0	0	2.040033265	0	0	0	0	0	0	0	0	0	0	0	0	0	0.347207351	0	0	0	0	4.053224296	0	0	0	0	0
Rothia_sp._HMSC065C03	0	0	0	0	0	0	0	0	0	0	0	0	0	0	64.04713869	0	0	0	0	0	0	0	0	0	0	0	0	0	0	0	0	0	0	0	0	0	0	0	0	0	0	0	0	0	0	0	0	0	0	0	0	0	0	0	0	0	0	0	0	0	0	0	0	0	0	0	0	0	0	0	0	0	0	0	0	0	0	0	0	0	0	0	0	0	0	0	0	0	0	0	0	0	0	0	0	0	0	0	0	0	0	0	0	0	0	0	0	0	0	0	0	0	0	0	0	0	0	0	0	0	0	0
Rothia_uncl	0	94.56795474	0	0	358.4778393	0	0	0	0	0	0	35.04334792	0	0	8807.253495	0.758859053	137.9124106	0	0	139.8922043	0	12.0704057	69.12716094	0	0	1446.916548	0	5.150260039	74.55300506	0	0	0	0	0	150.0848403	0	103.8079096	0	0	0	74.51334932	33.02277646	0	34.89493372	0	0	0	0	0	0	9.186362679	0	4.312773076	0	0	0	0	0	0	0	0	944.0854779	0	0	5.239533741	0	0	0	174.698623	0	0	0	45.73467823	0	0	6.648291542	1.496398782	11.09059004	0	0	0	0	56.87480691	0	0	0	0	0	8.318224438	0	0	0	31.82223112	43.10052093	0	0	0	6.329763978	0	2.398382535	0	0	0	0	0	0	27.39541292	0	0	0	0	69.15061441	202.3806761	0	0	0	1805.37285	18.1278069	0	0	0	0.041613122
Saccharospirillum_mangrovi	221.3327501	9.237211292	375.6514119	12.45781112	170.0731623	221.9801013	117.9662766	116.7067548	63.51272078	152.0401334	640.8159558	98.33734444	147.179466	8.72005772	27.53044936	10.74346221	0	76.04561562	25.22620022	82.07110257	127.8447145	21.09212121	53.0511996	0	310.9935248	5.842758998	267.7149801	9.857049821	100.783704	88.13049329	37.40742588	43.4008958	1683.097093	122.2510609	229.4968954	174.9134587	64.73375711	77.48738974	2704.075953	78.65992486	182.4916001	41.01926989	175.8881614	2.898261828	221.1031363	125.4188185	60.75742828	1048.798654	77.60726522	1331.801561	297.0591487	1706.167725	40.49276147	70.46347338	4.830434131	256.8564698	148.8118219	224.6039808	105.1838052	417.1048877	340.1346866	291.4132233	17.56803722	48.90148153	475.08556	948.4681606	67.23725894	316.4554633	0	47.99265521	36.0126408	392.710979	31.82199868	22.19171446	7.620834785	26.30581369	21.2791349	2.710734022	0	40.669981	28.30792253	36.32407471	165.1179452	120.3325587	7.596902549	24.65266776	643.1257002	9.627513185	92.03580245	88.31572007	33.76503444	78.65155172	168.6553465	0	90.97162985	26.69243556	78.77915685	2.571407123	19.19886033	81.40318105	3.235313834	21.69974935	186.2579296	2182.761487	3373.587443	573.7839825	37.49115389	263.8632273	61.60002183	1049.229674	738.7978724	1.048701036	525.8281616	147.4646918	0	204.6762764	336.1422772	131.7925037	146.4225339	52.01834395	186.509625	593.4377708
Saezia_sanguinis	0.594684414	0.62209645	0	8.235864229	159.8381628	0	6.800764287	13.40394604	9.345452073	5.174679884	1019.128667	2.767579892	32.79639878	1275.102777	0	1.375062013	689.1019947	20.17840071	1.271785868	1264.04681	27.1075215	12.92114162	201.4741937	199.5324558	1062.08099	3.783633663	8.405228057	2.87154523	7.833230621	3596.699677	8.702540138	21.23965551	2.375976791	42.49233559	121.4226966	0	12.38474687	11.64587052	0	10.72691069	1192.431929	29.33412	59.94694722	0.131482682	0	31.85286685	9.110747744	68.96021086	0	22.11075258	147.5254234	7.887301318	285.6343357	33.44833874	385.471464	0	29.10995542	19.73698792	36.80699438	2.148780103	19.99936882	93.32681752	50.95194232	2.086405924	176.9402989	9.21485277	742.4186625	12.5219598	2367.895597	8.506541017	71.03802289	242.82091	22.76975275	259.6159334	17.97918608	8969.836363	38.67499446	12.17409001	0	343.4791993	180.617763	648.5196388	18.03646599	25.7822879	53.03622466	7.943152711	329.933295	14.33672053	15.58697827	12.35302815	208.8176102	72.52965079	4.303558181	24.32402415	31.21277945	46.61069838	450.2060948	0	8.531059837	159.0543957	9.779512821	7.08483043	4.154439589	0	0	202.2131386	100.1940919	1442.995724	9.965460312	18.35219731	32.84752391	225.4668913	22.83188417	68.97046865	0	167.141512	11963.07284	1.227137005	171.9853807	110.9505856	79.25515823	25.83263016
Salmonella_enterica	0	0	16.2380887	20.65842539	32.18552139	0	22.25048272	0	154.9391034	0	0	0	105.8755644	50.25708726	0	1.928282112	0	5.868747011	1.778768571	0	9.780322188	1.762865548	0.992178496	0	47.33553491	3.360806699	0.977667513	0	28.13248725	0	0.344914997	8.817993221	0	30.45961029	0	0	0	1.885491209	0	6.084683453	26.88517253	1.628478869	22.48905573	29.19062689	90.82094093	0	10.396157	0	0	168.5436744	42.97678106	0	4.429583987	10.72955608	0	0	2.215362156	0	41.14749744	0	0	0	0	7.183543084	10.51830852	0	0.799984099	0	0	10.60577791	0	0	1.108514742	6.078509814	0.590952751	0	0	0	0	0	31.04561333	0.995339345	0	3.560808289	0	5.079421941	0	4.984018413	11.07895515	0	2.420827631	0	12.24151759	0	0	11.8721293	4.889817749	0	0.597653868	9.714311993	0	0.295452267	1.936852935	44.09871863	0	0	0.924623583	0	14.26901378	0	0	0	80.1332304	0	0	47.40701602	0	24.08464819	0	19.31156956	0	0
Salmonella_sp._S146_54837	1803.852639	220.7865792	1214.289457	477.5868958	561.0031131	1360.516097	620.8165218	1188.792612	1127.579559	1090.738293	296.7632147	672.2544481	922.0471589	8.232501789	92.55719939	72.04568819	0	890.4265006	510.0201573	52.71795176	640.6587614	148.8153935	65.19929866	144.843706	213.6023032	24.70347193	485.1596566	76.77512521	1190.566643	51.69713955	218.1857653	151.0080514	3105.646156	462.9832426	1294.90355	1155.930522	358.71039	244.1572991	4695.192162	557.6621225	124.4130105	149.8261368	348.9804452	60.2504781	312.420707	1592.131751	623.7377201	1949.618297	1623.432905	3211.184729	828.2362001	2413.132612	68.59536177	1041.778513	13.68106459	1208.007664	554.6656135	1212.953271	507.6370293	1220.545959	1715.215439	1072.224959	274.848603	456.3779172	1324.593998	2172.757395	618.4375527	1783.991148	228.1494173	750.0243733	16.99955088	1076.262528	65.74854049	216.2119007	39.9471694	12.2728315	45.57318807	0	0	903.8873366	26.6989429	244.6279553	736.9001163	914.6463385	20.90467556	353.2197176	906.7687498	126.8214911	470.8169702	1025.08963	150.2044774	495.6633696	1020.44128	17.25173223	896.8355432	99.11934002	915.581978	7.79614595	71.64153613	303.2272181	12.12107416	82.10582581	1783.009567	10958.51677	6189.214204	506.726516	182.117148	521.9523965	541.9144321	2562.255961	2982.91334	0.336813866	1271.928991	233.399915	68.98860596	1720.052484	323.604304	774.7844355	1259.343452	197.4668804	1241.58609	2915.916764
Schaalia_cardiffensis	0	0	0	0	0	0	0	0	0	0	0	0	0	0	0	0	0	0	0	0	0	0	0	0	0	0	0	0	0	0	0	0	0	0	0	0	31.59370513	0	0	0	0	0	0	0	0	0	0	0	0	0	0	0	0	0	0	0	0	0	0	0	0	0	0	0	0	0	0	0	0	0	0	0	0	0	0	0	0	0	0	0	0	0	0	0	0	0	0	0	0	0	0	0	0	0	0	0	0	0	0	0	0	0	0	0	0	0	0	0	0	0	0	0	0	0	0	0	0	0	0	0	0	0
Segatella_baroniae	0	10.48202783	0	0.153009971	1.780955428	0	0	5443.594224	0	0	2.366176532	0	0	18.40503986	0	0	242.789462	0	9.558508446	0	18.63959808	7.401036504	0	0	0.369471573	56.7979946	0.916688121	0	9.755194885	11.24097245	0.763696746	0.800633735	77.7239574	7.331051412	133.8960228	0	133.1115962	7.769351678	0	2.060599815	1.063000974	132.6789394	0	0	0	0	0	0	0	0	0.617588375	0	0	0	0	0	0.369288378	0	0	0	0	0	0	0	0	0	0	0	0	3.948758384	0	0	0	0	0.074637243	0	3.134022012	2125.649043	0	0	0	10.38618939	0	0	6.660408348	67.91541117	0	25.67816585	43.83614686	0	50.79972676	20.97421354	0	1057.959273	0	1443.133171	0	1231.498146	7.415775524	0	107.1342345	3.913349047	0	0	0	0	0	0	60.74190101	0	0	3.736235583	0	0	0	0	0	0	0	0	0	0
Segatella_buccae	0	0.07763035	0	0	0	0	0	0	0	0	0	0	0	1.472161851	0	2.273498656	16.89289698	0	0	0	0	6.506508179	2.848223928	0	0	5.873994765	0	0.162771196	0	10.18998722	0.106086378	0.24939517	0	0	0	0	0.894709604	0	0	0	0	0.901575656	0	0	0	0	0	0	0	0	0	0	0	0	9.785963917	0	0.100945858	0	0	0	0	0	0	0	0	0	0	0	40.79839605	0.807744708	0	0	2.727589463	33.65248746	2.471947317	0	0	0	0	0	1.98932871	0	0.221651104	0	2.098710692	1.094486107	0	0.04379849	0	0	5.405099818	21.61306337	0.610565599	0	0	17.78955792	0	0	0.227589034	0	37.08911494	0.787566008	0	0	0	0	0.568777628	0	0	0	0	2.479986928	0	0	0	0	0	12.74826594	0	0	0	3.066247974
Segatella_maculosa	0	0	0	0	0	0	0	0	0	0	0	0	0	0	0	0	0	0	0	0	0	0	0	0	0	0	0	0	0	0	0	0	0	0	0	0	0	0	0	0	0	0	0	0	0	0	0	0	0	0	0	0	0	0	0	0	14.50914849	0	0	0	0	0	0	0	0	0	0	0	0	0	0	0	5.188789142	3.161397912	0	0	0	0	0	0	0	0	0	0	0	0	0	0	0	0	0	0	0	4.347200634	0	0	0	7.573557531	0	0	0.394061902	0	0	0	0	0	0	0	0	0	0	0	0	0	0	0	0	0	0	0	0	0
Segatella_oris	1467.816313	1370.445928	4114.904328	4570.599139	3726.503047	4170.173901	6299.129285	4832.792129	4038.045138	4021.807688	9401.447779	2789.766192	3919.572454	21381.83777	64.40775503	1027.842	4019.133298	5943.203713	4128.331836	1726.752051	10698.2011	1762.550908	7243.234762	1728.468225	8728.951882	375.499933	714.1068112	782.2495438	6001.542758	17858.35473	6172.770881	2653.559229	3069.012852	12427.723	5006.960394	3488.476313	2157.401916	1640.744694	2312.846411	5607.039786	13582.24112	2454.046615	11875.98624	264.0374726	9971.427564	3688.898792	5439.672057	6557.186002	5435.582208	1642.721504	13075.23261	3703.782689	1098.377469	4158.445494	6995.431807	3850.872879	2236.018492	3525.950335	16493.70885	3159.979082	6433.637468	4418.2968	4368.775591	7332.409569	5143.604288	5903.114079	6892.551796	5072.302829	2965.942425	5865.249237	0	7788.391453	2838.583762	3817.054587	946.5894083	546.4355589	5682.466724	518.110466	133.5871895	2034.990158	8723.879593	4849.967293	6439.570166	6590.60419	366.8747622	3854.371432	12732.01997	1345.535546	3158.34311	5870.61729	3574.105768	4063.739434	4696.634249	6059.694953	3966.477135	2014.17853	11257.82706	1957.702948	686.2418973	13527.86678	998.5257865	864.404716	5587.786986	781.8280264	3432.208262	854.1688749	3523.473385	1465.654294	6443.951102	6454.590591	4128.816427	2.349139768	14171.92635	20174.16283	590.235851	4582.502955	5808.523019	5641.259137	4917.527096	4027.225467	3054.914671	3600.235455
Segatella_oulorum	0	4.359796437	0	1.762740827	1.520744916	0	0	0	0	1.326781416	0	0	0	0	0	35.31288394	0	0	1.831884022	0	48.42324525	10.72799072	176.1221528	0	5.61768382	25.16789637	0	3.139299314	6.321282721	0	170.2122988	6.762126407	0	31.20140909	0	0	18.77928366	0	0	0.244144557	0	36.53069784	0	3.378048113	0	0	1.167992133	0	0	0	2.444746721	0	0	0	14.31569378	0	2285.391087	0	22.98905546	45.56436588	0	0	204.1956916	0	0	0	0.449384871	0	0	4.583620657	0	8.076368945	111.4990333	0	20.46871409	0	0	121.9058392	0	0	0	0	13.05536949	22.00282122	190.6673288	3.79405078	0	0.119988589	4.750495406	0	73.13138739	82.68090105	93.13333994	0	0	23.02151751	195.0240244	3.565360764	0.047961062	39.41122984	15.07098087	677.6332335	0	0	0	0	96.26215853	305.1581746	1.207816269	0	0	0	0.361560012	0	0	0	0	57.4211403	0	34.6216743	0	0
Segatella_salivae	85.04911218	364.357868	302.3071067	750.995273	244.3739902	311.668274	157.7234229	330.4319084	121.3318558	375.2410593	468.4493851	119.9025702	336.7271545	1026.697779	91.67770735	1159.254008	3008.048635	218.361586	581.9601383	1228.71801	1612.622531	625.5286554	8328.826511	1399.990058	385.0850448	949.5464062	51.72891303	436.5116585	1509.841614	230.3219552	3557.922925	1179.129003	502.2855973	4090.494504	263.2300893	315.1362591	391.6255527	95.41962782	303.6121818	222.3386838	392.6659787	712.801049	267.3760978	525.4326511	191.7007145	1087.190794	837.6781703	97.37498735	308.9471474	264.9334548	166.1244335	874.8286204	37.65065628	611.556419	1113.076487	358.5108667	46027.43885	365.1245147	1059.296049	1694.277364	215.4757458	420.9755268	8775.822476	155.3492798	180.6506811	648.337938	157.5147036	795.6799141	1609.752714	660.3171231	744.0461689	283.8572434	18980.67202	393.7371001	1145.255572	834.6998987	327.2807606	2994.18824	770.3835172	207.8734313	853.5897164	133.9491179	451.3158164	1845.060797	14370.64699	675.0886683	609.3722188	132.6842289	340.6555872	518.7453516	2677.027291	6255.507094	1448.761896	1553.361353	186.8740618	700.6204745	8943.281733	382.5981034	63.20648968	1702.510815	1549.006561	41952.90245	303.1351324	1536.499602	964.1382989	1278.887504	3337.764208	32718.39402	226.1259505	407.8949643	870.2606129	16.00562279	873.2820271	233.2336961	1512.538144	347.9806487	71.36286902	427.4327646	393.8714141	2588.995501	299.3785746	93.55765219
Segatella_uncl	0	3.399049441	0	4.681607667	1.270683036	0	0	0	0	0	0	0	0	562.04499	1.714761646	255.5786237	483.4370908	0	16.32172784	68.27686722	173.5449965	12.57000543	80.16001169	0	0.450223369	25.78906031	0	1.259813919	39.00818032	40.88805485	60.05734623	32.68448688	0	12.81363284	0	0	11.46125671	0.55995798	0	9.740742314	18.62554036	3.287383154	0	9.411163444	0	0	12.46200904	0	0	0	0	0	0	0	249.9431036	0	503.0330939	0	422.129125	89.60210042	0	0	206.4624212	0	0	0	0.957836301	0	0	25.97226937	0	1.387011655	297.1578423	8.34597065	41.91153213	27.94427016	18.22526235	147.4539477	0	0	64.15543858	0.776378539	53.2310156	18.49562239	272.9814807	37.46639687	0	9.902243418	4.354333421	0	42.84456482	38.67501756	127.2906171	275.7423579	0.536913505	44.2840741	160.4325502	59.14027831	0.830895112	14.83211038	54.10763362	1138.820291	0	0	0	0	27.12734249	586.6194364	1.715985219	0	0	3.75173632	687.5809375	0	0	0	0	0.851046838	0	26.24112025	0	0.090976056
Serratia_uncl	0	0	0	0	0	0	0	0	309.1697522	0	0	0	0	0	0	0	0	0	0	0	0	0	56.82868323	0	0	0	0	0	0	0	0	0	0	0	0	0	0	0	0	0	0	0	0	0	0	0	0	0	0	0	0	0	0	0	0	0	0	0	0	0	0	0	0	0	0	0	0	0	0	0	0	0	0	0	0	0	0	0	0	0	0	0	0	0	0	0	0	0	0	0	0	0	0	0	0	0	0	0	0	0	0	0	0	0	0	0	0	0	0	0	0	0	0	0	0	0	0	0	0	0	0	0
Shewanella_uncl	0	0	0	0	0	0	0	0	0	0	0	0	0	0	0	0	0	0	0	0	0	0	0	0	0	0	0	0	0	0	0	0	0	0	0	0	25.01452951	0	0	0	0	0	0	0	0	0	0	0	0	0	0	0	0	0	0	0	0	0	0	0	0	0	0	0	0	0	0	0	0	0	0	0	0	0	0	0	0	0	0	0	0	0	0	0	0	0	0	0	0	0	0	0	0	0	0	0	0	0	0	0	0	0	0	0	0	0	0	0	0	0	0	0	0	0	0	0	0	0	0	0	0	0
Shigella_boydii	0	0	0	0	0	0	0	0	0	0	0	0	0	0	0	0	0	0	0	0	0	0	0	0	0	0	0	0	0	0	0	0	0	0	0	0	0	0	0	0	0	0	0	0	0	0	0	0	0	0	231.3570269	0	0	0	0	2.154191996	0	0	0	0	0	0	0	0	0	0	0	0	0	0	0	0	0	0	0	0	0	0	0	0	0	0	0	0	0	0	0	0	0	0	0	0	0	0	0	0	0	0	0	0	0	0	0	0	0	0	0	0	0	0	0	0	0	0	0	0	0	0	0	0	0	0
Shigella_flexneri	0.509092654	7.229209629	0	4.539342996	4.177241971	26.78917095	33.55978703	0	2.676195594	0	0	0	80.54201598	0	4.784584301	72.90043113	0	25.83386948	16.34109593	0	7.294075623	0.227308266	0	20.54185556	0.771543748	0.370412685	0.377139087	4.33635519	1.860380153	10.43507479	0.798313898	0.703774252	12.20404271	0	0	0	0.315600329	0.716240122	3.067871912	0	0.74285164	2.63840693	47.04650288	0	0	0.903407571	0	0	0	0	366.8594791	8.573676012	334.3462021	0	0	7.917346533	5.412369524	0	47.17339471	5.414397963	0	1.521309428	18.57478587	1.133623631	0.197960042	0	1.388686551	0	0	1.897593555	0	7.130728283	0	138.6163486	0.34194352	99.09090965	240.2561096	0	1.698208195	11.48302643	140.2028625	5.661093402	0	11.33216532	109.6992994	2.391140726	0	0.823973442	28.67711877	0	2.178968811	1.0221859	0	0	2.00483084	0	193.751774	0.276062424	2.433064874	0	1.461378705	0.598352336	20.17301313	0	0	0	0.356677182	6.792302815	0	49.69583089	0	847.6715912	25.3252553	2.851714592	2.143797006	2.743116422	360.631627	0.648191702	0	0.475500886	0	0
Shigella_sonnei	0	0	0	0	0	0	0	0	0	0	0	0	323.5063117	0	0	0	0	0	0	0	0	0	0	0	0	0	0	0	0	0	0	0	0	0	0	0	0	0	0	0	0	0	0	0	0	0	0	0	0	0	115.3136688	0	0	0	0	0	0	0	0	0	0	0	0	0	0	0	0	0	0	0	0	0	0	0	0	0	0	0	0	0	0	0	0	0	0	0	0	0	0	0	0	0	0	0	0	0	0	0	0	0	0	0	0	0	0	0	0	0	0	0	0	0	0	0	0	0	0	0	0	0	0	0
Sneathia_sanguinegens	0	0.458049095	239.2103682	0	0	0	0	0	0	0	0	0	0	0	0	0	0	0	0	0	0	0.302765623	0	0	129.3248589	0	140.7077605	45.88413562	35.80828921	0	0	0	215.8240847	0	0	0	264.6241843	0.231651767	0	42.60119929	0	0	0	0	0	0	7.546765419	0	0	0	0	0	71.00138919	0	0	0	0	0	0	0	0	0	0	618.9751358	0	0	0	0	0	0	0	0	0	0	0	0	0	0	0	0	0	0	3.341746429	0	0	65.57025846	0	198.2106632	74.19875917	0	0	0	0	175.1825602	0	0	0	300.6467086	0	0	2.497122631	0	0	0	0	0	0	0	0	0	0	0	0	114.8856064	0	0	0	0	0	0	0	0
Sneathia_sp._DSM_16631	0	0	0	0	0	0	0	0	0	0	0	0	0	0	0	0	0	0	0	0	0	0	0	0	0	0	0	0	0	0	0	0	0	0	0	0	0	0	0	166.5668736	0	0	0	0	0	0	0	0	0	0	0	0	0	0	0	0	0	0	0	0	0	0	0	0	0	0	0	0	0	0	0	0	0	0	0	0	0	0	0	0	0	0	0	0	0	0	0	0	0	0	0	0	0	0	0	0	0	5.924596607	0	0	4.434954962	0	0	0	0	0	0	0	0	0	0	0	0	0	0	0	0	0	0	0	0	0
Sneathia_uncl	254.8320778	265.7139068	1933.035026	778.6512716	584.4707547	1123.785581	634.0838681	566.719172	626.3295504	1049.880401	31.48030757	486.772009	694.6901535	95.27314751	19.30125346	45.28343154	0	478.1841917	429.4867227	2625.53982	266.6390517	82.46492001	40.5883292	255.6712237	381.25337	18.5631614	1218.184984	335.706499	8815.773711	100.822227	293.6109842	204.7525424	2288.615222	1614.681812	576.3095252	1473.221413	1891.793611	167.5951319	795.5692721	66260.12416	241.4856138	197.5108754	383.8081224	33.15906766	698.1753867	1492.354539	5586.662176	758.8133515	1150.098094	803.6371107	736.0342056	611.6267008	1172.44308	1013.173887	3.096046767	656.9755038	193.9206993	1352.258115	396.0586499	876.215564	1044.7959	714.8858975	421.4223522	2973.965935	288.0312446	756.34617	604.0800901	723.7876265	387.2293315	519.6733125	63.47592101	943.3534934	93.43330763	106.4684847	33.21458115	505.6826421	21.11905686	18.84705139	0	377.9752123	61.93063757	700.8913109	157.4130906	530.8340877	7.082477457	601.6140202	448.676947	1217.847689	683.7728424	566.1124399	97.73215533	1528.709229	858.1831096	2050.269067	741.5122519	63.30651412	392.0769673	5222.407374	77.6087206	236.9518367	4254.358757	43.87780573	680.0089376	1006.11825	429.1106292	142.6977438	80.61554903	64.47451266	531.6617676	978.1367142	255.2545629	1.792428239	515.6451494	4297.602811	176.9386261	1228.933227	133.6537391	559.0062501	988.039275	58.38911112	587.3383636	351.7377844
Solobacterium_moorei	0	173.1242521	0	0.298753716	178.8854433	0	0	0	0	0	0	0	0	0	4.921652889	31.03194248	0	0	7.371998018	176.6954912	12.77337489	396.2759043	1.906628723	0	16.17444536	198.276404	0	1.059621856	0	91.7227134	1.135964052	43.62657841	0	0	0	0	9.084095074	4.475656915	0	283.3595889	0	109.3051345	0	4.200929613	0	0	0	0	0	0	0	0	0	0	3.821311179	0	4.257170595	0	0	0	0	0	0	0	0	0	0	0	0	0.873458076	0	19.79876012	29.84216558	49.64349778	1.032782542	0	46.97888761	32.42543784	0	0	0	30.70937899	0	0	15.74846228	265.2926538	0	832.0473814	9.313550123	0	3.446113752	0	1.855329304	9.603179864	0	46.95797134	4.698281109	55.23912051	41.12240607	1.233140974	8.474427132	0.242845457	0	0	0	0	0	0	0	0	0	0	0	0	0	0	0	0	0	4.504572236	0	227.1702505
Solobacterium_uncl	0	399.4597165	0	9.206384132	618.435106	0	0	0	0	0	0	0	0	0	27.85701744	31.34226727	0	0	7.642170547	735.1704146	8.365157962	1012.121062	0	0	6.110174294	574.7484795	0	9.630855233	7.876384293	0	7.789047954	160.6426204	1993.542815	0	0	0	33.81196973	18.72437253	0	410.6891265	2.25787801	710.5263921	104.3951491	68.68912613	0	0	0	0	0	0	0	0	0	73.21458903	43.80349659	0	0	0	0	0	0	0	0	0	0	0	0	0	0	0	0	0	510.9182703	25.19788529	2.104731324	5.602367852	22.70703547	237.9669403	0	0	0	47.26670328	0	0	90.43468619	371.1297129	0	1242.694201	26.91381058	0	30.65704062	32.17524423	0	16.59663301	0	185.3625589	0	144.8863895	35.92243264	27.38094272	36.47704642	0	0	0	0	0	137.1155602	0	35.53924597	0	0	1.227690901	0	0	0	0	0	0	0	67.86650393	0	22.16569084
Staphylococcus_aureus	682.209537	98.87528365	235.9788844	5092.735933	137.8863213	119.4012356	81.13794401	183.218969	485.2774964	383.5244065	421.7754191	185.2333325	164.8531296	78.25259929	10.09732238	28.82525974	0	717.3618359	93.00248107	107.0028246	227.9373675	96.62777137	205.5172594	0	894.1011429	53.47363643	515.6278086	44.26498924	498.4681757	106.2351086	95.54080464	465.6850181	609.3908955	323.4897649	364.6956498	145.052925	79.44349363	439.1987292	1283.234955	633.2206114	1225.610281	253.7920404	3175.58305	13.82546272	413.5939706	257.9556571	166.6598274	1424.989485	154.4603039	789.6236355	1276.72707	405.8187721	105.9744302	347.1252536	77.06249223	282.5619431	189.1488426	398.538031	1796.378498	944.3258861	361.1889881	340.445395	39.51299174	428.3657891	1969.572232	168.0885486	374.0732126	258.7632265	685.7052736	114.6091051	233.4023525	186.5517249	108.7942501	84.73124776	26.56602032	32.40478985	118.5095686	5.405723218	0	506.8983595	204.5331119	306.9472531	278.8368748	206.9887862	34.4310905	128.1931747	116.3316963	72.84458383	134.3595699	58.80122442	174.3495069	171.505906	197.7065942	18.22036773	243.1607389	38.60207155	112.5131443	16.41791433	53.3776178	699.4083939	29.8547896	31.60769455	107.8975208	4117.549155	988.274684	335.3460172	83.28766126	134.2606742	551.5383949	713.2614746	404.4436295	0	1126.464297	122.4305591	0	522.8029134	320.0765363	352.1757702	177.9749352	253.4930981	88.71442683	392.3966028
Staphylococcus_uncl	412.9481558	358.0085629	1381.860551	3268.013032	1260.147816	2413.986629	991.6784264	25877.10969	919.168974	1183.975624	149.0830676	781.6061567	1059.294377	25.72909898	33.29983846	123.1463255	0	697.1587191	625.711986	178.0855291	433.4699833	165.9999047	83.51988994	575.6614496	1078.508255	35.65777278	212.4458674	102.6330482	1322.605106	234.7161275	508.7370003	339.6606041	11350.35128	1290.275851	678.4604893	4268.517166	421.5955368	292.7899454	3336.88117	1021.572177	396.4638605	408.3459554	904.6634141	49.40637228	1178.860051	1665.313385	660.5001251	3064.618992	1684.914597	750.8099168	1065.732421	1957.969605	68.04284833	1316.556055	659.1708456	906.3408566	394.7501162	1701.436206	1398.274071	1189.082699	1443.137166	932.7468086	602.330995	1156.430476	1513.397947	1060.433731	2485.855712	1231.268748	29775.52004	1047.499316	13.66393174	1578.766357	149.8454948	196.0812025	66.99288257	9.864680132	37.50551563	1.371343832	0	606.9535229	3330.444128	352.5737861	358.9953715	917.278469	19.12547169	539.6240071	834.3693016	175.1392634	477.1183107	960.9550203	175.5195154	39.43783313	1356.951555	24.65178764	1172.492723	122.32671	779.6677505	17.40415904	104.1075758	655.2484748	31.88985297	79.87659422	1207.931271	1461.100778	558.1826849	230.0533622	115.8976606	161.4832556	9591.37186	1410.252789	537.254856	4.595609479	1734.52914	870.0147522	123.2262101	1838.133634	273.4596496	1066.185571	1387.31605	126.4844034	1115.59432	573.6079621
Streptococcaceae_uncl	0	0	0	0	0	0	0	0	0	0	0	0	0	0	25.19160584	0	0	0	0	0	0	0	0	0	0	0	0	0	0	0	0	0	0	0	0	0	0	0	0	0	0	0	0	1.265786292	0	0	0	0	0	0	0	0	0	0	0	946.1437513	0	0	0	0	0	0	0	0	0	0	0	0	0	0	0	0	0	0	0	0	0	0	0	0	0	0	10.42516929	0	0	0	0	0	0	0	0	0	0	0	0	0	0	0	0	0	0	0	0	0	0	0	0	0	0	0	0	0	0	0	0	0	0	0	0	0	0	0
Streptococcus_agalactiae	0	9.451833103	0	0	0	0	0	7.933219302	0	0	0	0	0	0	0	0	0	0	7.26674722	20.44829116	0	11.32911449	0	0	78.26878427	80.74237513	0	0	0	0	0	0	0	0	0	0	0	0	0	0	0	5.462277136	0	0	0	0	0	0	0	0	0	0	0	0	3.610556716	0	0	0	0	0	0	0	0	0	0	0	0	0	0	0	0	0	0	121.4025741	0.440485735	0	15.55495731	0	0	0	52.28942385	0	0	0	13.42162886	0	0	0.394633618	0	0	28.32614276	0	0	9.105776423	0	0	0	2.612544319	1.537968838	0	13.15352467	0	0	0	0	0	4.506295107	0	0	0	0	0	0	0	0	0	0	0	0	34.06227768	0	0
Streptococcus_anginosus	0	3552.784732	0	3694.017563	191.1472847	0	0	26.8304008	0	5865.246312	0	1.50790851	0	1982.600703	51.07250864	122.0300764	233.5340438	0	2538.2493	3612.199561	2693.369556	4159.248401	0	0	7673.58136	2783.046831	0	0	160.7037836	8651.762113	75.16068195	2073.754157	0	0	25.66984234	0	1443.278226	3.568690867	783.2496273	43.02946888	4029.27188	837.9564834	306.1775347	13343.15932	0	0	43.19068859	0	0	0	183.759798	0	147.6144066	457.3908866	8048.198064	0	28.69021639	7.561033351	1550.217547	1019.861835	0	0	63.78341105	0	0	0	1358.932767	0	0	40.3654766	0	4.31475918	290.6379611	4363.627376	97.34375728	642.3905472	135.6030496	1287.181462	0	0	7299.521945	57.58148293	42.46155033	0	645.299561	3850.115138	0	3844.017874	3242.53546	92.65780883	6987.371638	3087.5768	410.5195663	546.7251379	805.9752187	2862.479217	423.2019645	1902.007228	6136.976354	161.3527624	6116.213672	9.024532501	0	0	0	0	18514.21511	0.909003942	2795.057148	0	0	11.97185476	94.24973188	0.332084098	0	0	16.61048494	3.677312752	0	15265.44465	0	0
Streptococcus_australis	0	10.97961155	0	17.1709036	530.1007618	0	0	0	0	0	0	0	0	0	717.3174564	3.441656777	0	0	0	0	0	0	0	0	0	4.918720254	0	0.415161818	14.42752082	0	0	0	0	0	0	0	6.565711553	0	0	0	0	153.7876317	0	12.84862613	0	0	0	0	0	0	0	2001.303141	0	67.82511835	0	0	0	0	0	0	0	0	0	0	0	0	0	0	0	0	0	0	0	0	0	0	0	0	0	0	0	0	15.18482906	0	0	0	0	0	0	0	0	0	0.516401292	13.69842785	0	21.04973659	0	0.32993052	0	0	0	3.930250439	0	0	0	0	6.964740503	0	0	0	0	0	0	0	0	0	0	0	0	0	0	0
Streptococcus_constellatus	0	2089.123184	0	271.9940058	57.13813692	0	0	615.5263924	0	58.92648863	0	318.2224019	0	1845.637011	49.55450442	16.86721976	67.35431909	0	3186.25961	349.4573617	177.7130649	3434.388874	0	0	2510.002491	3647.908989	17.08976287	0.475189926	668.7946767	3807.713266	25.28739356	132.139131	0	23.78917538	0	0	597.7696122	10.21902515	0	20.61182777	129.2520584	382.8152166	625.067777	584.8915364	0	0	134.0607514	0	0	0	70.60003411	0	192.7320864	5.861429981	1222.191994	57.4244765	23.0738063	0	811.7729694	205.0359442	0	0	1.762977612	0	0	0	237.887307	0	0	30.79378161	0	0	32.88632277	1159.776767	150.6783035	63.76028174	1044.117626	375.7183024	0	0	3176.3672	35.07912766	0	0	1234.207482	1390.915964	0	2289.552004	3753.225123	1.047498121	5045.071388	335.2409246	27.71941326	676.0069902	329.3756143	524.1082997	173.4117413	2937.106513	549.6012776	44.667353	1116.530488	21.7098888	0	0	0	0	6784.051008	0	549.4672407	0	0	35.58933372	35.54840499	0	0	0	1.511056415	6.400965273	0	5936.259109	0	0
Streptococcus_gallolyticus	0	0	0	0	0	0	0	0	0	0	0	0	0	0	0	0	0	0	0	0	26.02956269	0	0	0	0	0	0	0	0	0	0	0	0	0	0	0	0	0	0	0	0	0	0	0	0	0	0	0	0	0	0	0	0	0	0	0	0	0	0	0	0	0	0	0	0	0	0	0	0	0	0	0	0	0	0	0	0	0	0	0	0	0	0	0	0	0	0	0	0	0	0	0	0	0	0	0	0	56.81476529	0	0	0	0	0	0	0	0	0	0	0	0	0	0	0	0	0	0	0	0	0	0	0	0
Streptococcus_gordonii	0	0.357451143	0	0	5.395998292	0	0	0	0	0	0	0	0	0	10.3959456	0	0	0	0	0	1.79319345	0	0	0	0	289.4961967	0	31.22852414	0	0	0	0	0	0	0	0	0.562512706	0	0	0	0	89.76829487	0	64.30012584	0	0	0	0	0	0	0	0	0	848.7379605	0	0	0	0	0	0	0	0	0	0	0	0	0	0	0	0	0	0	0	0	0	0	0	0	0	0	0	0	0	0	0	2.194661144	0	0.403342773	0	0	19.14110289	0	0	0	0	0	0	8.214405008	0	0	0.238452888	0.139475768	0	0	0	0	6.983873828	0	0	0	0	0	0	0	0	0	0	0	0	0	0	0
Streptococcus_himalayensis	0	103.0626837	0	47.36007293	0	0	0	0	0	0	0	0	0	0	0	0	0	0	58.99502946	25.18118429	107.6394816	44.3433941	0	0	242.2364675	59.40042418	0	0.1479099	0	0	0	17.67674633	0	0	0	0	24.69551423	0	0	8.017170529	0	3.09498303	0	72.13099998	0	0	0	0	0	0	0	0	2.47605432	0	97.81737034	0	0	0	21.49596156	1.119516354	0	0	0	0	0	0	37.56279226	0	0	0	0	0	3.717833626	0	0.330331497	0	2.166368209	24.9513498	0	0	0	0	0	0	0	57.26726837	0	42.90398049	20.30107762	0	240.2676832	44.1071541	0	0	0.322791501	7.657266322	0	115.1654078	94.54387482	0	148.0927747	0	0	0	0	0	142.6498357	0	7.429801952	0	0	0.64352819	0	0	0	0	0	0	0	95.54550779	0	0
Streptococcus_hohhotensis	0	6.696944034	0	0	0	0	0	0	0	0	0	0	0	0	161.9326714	0	0	0	0	0	0	0	0	0	0	0	0	0	0	0	0	0	0	0	0	0	0	0	0	0	0	0	0	186.7677934	0	0	0	0	0	0	0	0	0	0	0	0	0	0	0	0	0	0	0	0	0	0	0	0	0	0	0	0	0	0	0	0	0	0	0	0	0	0	0	0	0	0	0	0.279879117	0	0	0	0	0	0	0	0	0	0	0	0	0	0	0	0	0	0	0	0	0	0	0	0	0	0	0	0	0	0	0	0	0	0
Streptococcus_humanilactis	0	0	0	55.93168468	0	0	0	0	0	0	0	0	0	0	0.545701267	0	0	0	0	0	0.360361772	0	0	0	0	18.0439335	0	0	0	0	0.142971724	0	0	0	0	0	0	0	0	0	0	29.29610823	0	121.4143675	0	0	0	0	0	0	0	0	0	0	0	0	0	0	0	0	0	0	0	0	0	0	0	0	0	0	0	0	0	0	0	0	0	0	0	0	0	0	6.273064094	0	0	0	0	20.54134666	0	0	0	0	0	0	2.992078277	0.757100156	0	0	44.55695451	0	0	0	0	0	0	0	0	0	0	0	0	0	0	0	0	0	0	0	0	0	0	0
Streptococcus_infantis	628.9885572	1301.776992	0	368.0633981	2773.81539	0	0	0	0	0	0	200.6814324	0	0	10328.08312	12.65495893	29.58196454	80.65205356	397.1958511	247.568049	61.5283449	299.8284546	44.02829898	0	0	6687.265073	0	268.250217	513.7407848	0	207.2323646	48.37976257	0	0	0	0	17562.71011	0	0	0	6.350343894	4267.169341	0	3430.949098	0	0	0	0	113.346907	0	49.87379695	0	147.2767146	457.0585112	0	992.7545299	31.24308725	455.5579673	12.07009798	127.2516841	0	59.92419051	33.10498225	0	1443.937098	0	40.38398395	0	1063.752463	11.57245265	0	211.0466567	254.6660269	71.50473279	167.8475841	137.6748457	0	4.695161506	0	0	64.30929398	2.093894934	100.2441282	44.04075208	196.5011339	12.47372405	58.81314104	12.6430063	13.07068114	1.219008908	529.0824293	224.2553892	270.8349421	144.404475	5.413872582	225.3659598	1.221478036	10.69350945	33.08485084	1.216476907	5.129921527	45.45470656	0	0	87.82081911	0	110.4109298	0.734982917	0	0	0	4.153965013	0	0	0	53.08716621	1250.474997	1798.451985	63.93827225	7.079033083	100.0447475	0.909147097
Streptococcus_intermedius	0	493.9407868	0	176.9329984	133.8512483	0	0	0	0.202759142	0	3412.301188	19.93635136	0	33386.13325	362.5370556	19.36452247	3.809080549	222.2917497	407.0241695	0	269.0249756	1262.523725	98.12803876	0	1191.079602	1246.225005	0.636348625	639.0763819	480.7137998	281.5286167	188.7681388	178.2233388	1.426530231	0	0.259769017	1.390896317	94.6020648	0	0	150.3103351	9.09227915	1027.860149	304.5409976	737.6971331	0	0	0	0	0	0	696.2468881	0	93.8453827	0	115.5488328	18.28109989	115.1265752	0	48.79388426	83.51592001	0	0	0.69096158	54.62017279	233.0534121	0	665.5106451	0	133.3928265	13.70939833	0	8.644033949	252.6255297	345.1705107	61.41029651	28.15319421	141.9256489	157.9329651	0	0	8120.620741	43.23505279	48.3368116	121.7607763	87.91276508	46.60954451	0	186.3234106	307.9320286	0	1219.14033	201.7113471	56.62082012	253.2088954	303.7059388	310.4905001	204.9005019	1548.487358	879.863303	0	1691.926812	4.051317585	0	0	0	0	6076.580393	11.66453124	864.904475	0	0	7.385460542	2.609425474	0	0	0	12.27653908	79.55749035	0	10317.6719	0	0
Streptococcus_koreensis	0	0	0	0	0	0	0	0	0	0	0	0	0	0	91.58313445	0	24.56233662	0	0	0	0	0	0	0	0	0	0	0	0	0	0	0	0	0	0	0	0	0	0	0	0	0	0	0	0	0	0	0	0	0	0	0	0	0	0	0	0	0	0	0	0	0	0	0	0	0	0	0	0	0	0	0	0	0	0	0	0	0	0	0	0	0	0	0	0	0	0	0	0	0	0	0	0	0	0	0	0	0	0	0	0	0	0	0	0	0	0	0	0	0	0	0	0	0	0	0	0	0	0	0	0	0
Streptococcus_massiliensis	0.505304762	711.8558059	0	101.7429785	0.839955091	0	0	0	0	0	0	0	0	6.68278233	35.0066948	1.942480386	0	0	193.254162	0	167.9100849	131.0073951	0	0	1618.343765	348.0082551	0	0.123148198	8.977995293	0	26.48646919	121.7021524	0	0	0	0	52.50588491	0	0	33.33827451	349.0104521	155.9751972	0.805111284	975.4602222	0	0	37.05296981	0	257.0318984	0	0	0	0	0.998710912	502.2558337	0	24.05744842	6.880315319	74.96414991	0.932097322	0	0	0	0	0	0	0	0	0	7.051354257	0	0	2.579523703	99.01322627	10.01110894	0	40.5831366	723.0529448	0	0	54.18256455	272.8238201	0	0	116.969895	362.8496748	0	252.7557841	69.37941045	0	694.2128622	1959.374811	1.535790855	62.0267762	8.19695873	630.6551858	328.8429723	218.3908749	217.2345075	0	1042.542669	0.206256019	0	0	0	0	890.4785553	50.46227572	388.9885689	0	0	0	0	0	0	0	0	0.521350617	0	1138.561752	0	0
Streptococcus_milleri	0	21.31095397	0	0	0	0	0	0	0	0	0	0	0	0	6.933923676	0	0	0	84.33781711	0	11.28706924	93.38153363	0	0	0	23.07642583	0	0	0	0	0	0.350913269	0	0	0	0	62.46725762	0	0	1.504732275	0	3.726634875	0	3.036231091	0	0	0	0	0	0	0	0	0	0	4.589803648	0	0	0	0	0	0	0	0	0	0	0	0	0	0	0	0	0	0	3.507479602	5.455954916	0	0	0	0	0	65.54768785	0	0	0	0	3.974205297	0	12.98275055	23.37752911	0	39.90570647	4.756999202	0	0	0	0.526966852	0	13.17317606	0.689727849	0	12.84866148	0	0	0	0	0	268.0564631	0	17.82075978	0	0	0	0	0	0	0	0	0	0	92.74197966	0	0
Streptococcus_mitis	96.37317338	426.1554056	0	6174.583872	194.0585248	0	0	0	0	0	0	248.8110064	0	0	2213.015022	135.4652556	0	862.7079649	25.19785486	0	137.5558611	1.358458155	909.7598388	0	0	306.5929941	0	134.2844709	131.6637267	91.92341204	3260.566518	77.14544728	0	0	0	0	33.53168796	0	0	0	857.1688082	2508.800167	41.13639777	3329.940957	0	0	0	0	0	0	1.92610293	0	0	26.91876412	0	0	0.24189736	57.60009177	0	0	0	0	0	2.377201058	0	0	0	0	0	33.17994716	0	0	413.5817734	64.05194594	129.4996866	92.57603182	0	4.875534416	0	0	0	0	346.3384222	2.831295235	3.082099465	112.1272368	0	61.17866064	13.68907066	0	159.7472165	20.15296818	64.26753988	22.23671664	3.838028441	34.83630537	0	20.60943931	284.8188571	6.0292125	46.809544	52.11126302	0	0	19.36964211	0	134.8198097	0.674240527	0	0	0	3.158501233	0	0	0	0	219.906094	8.648819907	0	0	0	533.3989006
Streptococcus_mutans	0	34.37262651	0	0	7.443294347	0	0	0	0	0	0	0	0	0	0	0	0	0	28.78954269	0	97.74617773	82.53639324	0	0	0	100.2575795	0	0	0	0	2.844980188	83.02244027	0	0	0	0	21.47634047	0	0	0	0	0.063802915	0	11.40317489	0	0	0	0	0	0	0	0	0	0	168.2860923	0	0.289322273	0	7.382681291	0	0	0	0	0	0	0	99.53995699	0	0	0	0	0	0	0	0	0	0	68.00617637	0	0	272.9185788	0	0	0	0.891132264	5.858459006	0	5.774967269	0	0	0.569365551	63.65159446	0	0	44.75847546	64.80937965	3.361078024	42.76312013	15.63674622	0	656.3127376	0	0	0	0	0	327.0022664	0	35.55528434	0	0	0	0	0	0	0	0	0	0	403.260641	0	0
Streptococcus_oralis	486.7716361	2404.582189	861.6885392	1013.308563	1329.953729	1052.282953	654.9706142	782.7320696	620.6883105	715.8112568	1767.570457	535.4418814	717.2400602	21.61650891	1598.721753	115.3466224	0	615.0561936	5939.134407	1307.790747	504.9613176	149.7752337	119.652882	209.1780163	199.2258725	7340.130517	122.754815	860.4740161	3798.160177	116.0268859	865.1011254	466.4068691	546.9178346	1110.904498	1288.133439	973.6873964	533.1061436	236.5525105	773.29041	770.2820556	697.120139	8166.348707	1152.325574	8663.122638	1076.69537	912.2215025	501.2744945	648.1036097	1232.042422	903.9067229	1617.812306	509.2595794	755.2432127	2197.643813	33.81065965	863.8920104	392.6741872	1229.659626	773.1429988	1185.026939	841.8506875	516.3053111	422.4481468	756.7492499	921.3657039	1026.798144	791.5315596	1277.960604	3394.594268	1282.65559	16.73872745	1396.030987	309.2978919	339.1606366	1824.890109	121.099159	29.90096482	7.982484241	0	554.5016663	221.0297776	379.469532	345.3797209	3450.374929	368.9539376	612.7921803	1022.127496	211.9884039	521.0325264	1053.535417	3374.852879	1265.547247	1135.656058	249.2793534	812.7493179	5619.618374	687.3525898	55.53907963	282.0220796	754.3969899	125.7616693	259.1581539	864.5251455	850.2627281	556.3042019	176.1389311	181.1369922	107.9920748	550.6279862	769.2242895	379.3522848	2.501050083	586.2123449	791.6950835	80.50976772	943.8317585	1029.572761	1150.857886	1116.242205	142.5761655	894.4780846	319.6428615
Streptococcus_parasanguinis	0	3347.296649	0	114.5676266	3637.580052	0	0	0	0	0	0	0	0	0	3051.923947	9.63574818	207.237929	0	0	56.01937419	69.34075717	2.066406564	0	0	0	405.0182087	6.415943051	10.29212619	133.5261161	0	63.26208566	6.551042872	0	0	0	0	99.23917493	0	0	0	0.193919615	838.5749183	1.052596854	1914.410942	0	0	170.7568787	0	212.9266642	0	0	0	55.34957809	4.83902957	0	5101.533606	47.21512148	0	0	17.27121508	0	0	28.43971767	0	0	0	0	0	115.1299789	14.8780692	0	0	165.6517819	37.20456309	35.3638335	0	0	191.4238551	0	0	0	0	0	16.0236373	22.92760853	2.095349485	0	4.579902966	2.569815987	0	0.482970435	0	274.3864011	6.181162518	5.260247907	47.36530163	0	1.010354853	0.345820994	0	6.007685804	165.4907777	0	0	0	0	121.5898475	1.607548844	0	0	0	6.642711473	8.689145465	0	0	0	88.63937989	64.3479683	0	0	0	13.61188378
Streptococcus_periodonticum	0	553.0062635	0	186.1549673	11.62316234	0	0	0	0	0	9.766188082	0	0	8.669555455	1.324747767	23.5477059	93.65518012	0	702.5726934	108.7943831	429.0264296	217.2407996	0	0	3299.079851	1475.935561	0	0	0	0	25.61443311	487.4021273	0	0	0	0	22.99188355	2.897726662	0	2.886490934	15.96267244	32.67988891	0	297.5902383	0	0	2.510732124	0	0	0	0.656907692	0	13.37212734	20.72999947	750.7698578	0	7.430872098	0	128.0891946	0	0	0	13.567124	0	0	0	13.43257787	0	0	5.122713579	0	109.1267568	11.37779104	51.37983633	7.064566334	12.92438143	11.69964298	5.380510025	0	0	434.0877488	0.600950541	5.221209993	0	45.31743027	1184.461295	0	939.7147116	324.5571326	0	416.3167687	445.2180746	1.598052646	31.69237944	1041.378086	307.8105297	371.9895813	154.2942281	1019.954053	57.34819705	489.0031046	0.981109712	0	0	0	0	179.393382	0	40.19139366	0	0	0	0	0	0	0	0	0	0	217.3796454	0	0
Streptococcus_peroris	0	54.78891026	0	0.248205856	42.53762059	0	0	0	0	0	0	0	0	0	33.84753532	0.610086222	0	0	0.281390931	0	15.98763593	6.553566364	0	0	0	150.883333	0	0.565098863	0	0	0	0	0	0	0	0	355.6943963	0	0	0	0	413.5390599	0	114.8869855	0	0	0	0	0	0	0	0	1.57665295	17.86237419	0	15.31383921	0	0	0	40.39559864	0	0	0	0	0.293635722	0	0.379658615	0	0	0.143809107	0	0	12.62596609	0	0.056091191	0	0	0	0	0	0	0.236185417	0	8.449490079	5.397164868	0.204288626	0	1.16540124	1.373536174	0	2.99847066	2.375405953	16.27624267	0	0.068513598	1.950337105	0	0.200636807	0.162077821	0	0.179789497	2.453789361	0	0	0	0	0.292540238	0	0.278294264	0	0	0.136591056	88.58357453	0	0	0	2.855680723	44.12572388	0	0	9.923210164	0
Streptococcus_pneumoniae	14611.89635	11312.95547	2942.326494	3509.09412	798.8203924	45.43432195	52.27207264	53.46201038	101.9356772	1036.047525	10953.01362	9814.74363	0	11.80936927	16699.37809	620.0872569	194.5806995	1747.0903	720.7221232	573.9102312	129.1460939	851.7091431	594.6834733	0	227.247663	1414.491801	127.6693608	99144.73149	463.3629664	649.7422549	2982.89522	115.7306867	893.9612986	67.50121656	1257.952454	38.25513995	361.2014672	2434.638878	450.3048577	42.152112	92.06147545	8317.432072	1697.963649	3895.08438	67.88778508	101.0214356	31.08411187	272.0169341	225.8072569	491.3406626	331.0255821	341.1428065	667.8631925	214.0954651	12.91954383	425.1264025	97.48278406	242.0961485	141.3013537	164.2749514	133.7625089	8201.698192	11.8448337	134.7288926	457.3094046	225.8861673	66.33738763	184.384328	2775.662979	378.2206341	0	60.88721184	935.7590388	1385.074697	242.3591655	67871.40659	2.317558343	75.84440228	3.929246838	30.03590853	171.2906812	69.16266044	26066.91156	690.2690321	225.3713044	197.8110429	229.7717826	99.62104754	95.98977708	74.48461489	1100.324491	104.765584	239.3156439	400.8347126	67.18175845	809.8537491	155.2469605	23.55139774	70554.88579	33.07428306	63.06125242	39.64096616	154.0436911	471.7657174	459.8797267	6.996723313	1478.664599	1572.009501	78.31438277	130.2374385	1057.206122	23.09142992	381.7074141	42.2597651	0	192.6768202	614.6354112	406.5952095	119.8384156	54.46070023	86.48340127	1606.59325
Streptococcus_pseudopneumoniae	0	7388.315351	0	604.9908504	111.0688433	0	0	0	0	0	0	77.05425384	0	0	2350.642875	2.331927841	0	0	0	0	6.680009332	0.718587423	0	0	0	6.163783488	0	227.3333466	0	0	421.5688788	5.866207751	0	0	0	0	107.7300029	0	0	0	0	438.2852159	45.97215364	199.6838021	0	0	0	0	0	0	0	0	0	0	0	3.035362068	12.91894627	0	0	0	367.3702513	0	219.8325	0	0	0	0	8.452873876	0	0	0	0	97.47623144	1.626222365	3.324239198	45.81577131	0	0	0	0	0	0	34.80172215	0	0	0.228785902	0	5.230569861	0	1.420004138	0	25.20326068	0.404590064	4.706586613	14.68719433	6.233290788	0	0.172329301	90.04750971	0	1.756839836	11.84838432	0	0	0	0	5.249647933	33.36112052	0	0	0	0.921518892	0	0	0	4.544534639	3.253132375	2173.252322	0	0	196.0327096	10.14125216
Streptococcus_rubneri	0	0.678542642	0	0	0	0	0	0	0	0	0	0	0	0	137.8992835	1.15199662	0	0	0	0	0	0	0	0	0	0	0	0	0	0	0	0	0	0	0	0	0	0	0	0	0	0	0	9.280894125	0	0	0	0	0	0	0	0	0	0	0	0	0	0	0	0	0	0	0	0	0	0	0	0	0	0	0	0	0	0	0	0	0	0	0	0	0	0	0	0	0	0	0	0	0	0	0	0	0	0	0	0	0	0	0	0	0	0	0	0	0	0	0	0	0	0	0	0	0	0	0	0	0	0	0	0	0	0
Streptococcus_salivarius	0	19.30923577	0	5.032851055	122.1719568	0	0	0	0	0	0	0	0	0	234.014236	0	0	0	0	0	0	0	0.954780999	0	0	1.694068168	0	24.06277895	0	0	0	0	0	0	0	0	24.64747376	0	0	0	0	33.37918191	0	158.6563093	0	0	0	0	0	0	0	0	0	0	0	62.10350792	0	0	0	0	0	0	0	0	0	0	0	0	0	0	0	0	0	0	0	0	0	4.295470834	0	0	0	0	0	0	0	2.236866166	0	0	0.504679941	0	0	0	73.22768934	0	0	0	0	1.20948021	0	0	0	2.132369919	0	0	0	0	0	0	0	0	0	0	0	0	0	0	0	0	0	0	0	0
Streptococcus_sanguinis	90.90192517	290.0389588	0	1.759622239	11.85602364	0	0	0	0	0	0	130.2856353	0	8.202428723	53.4761624	0	0	0	1063.169975	0	11.17368316	1023.710311	0	0	0	634.197716	0	0	30.76295739	45.50661494	2.511088235	39.60224485	0	0	0	0	65.71591945	2.447851289	0	3.724040607	0	162.4858589	386.3828314	0.760074477	0	0	0	0	0	0	0	0	0	0	0	0	0.140609744	0	70.29473894	219.6583102	0	0	29.56889629	12.12390631	0	0	9.139544366	0	0	0	0	0	6.725276153	3.472244647	14.92904847	0	27.11966559	2.479623483	0	0	2.155753901	1.705711672	0	0	111.7365924	19.45573965	0	340.5512081	578.5609063	0	1375.327447	114.1983909	0	52.99852931	0.164933192	16.43270331	0	631.5148866	44.51101516	0	280.7843998	0.084386024	0	0	0	0	13.25598269	0	8.150929789	0	0	1.479674065	0	0	0	0	0	0	0	0.912995485	0	0
Streptococcus_sinensis	0	0	0	0	0	0	0	0	0	0	0	0	0	0	0	0	0	0	0	0	0	0	0	0	0	76.42645433	0	0	0	0	0	0	0	0	0	0	0	0	0	0	0	0	0	0	0	0	0	0	0	0	0	0	0	0	0	0	0	0	0	0	0	0	0	0	0	0	0	0	0	0	0	0	0	0	0	0	0	0	0	0	0	0	0	0	0	0	0	0	0	0	0	0	0	0	0	0	0	0	0	0	0	0	0	0	0	0	0	0	0	0	0	0.657632918	0	0	0	0	0	0	0	0	0	0
Streptococcus_sobrinus	0	0	0	0	263.9933273	0	0	0	0	0	0	0	0	0	0	0	0	0	0	0	0	0	0	0	0	0	0	0	0	0	0	0	0	0	0	0	0	0	0	0	0	0	0	0	0	0	0	0	0	0	0	0	0	0	0	0	0	0	0	0	0	0	0	0	0	0	0	0	0	0	0	0	0	0	0	0	0	0	0	0	0	0	0	0	0	0	0	0	0	0	0	0	0	0	0	0	0	0	0	0	0	0	0	0	0	0	0	0	0	0	0	0	0	0	0	0	0	0	0	0	0	0
Streptococcus_sp.	13.19345181	67.10275427	0	3.659088139	0.738422058	0	0	0	0	0	0	3.101036339	0	0	19.55240358	0.276131058	5.056101082	0	1.309991846	0	2.240876018	1.947419859	0	0	0	8.603917643	0	229.0394088	0	4.427125529	7.57814663	0	0	0	0	0	5.154949883	0	0	0.213386942	0	20.06844558	0	2.552663001	0	0	0	0	0	0	0	0	0.27185094	0	0	11.57738079	0	0	0	0	0	0	0	0	0	0	0	0	0	0.520715391	0	0	1.496690676	44.76579147	0.203099421	131.3742069	0	0	0	0	0	0	29.72073381	0	0.418767462	0.021134412	0	0.559318864	0	0	1.84887385	1.228722546	0.081219709	6.771259764	0	6.165181263	0	0	221.4364377	0	0.046499717	0.018132397	0	0	0	0	5.069281455	0.320184866	0	0	0	0.211962729	0	0	0	0	17.18619109	1.237491575	0	0	0	0.099214959
Streptococcus_sp._1453	331.5489561	77.43054231	0	0	0	0	0	0	0	0	0	320.6611752	0	0	1653.684026	139.7282588	0	0	0	0	0	0	0	0	0	1.307234923	0	81.0514307	0	0	0.97523806	0	0	0	0	0	0	0	0	0	0	24.65955413	0	0.708461183	0	0	0	0	0	0	0.192356238	0	0	0	0	0	0	0	0	0	0	0	0	0	0	0	0	0	0	17.70693865	0	0	1.393020535	0	0	13.450185	0	0	0	0	0	0	12.90485905	0	0	0	0	0	0.082381206	0	0	0	0	0	0	0.860721347	0	0	42.00485659	0	0	0	0	0	0	0	0	1.22927831	0	0	4.294056933	0	0	0	0	0	0	0	0	0	0	12.95106524
Streptococcus_sp._22.1	0	0	0	0	596.9196251	0	0	0	0	0	0	0	0	0	0	0	0	0	0	0	0	0	0	0	0	0	0	0	0	0	0	0	0	0	0	0	0	0	0	0	0	0	0	0	0	0	0	0	0	0	0	0	0	0	0	0	0	0	0	0	0	0	0	0	0	0	0	0	0	0	0	0	0	0	0	0	0	0	0	0	0	0	0	0	0	0	0	0	0	0	0	0	0	0	0	0	0	0	0	0	0	0	0	0	0	0	0	0	0	0	0	0	0	0	0	0	0	0	0	0	0	0
Streptococcus_sp._2579	0	0	0	0	0	0	0	0	0	0	0	0	0	0	12.84223344	61.96830091	0	0	0	0	0	0	0	0	0	0	0	0	0	0	0	0	0	0	0	0	0	0	0	0	0	33.67170226	0	0	0	0	0	0	0	0	0	0	0	0	0	0	0	0	0	0	0	0	0	0	0	0	0	0	0	0	0	0	0	0	0	0	0	0	0	0	0	0	0	0	0	0	0	0.038946886	0.143437675	0	0	0	0	0	0	0.749320596	0	0	0	0	0	0	0	0	0	0	0	0	0	0	0	0	0	0	0	0	0	0	0	0	0	0
Streptococcus_sp._263_SSPC	0	97.22884386	0	0	72.98392262	0	0	0	0	0	0	0	0	0	280.2706656	0.907327328	0	0	0	0	0	1.105990371	0	0	0	0	0	0	0	0	0	0	0	0	0	0	66.80016274	0	0	0	0	38.36820795	0	6.596806485	0	0	0	0	0	0	85.32552262	0	0	0	0	34.25970848	0	0	0	13.82159158	0	0	0	0	14.36252719	0	0	0	0	0	0	0	28.83268681	0	0	0	1.215730204	0	0	0	0	0	0	0	4.99440753	0	0	0.838019426	14.35259346	0	0	24.01333742	22.62518769	0	0	0	0	0	0	0	0	0.092680739	0	0	0	0	1.546912876	0	0	0	0	0	0	0	0	0	14.64072715	0	0	0	0	0
Streptococcus_sp._3705	0	0	0	0	0	0	0	0	0	0	0	4.620725492	0	0	2.407787169	0.783716999	0	0	0	0	0	0	0	0	0	10.92753523	0	0	0	0	0	0	0	0	0	0	0	0	0	0	0	382.426835	67.4975168	0	0	0	0	0	0	0	0	0	0	0	0	0	0	0	0	0	0	0	0	0	0	0	0	0	0	0	0	0	0	0	0	0	0	0	0	0	0	0	0	0	0	0	0	0	0	0	0	0	0	0	0	0	0	0	0	0	0	0	0	0	0	0	0	0	0	0	0	0	0	0	0	0	0	0	0	0	0	0
Streptococcus_sp._4094	0	0	0	0	0	0	0	0	0	0	0	0	0	0	39.76894774	5.855050782	0	0	0	0	0	0	0	0	0	0	0	0	0	0	0	0	0	0	0	0	0	0	0	0	0	0	0	0	0	0	0	0	0	0	0	0	0	0	0	0	0	0	0	0	0	0	0	0	0	0	0	0	0	0	0	0	0	0	0	0	0	0	0	0	0	0	0	0	0	0	0	0	0	0	0	0	0	0	0	0	0	0	0	0	0	0	0	0	0	0	0	0	0	0	0	0	0	0	0	0	0	0	0	0	0	0
Streptococcus_sp._5004	73.60888571	1.222252295	0	1.055275221	0	0	0	0	0	0	0	359.8978746	0	0	4.781399294	2.593850454	0	0	0	0	0	0	0	0	0	2.970829221	0	92.68625966	0	0	0	0	0	0	0	0	0.440211556	0	0	0	0	148.1261227	1.396218795	0	0	0	0	0	0	0	0	0	0	0	0	0	0	0	0	0	0	0	0	0	0	0	0	0	0	0	0	0	0	0	0	0	0	0	0	0	0	0	0	0	0	0	0	0	0	0	0	0	0	0	0	0	0	0	0	0	0	0	0	0	0	0	0	0	0	0	0	0	0	0	0	0	0	0	0	0	0	5.436553004
Streptococcus_sp._53	0	0	0	0	0	0	0	0	0	0	0	0	0	0	0	0	0	0	0	0	0	0	0	0	0	0	0	0	0	0	0	0	0	0	0	0	0	0	0	0	0	122.3680943	3.571186687	0	0	0	0	0	0	0	0	0	0	0	0	0	0	0	0	0	0	0	0	0	0	0	0	0	0	0	0	0	10.29766294	0	0	0	0	0	0	0	0	0	0	0	0	0	0	0	0	0	0	0	0	0	0	0	0	0	0	0	0	0	0	0	0	0	0	0	0	0	0	0	0	0	0	0	0	0	0	0	0	0
Streptococcus_sp._68	0	0	0	0	0	0	0	0	0	0	0	0	0	0	31.68661556	0	0	0	0	0	0	0	0	0	0	0	0	0	0	0	0	0	0	0	0	0	0	0	0	0	0	0	0	0	0	0	0	0	0	0	0	0	0	0	0	0	0	0	0	0	0	0	0	0	0	0	0	0	0	0	0	0	0	0	0	0	0	0	0	0	0	0	0	0	0	0	0	0	0	0	0	0	0	0	0	0	0	0	0	0	0	0	0	0	0	0	0	0	0	0	0	0	0	0	0	0	0	0	0	0	0	0
Streptococcus_sp._714	0	0	0	18.65905221	0	0	0	0	0	0	0	0	0	0	49.74616765	0	0	0	0	0	0	0	0	0	0	0	0	0	0	0	0	0	0	0	0	0	0	0	0	0	0	0	0	35.61330013	0	0	0	0	0	0	0	0	0	0	0	0	0	0	0	0	0	0	0	0	0	0	0	0	0	0	0	0	0	0	0	0	0	0	0	0	0	0	0	0	0	0	0	0	0	0	0	0	0	0	0	0	0	0	0	0	0	0	0	0	0	0	0	0	0	0	0	0	0	0	0	0	0	0	0	0	0	0
Streptococcus_sp._AS20	0	191.4987443	0	0.06348444	0.365126995	0	0	147.2795313	0	0	0	0	0	95.86479135	2.290505085	0.039010947	0	0	440.5424306	5.468221466	70.65101285	630.2692332	0.954780999	0	166.5487902	301.5359449	0	0	0	21.89077401	1.21416371	39.93615002	0	0	0	0	54.74589334	0	0	0	0.466210402	41.35337687	79.58555513	1.946545869	0	0	17.16243515	0	0	0	0	0	23.38941551	0	8.689719463	0	0	0	58.53617728	0	0	0	25.13327494	0	0	0	0.291319651	0	0	0	0	0	0	611.6723151	19.89877708	0	0	0	0	0	0	0.362459593	0	0	3.036991898	4.054722866	0	121.0900506	969.7682528	0	1164.639831	26.44696903	0	68.18111343	11.63590384	12.85909564	0	381.9393853	87.2528006	0	149.9276002	0	0	0	0	0	0	0	27.85520543	0	0	0.489108899	0.078128677	0	0	0	0	0	0	0	0	0
Streptococcus_sp._CF8_St5-17	0	0	0	0	0	0	0	0	0	0	0	0	0	0	7.174413268	0	0	0	0	0	0	0	0	0	0	644.0381131	0	0	0	0	0	0	0	0	0	0	0.330265204	0	0	0	0	0	0	2.579249829	0	0	0	0	0	0	0	0	0	0	0	0	0	0	0	0	0	0	0	0	0	0	0	0	0	0	0	0	0	0	0	0	0	0	0	0	0	0	16.36366636	0	0	0	0	0	0	0	0	0	0	0	0	0	0	0	0	0	0	0	0	0	0	0	0	0	0	0	0	0	0	0	0	0	0	0	0	0	0	0
Streptococcus_sp._F0442	0	0	0	0	0	0	0	0	0	0	0	0	0	0	325.8685533	0	0	0	0	0	0	0	0	0	0	0	0	0	0	0	0	0	0	0	0	0	0	0	0	0	0	10.33867313	0	0	0	0	0	0	0	0	0	0	0	0	0	0	0	0	0	0	0	0	0	0	0	0	0	0	0	0	0	0	0	0	0	0	0	0	0	0	0	0	0	0	0	0	0	0	0	0	0	0	0	0	0	0	0	0	0	0	0	0	0	0	0	0	0	0	0	0	0	0	0	0	0	0	0	0	0	0	0	0
Streptococcus_sp._FDAARGOS_146	0	244.0356464	0	0	0	0	0	0	0	0	0	0	0	191.798707	0	0	0	0	16.51845457	0	0.331779081	145.5428895	0	0	44.78060624	196.5434792	0	0	0	6.88243798	0	0	0	0	0	0	24.35398587	0	0	0	0	8.452192826	0	15.39542679	0	0	0	0	0	0	0	0	0	0	0	0	0	0	0	0	0	0	0	0	0	0	0.610604093	0	0	0	0	0	0	37.11636743	2.796551388	0	0	1.703511923	0	0	0	0	0	0	1.302037211	3.876971842	0	38.58498209	150.4109422	0	168.555478	24.0457955	0	0	0	3.136722763	0	79.27263491	14.40198401	0	48.96358714	0	0	0	0	0	0	0	5.520153792	0	0	12.52170792	0	0	0	0	0	0	0	0	0	0
Streptococcus_sp._HF-100	0	4.485958385	0	0.326156848	0	0	0	0	0	0	0	0	0	0	0	0	0	0	0	0	0	0	0	0	0	1.796483057	0	0	0	0	0	4.551026721	0	0	0	0	0	0	0	0	0	0	0	1.406327234	0	0	0	0	0	0	0	0	0	0	0	0	0	0	0	0	0	0	0	0	0	0	0	0	0	0	0	0	0	0	0.221121204	0	0	0	0	0	0	0	0	0	0	4.080395428	0	0.71044091	3.597668574	0	0	13.95458703	0	0	0	8.542852457	0	5.272967337	0.053244907	0	42.91943955	0	0	0	0	0	0.38441479	0	0	0	0	0	0	0	0	0	0	0	0	10.24958041	0	0
Streptococcus_sp._HMSC034E03	0	0	0	0	0	0	0	0	0	0	0	0	0	0	0.387420942	3.121040948	0	0	0	0	0.95939646	0	0	0	0	0.847740534	0	0	0	0	0	0	0	0	0	0	1.203824827	0	0	0	0	0	0	91.47037716	0	0	0	0	0	0	0	0	0	0	0	0	0	0	0	0	0	0	0	0	0	0	0	0	0	0	0	0	0	0	0	0	0	0	0	0	0	0	0	0	0	0.152012651	0	0.12571846	0	0	0	0	0	0	0	0	0	0	0	0	0	0	0	0	0	0	0	0	0	0	0	0	0	0	0	0	0	0	0	0	0	0
Streptococcus_sp._HMSC057G03	0	120.6787497	0	12.27471091	238.3889298	0	0	0	0	0	0	0	0	0	134.3696515	0	0	0	0	0	0	0	0	0	0	5.765153451	0	0	0	0	0	0	0	0	0	0	0	0	0	0	0	36.26477498	0	2.871967279	0	0	0	0	0	0	0	0	0	0	0	0	0	0	0	0	0	0	0	0	126.9777202	0	0	0	0	0	0	0	0	0	0	0	0	0	0	0	0	0	0	0	0.620721056	0	0	0	0	0	0	0	0	0	0	0	0	0	0	0	0	0	0	0	0	0	2.355127609	0	0	0	0	0	0	0	0	0	0	0	0	0	0	0
Streptococcus_sp._HMSC062D07	0	10.98740534	0	1.272192905	2.089265224	0	0	0	0	0	0	0	0	0	482.477903	0.124011974	0	0	0	0	0	0	0	0	0	14.54362957	0	1.797263748	0	0	0	0.706388084	0	0	0	0	191.1023269	0	0	0	0	73.78088232	0	29.60553496	0	0	0	0	0	0	0	0	0	0	4.619635241	0	4.276879719	0	0	0	0	0	2.509917941	0	0	0	0	0	0	0	0	26.94661601	6.176190861	0	2.918818077	0	0	0	0	0	0	0	0	0	0	0	0	0	0.252962648	0	0	0	0	0	0	0	0	0	0	0	1.46182947	7.00009488	0	44.50469554	0	0	0	0	0	0	0	0	0	0	0	0	48.88328094	0	0	0	0	0
Streptococcus_sp._HMSC067H01	0	0.461620628	0	0	0	0	0	0	0	0	0	0	0	0	1.872723354	0	0	0	0	0	21.73023632	0	0	0	0	0	0	0	0	0	0	0	0	0	0	0	0	0	0	0	0	8.140965854	0	21.53855494	0	0	0	0	0	0	0	0	0	0	0	0	0	0	0	0	0	0	0	0	0	0	0	0	0	0	0	0	0	0	0	0	0	0	0	0	0	0	0	0	0	0	0	0	0	0	0	0	0	0	0	0	0	1.718254139	0	0	0	0	0	0	0	0	0	0	0	0	0	0	0	0	0	0	0	0	0	0	0	0
Streptococcus_sp._HMSC34B10	0	82.42938958	0	0	43.48855471	0	0	0	0	0	0	0	0	0	109.734638	0.775075496	0	0	0	0	6.445372651	0	0	0	0	32.31096857	0	0.32106921	0	0	0	0	0	0	0	0	10.59805905	0	0	0	0	3545.634339	0	132.9684775	0	0	0	0	0	0	0	0	0	33.95459201	0	2.379444748	0	0	0	0	0	0	0	0	0	0	0	0	0	0	0	0	0.672527615	0	1.367158023	0	0	0	0	0	0	0	0	0	0	0	19.23345748	3.636603012	0.403696744	0	0	1.148869783	7.744084108	0	0	0	0	6.268679885	0	0	0	1.337694609	0	0	0	0	2.285976488	0	0	0	0	0.313362944	0	0	0	0	0	87.20442816	0	0	0	0
Streptococcus_sp._HPH0090	0	160.9931726	0	23.47080672	133.7372536	0	0	0	0	0	0	0	0	0	103.1622723	0.309193526	0	0	104.5265478	139.1493591	12.66738409	0.131411322	0	0	0	293.0330901	0.728793981	1.770901493	0	0	0	14.9455932	0	0	0	0	6.587288176	0	0	0	1719.235658	262.3323072	0	872.3415922	0	0	0	0	0	0	12.88296006	0	60.4310097	0	0	0	0	0	0	0	0	0	0.179472144	0	72.62445179	0	0	0	0	0	0	0	0	0	0.105724975	0	0	0	0	0	0	0	0	207.1467252	3.512821381	6.116351016	0	0	0	0	23.26385467	42.15718841	16.30673451	12.90921802	0	112.7742746	0	3.803388608	0	0	9.491504344	0.495545387	0	0	0	0	8.885518485	0	0	0	0	0	0	0	0	0	111.5570045	20.72752554	0	0	1.558668931	0
Streptococcus_sp._Marseille-P6264	0	0	0	0	0	0	0	0	0	0	0	0	0	0	0	0	0	0	0	0	0	0	0	0	0	0	0	0	0	0	0	0	0	0	0	0	0	0	0	0	0	266.4584582	0	0	0	0	0	0	0	0	0	0	0	0	0	0	0	0	0	0	0	0	0	0	0	0	0	0	0	0	0	0	0	0	0	0	0	0	0	0	0	0	0	0	0	0	0	0	0	0	0	0	0	0	0	0	0	0	0	0	0	0	0	0	0	0	0	0	0	0	0	0	0	0	0	0	0	0	0	0	0	0
Streptococcus_sp._Marseille-P8640	0	26.99938299	0	0	0	0	0	0	0	0	0	0	0	0	0	0	0	0	66.16972641	0	0	0	0	0	0	2.090945757	0	0	21.87849157	0	0	1.655308892	0	0	0	0	0	0	0	0	0	85.81530892	0	0	0	0	0	0	0	0	0	0	0	0	0	0	0	0	0	0	0	0	0	0	0	0	0	0	0	0	0	0	0	0	46.90483017	0	0	0	0	0	0	0	0	55.24598709	0	0	0	0	0	0	57.10751344	0	0	21.84118348	0	167.5415203	0	0	0	0	0.137489154	7.318229226	0	0	0	0	0	0	0	0	0	0	0	0	0	0	0	0	0	0	0	0
Streptococcus_sp._Marseille-Q0941	0	2.920712655	0	0	0	0	0	0	0	0	0	0	0	0	12.05200228	0	0	0	0	0	0	0	0	0	0	0.790164997	0	0.408266349	0	0	0	0	0	0	0	0	0	0	0	0	0	0	0	0	0	0	0	0	0	0	0	0	0	0	0	0	0	0	0	0	0	0	0	0	0	0	0	0	0	2.805235359	0	0	0	0	0	0	0	15.15175948	0	0	0	0	0	0	0	0	0	0	0	0	0	0	0	0	0	0	0	0	0.158079848	0	0	0	0	0	0	0	0	0	0	0	0	0	0	0	0	0	0	0	0	0	0	0
Streptococcus_sp._Marseille-Q3533	0	2.719885706	0	0	0	0	0	0	0	0	0	0	0	0	249.2218607	0	0	0	0	0	0	0	0	0	0	169.7358204	0	0	0	0	0	0	0	0	0	0	0	0	0	0	0	3.796329302	0	4.169149064	0	0	0	0	0	0	0	0	0	0	0	0	0	0	0	0	0	0	0	0	0	0	0	0	0	0	0	0	0	0	0	0	0	0	0	0	0	0	0	0	0	0	0	0	0	0	0	0	0	0	0	0	0	0	0	0	0	1.100851187	0	0	0	0	0	0	0	0	0	0	0	0	0	0	0	2.616084714	0	0	0	0.066065521
Streptococcus_sp._Marseille-Q4154	0	7.403221508	0	1.894606092	2.416531352	0	0	0	0	0	0	0	0	0	96.25558406	0	0	0	0	0	0.58022398	0	0	0	0	13.03532634	0	0	0	0	3.748453625	0	0	0	0	0	2.038538362	0	0	0	0	0.655478464	0	182.8352364	0	0	0	0	0	0	0	0	0	0	0	0	0	0	0	0	0	0	0	0	0	0	0	0	92.12102676	0	0	0	12.65046684	0	0.157763955	0	0	0	0	0	0	0	0	0	0	0	0	0.057317586	0	0	0	0	2.397078969	0	0	0	0	0	0.034365922	0	0	0	0	0	0	0	0	0	0	0	0	0.153672225	0	0	0	0	0	0.225448916	193.5922514	0	0	0
Streptococcus_sp._Marseille-Q6488	190.4053196	51.42326142	0	0	0	0	0	0	0	0	0	410.4644463	0	0	1.273922048	131.7972173	0	0	0	0	0	0	0	0	0	10.09452384	0	0	0	0	0	0	0	0	0	0	0	0	0	0	0	250.5680347	0	0.145477126	0	0	0	0	0	0	0	0	0	0	0	0	0	0	0	0	0	0	0	0	0	0	0	0	0	0	0	0	0	0	0	0	0	0	0	0	0	0	39.53951893	0	0	0	0	0	0	0	0	0	0	0	0	0	0	0	198.234991	0	0	0	0	0	0	0	0	0	0	0	0	0	0	0	0	0	0	0	0	0	0	0
Streptococcus_sp._NM	0	3.251852581	0	356.7307593	0	0	0	0	0	0	0	8.935393237	0	0	36.14014634	1.461397974	0	23.72149438	0	0	0.658868231	0	0	0	0	35.09301147	0	0.267384779	0	0	58.20565954	0	0	0	0	0	16.53460206	0	0	0	0	163.7351316	0	94.69471989	0	0	0	0	0	0	0	0	0	0	0	0	0	0	0	0	0	0	0	0	0	0	0	0	0	0	0	0	104.174419	0	0.119431646	0	0	0	0	0	0	0	0	0	0	0	0	0.143895847	0	0	5.97971801	0	0	0	0	0	0	0	0.69020539	0	0.957037791	0	0	0	0	0	29.27576351	0	0	0	0	0.290835236	0	0	0	0	0	0	0	0	0	0
Streptococcus_sp._oral_taxon_061	0	0	0	0	0	0	0	0	0	0	0	0	0	0	5.113234733	0	0	0	0	0	0	0	0	0	0	2.712386875	0	0	0	0	0	0	0	0	0	0	0.288877185	0	0	0	0	8.625008743	0	0.663536652	0	0	0	0	0	0	0	0	0	0	0	0	0	0	0	0	0	0	0	0	0	0	0	0	0	0	0	0	2.348436821	0	0	0	0	0	0	0	0	0	0	0	0	0	0	0	0	0	0	0	0	0	0	0	0	0	0	0	0	0	0	0	0	0	0	0	0	0	0	0	0	0	0	0	0	0	0	0	0	0
Streptococcus_sp._oral_taxon_431	0	182.1499289	0	28.65090733	26.30455701	0	0	0	0	0	0	0	0	0	375.5488306	0	0	0	0	0	3.078302566	0.516232397	0	0	0	369.558915	0	1.767690961	129.6256608	0	0.05050195	0	0	0	0	0	65.13020571	0	0	4.263642932	0	109.1016486	0	1781.731225	0	0	0	0	0	0	0	0	0	10.89692992	0	0	0	20.57533583	0	57.18259973	0	0	0	0	0	0	0	0	0	0	0	0	35.14543069	0	1.946548279	0	0	0	0	0	0	0	0	0	0	0	0	0.412214002	5.247261785	0	2.507414611	0.431095099	0.096885682	0	0	0	0	0.330136469	0	0	0	0.257628336	0	0	0	0	9.330755802	0	0	0	0	0	0	0	0	0	0	76.38971921	0	0	0	0
Streptococcus_sp._S1	0	1.819293588	0	0	2.899583999	0	0	0	0	0	0	0	0	0	12.14978143	0.514784661	0	0	0	0	0	0	0	0	0	21.91893734	0	0	0	0	0	0	0	0	0	0	0	0	0	0	0	63.12886839	0	4.132361188	0	0	0	0	0	0	0	0	0	0	0	47.71076152	0	0	0	0	0	0	0	0	0	0	0	0	0	0	0	0	0	0	0	0	0	0	0	0	0	0	5.194468841	0	0	0	0	0.057280726	0	0	0	0	9.812535774	0	0	0	0	0	0	0	0	0	0	0	0	0	0	0	0	0	0	0.231545995	0	0	0	0	0	0	0	0	0	0
Streptococcus_sp._SK643	3587.266822	1633.124955	0	336.2677103	604.4058905	0	0	0	0	0	0	1087.137389	0	0	11463.62595	144.5043656	0	0	676.6680379	0	46.35463172	214.3779841	340.3132673	0	14.1362507	1903.473603	0	3906.426835	832.098148	0	2374.048036	12.13607126	1744.886087	0	0	0	511.9160056	0	0	5.420836775	9.580786449	3700.116196	0	3052.667648	0	0	0	0	0	0	0	4.536870148	316.2968074	437.6086353	0	941.1498707	10.1314718	4.609742666	21.10419069	3.746975474	0	0	0	0	1118.205814	0	0	0	0	428.2139102	0	0	141.7169234	125.0942775	172.2534177	153.5205189	7.250745841	16.70222956	0	0	0	0	728.7283911	7.772182998	220.5670075	156.0214357	0	340.2123907	293.6188148	0	166.0668446	60.5922858	34.66324364	28.14801575	24.12826242	334.8798163	0	543.4671669	1350.983034	0	123.4819839	10.22602125	0	0	0	0	356.3525102	1543.815863	17.06575529	0	0	0.717954182	0	0	0	1676.301215	365.9076591	229.4899133	0	12.81197552	0	441.7483881
Streptococcus_sp._SM3	9255.435161	631.2303395	0	700.6884863	151.6005432	10.70367134	0	6.747256619	0	0	0	1231.930687	0	0	3522.669905	88.11752524	0	0	310.1051643	261.7864843	37.66084875	2.793933446	69.18936631	0	0	526.2225261	0	886.8267846	61.1474274	0	848.7644369	10.28081036	210.8358324	0	0	0	91.91832933	0	0	0	0	734.709423	163.5899091	3769.266468	0	0	0	0	0	0	21.26738651	0	5.85030571	0	0	4899.043614	1.300402617	0	0	0	0	0	2.967808376	0	1405.533015	60.73449274	0	0	1576.716729	20.17068472	0	0	98.38442836	19.26743862	100.5897911	282.7208439	0	54.23757514	0	0	32.80241746	0	36.54846995	15.98980361	11.41518603	5.00300084	0	9.554125162	0.346328085	0	107.4283154	18.35416512	7.69062836	58.28773607	0	118.6850411	0	4.169088252	446.8579298	0	15.610709	7.179939255	0	0	0	0	276.4757273	28.25090588	0	0	0	0.304099681	0	0	0	0	5.283592532	150.9098679	0	0.868271044	3.68209206	934.4764229
Streptococcus_sp._SM5	0	9.688951849	0	0	112.9500441	3.372311567	0	0	0	0	0	0	0	0	103.4293548	0	0	0	0	0	0	0	0	0	0	8.474031523	0	1.132530054	0	0	0	0	0	0	0	0	0	0	0	0	0	27.43046554	0	1.532036728	0	0	0	0	0	0	0	0	0	0	0	59.49245037	0	0	0	0	0	0	0	0	0	0	0	0	0	0	0	0	3.690132897	0	0	0	0	16.34519237	0	0	0	0	0	0	0	0	0	0	0	0	0	0	32.5646554	0	0	0	0	0	0	0	0	1.967061128	0	0	0	0	0.205198528	0	0	0	0	0	0	0	0	0	0	5.407174472	0	0	0	0
Streptococcus_sp._UMB1203	0	0	0	0	0	0	0	0	0	0	0	0	0	0	4.440735676	0	0	0	0.452836687	0	2.074885202	0	0	0	0	0.366681422	0	0	0	0	4.939201714	0	0	0	0	0	0.312421205	0	0	0	0	1.11935553	0	0.191364295	0	0	0	0	0	0	0	0	0	0	0	0	0	0	0	0	0	0	0	0	0	0	0	0	0	0	0	0	1.058266135	0	0.090266409	0	0	0	0	0	0	0	0	0	0	0.131503008	0	0	0	0	0	141.889346	1.642442998	0	0	0	0	0	0.163017833	0	0.84388375	80.61260885	0	0	0	0	0	0	0	0	0	0	0	0	0	0	0	0.106943716	0	0	0	0
Streptococcus_sp._XMC	0	0	0	18.3622798	18.26368105	0	0	0	0	0	0	0	0	0	0	0	0	0	0	0	0	0	0	0	0	0.76985681	0	0	0	0	0	0	0	0	0	0	0	0	0	0	0	0.100603806	0	350.6156169	0	0	0	0	0	0	0	0	0	0	0	0	0	0	0	0	0	0	0	0	0	0	0	0	0	0	0	0	0	0	0	0	0	0	0	0	0	0	0	0	0	0	0	0	0	0	0	0	0	0	0	0.28208991	0	0.159504976	0	0	0	0	0	0	0	0	33.73677501	0	0	0	0	0	0	0	0	0	0	0	0	0	0	0
Streptococcus_thalassemiae	1345.936285	0	0	0	0	0	0	0	0	0	0	1028.036894	0	0	170.4480304	53.90345475	0	0	0	0	0	0	0	0	0	12.91664879	0	0	0	0	0	0	0	0	0	0	0	0	0	0	0	581.0478269	0	0	0	0	0	0	0	0	0	0	0	10.82473763	0	0	0	0	0	0	0	3.151255314	0	0	0	0	0	0	0	12.22841306	0	0	0	0	0	0	0	0	0	0	0	0	0	0	0	1.809491995	0	1.197197971	0.220458308	0	0	0	0	0	0	0	0	0	0	0	0	0	0	0	0	0	35.24008915	52.63426052	0	0	0	0	0	0	0	0	0	0	0	0	0	0
Streptococcus_thermophilus	6627.822585	122.7503804	0	113.437466	1789.218638	213.0904435	0	0	0	0	0	11.07031957	0	0	811.1050778	6.689045172	128.8473	0	0.649515319	0	0	0	58.27301872	0	0	40210.21887	0	43.35089495	230.2104047	0	57.2372633	12.24292058	0	0	29.06871962	0	23.42129458	0	0	0.693861573	0	80.88116883	0	81.3119215	0	0	0	0	0	0	0.678520806	0	11.93975158	21.41479056	0	969.2677625	1.046509226	1311.766457	0	0	0	6405.366342	0	0	3513.158233	0	0	0	88.14129402	0	0	0	13.07005657	0	0.647357173	0	0	0	0	0	0	0	1.275169955	0	4.91056245	1.664245794	0	1.913898983	0.053132809	0	48.95342354	0.367225975	112.5488641	6.356400949	36.76038104	2.501016058	0	1.194710676	91.51741201	0	0.968323351	0.078506964	0	17.36829584	0	0	76.78917968	0	0	0	0	1.614638485	0	0.489683331	0	370.7955117	1.842100576	0	0	0	0	1779.84589
Streptococcus_timonensis	0	1.638833094	0	0	0	0	0	0	0	0	0	0	0	0	420.2789086	0	0	0	0	0	0	0	0	0	0	2.632493473	0	0	0	0	0	0	0	0	0	0	0	0	0	0	0	52.0473673	0	1.564145282	0	0	0	0	0	0	0	0	0	0	0	0	0	0	0	0	0	0	0	0	0	0	0	0	0	0	0	0	0.479844963	0	0	0	0	0	0	0	0	0	0	0	0	0	0	0	0	0	0	0	0	0	0	0	0	0	0	0	0	0	0	0	0	0	0	0	0	0	0	0	0	0	0	0	0	0	0	0	0	0
Streptococcus_toyakuensis	1764.615523	18.40205009	0	1.112164755	0	0	0	0	0	0	201.4709106	2356.233377	0	0	260.7566848	4.686315536	0	0	0.720491981	0	0	0	0	0	0	113.279449	0	0	1.953444338	0	0	0	0	0	0	0	0	0	0	0	0	1069.470002	601.2081514	4.567091518	0	0	0	0	0	0	0	0	0	0	0	233.7553115	0	0	0	0	0	0	0	0	0	0	0	0	0	0	0	0	0	0	0	0	0	0	0	0	0	0	0	0	0	0	0	0	0	0	0	0	0	0	0	0	0	0	0	0	0	0	0	0	0	0	0	0	0	0	0	0	0	0	0	0	0	0	0	0	0	0
Streptococcus_uncl	342765.6097	377327.3796	13759.42834	188577.0595	116616.7268	38092.86562	16787.70779	50386.60753	13027.628	96850.61431	144090.0222	263269.7128	25013.27086	135516.5027	383213.2563	18211.7486	32654.01052	39486.16857	194590.4531	86078.99167	98682.90191	122371.2943	42552.19903	7042.456447	357885.1507	330521.0386	2425.578117	356481.5365	83576.41218	169449.3561	162652.5945	56292.62775	74919.50117	30064.0135	24517.92076	15465.98878	74679.81537	6818.553533	59449.8178	18195.06374	67440.84518	335358.2751	93545.71022	447045.9553	25953.3033	24193.74235	23334.86755	20712.63372	22126.7751	8991.230821	65543.68041	47131.15566	36125.59209	70028.45665	186686.3795	120413.3222	11051.37787	27104.73134	80700.75061	52096.65631	23774.49777	33213.71528	21450.59195	24524.90228	150021.0221	20631.5179	46548.43824	16456.64163	77497.15868	23900.78664	462.8672279	29091.02508	51601.91349	110097.278	30074.3848	348714.9045	31825.36156	57887.60178	750.8164141	6550.279838	227869.4494	13854.83193	127926.2257	47578.90592	46267.09138	104709.6755	37421.11711	102847.7026	112942.5212	15983.22711	252799.1064	85849.69406	34373.18302	36533.59618	29050.85541	132664.3542	53353.92515	137504.2617	383579.469	56691.19064	215451.3033	6053.233929	19373.0851	12103.17667	13076.45996	3961.178451	315787.7914	43383.27036	83582.6157	21693.68795	44479.27722	1563.935056	17188.02885	57039.76482	43850.97239	18133.63723	60773.83768	86554.36683	37167.51434	304385.9835	17775.62855	71064.82393
Streptococcus_vestibularis	0	7.180543145	0	9.919325872	0	0	0	0	0	0	0	0	0	0	88.32526199	0	0	0	0	0	0	0	1.536157548	0	0	2.23004023	0	0	0	0	0	0.235389841	0	0	0	0	2.322279403	0	0	0	0	0	0	29.67733374	0	0	0	0	0	0	0	0	0	0	0	0	0	0	0	0	0	0	0	0	0	0	0	0	0	0	0	0	0	0	0	0	0	0	0	0	0	0	0	0	0	0	0	0	0	0	0	0	11.01331208	0	0	0	0	0	0	0	0	19.8414206	0	0	0	0	0	0	0	0	0	0	0	0	0	14.67974679	0	0	0	0	0	0
Tannerella_forsythia	0	0	0	0	93.89250539	0	0	0	0	0	0	0	0	0	0.43918038	0	0	0	2.001114642	0	21.64189694	0	0	0	0	389.1590434	0	0	0	0	0	0	0	10.11493217	0	0	0	0	0	0	213.5700494	176.0665575	0	0	0	0	0	0	0	0	0	0	0	0	4.490385519	0	0	0	0	0	0	0	0	0	0	0	0	0	0	0	0	0	0	0	0	0	0	0	0	0	0	0	98.98787601	0	0	0.194406071	0	0.643115733	0.148033376	0	0	0	0	2.831173265	0	0	0	5.229615529	20.06923396	0	1.554318052	29.10518148	0	0	0	0	0	0	113.6734533	0	0	0	365.5581425	0	0	0	288.5996868	0	0	0	0	0
Treponema_uncl	0	0	0	0	19.67806717	0	0	0	0	0	0	0	0	0	0	0.368850294	0	0	0	0	0	0.67441737	0	0	0	7.714438863	0	0	0	807.2152626	0	4.885742906	0	0	0	0	0	0	0	0	0	0	0	0	0	0	0	0	0	0	0	0	0	0	0	0	0	0	0	0	0	0	0	0	0	0	0	0	0	0	0	0	0	0	0	0	0	23.05367374	0	0	0	0	0	0	0	0	0	0	0	0	0	0	0	23.02341268	0	0	0	42.8601943	0	0	2.246434027	0	0	0	0	0	0	0	0	0	0	0	0	0	0	0	0	0	0	0	0	0
Treponema_vincentii	0	0	0	0	0	0	0	0	0	0	0	0	0	0	0	0	0	0	2.920261788	0	3.478945314	0	0	0	0	154.491256	0	0	0	0	0	0	0	0	0	0	0	0	0	0	0	0	0	0	0	0	0	0	0	0	0	0	0	0	0	0	0	0	0	0	0	0	0	0	0	0	0	0	0	0	0	0	0	0	0	0	0	0	0	0	0	0	0	0	0	0.742034198	0	0	0	0	0	0	0	0	0	0	0	0	0	0	0	0	0	0	0	0	0	0	0	0	0	0	0	0	0	0	0	0	0	0	0	0
Uncl_bac	41905.07329	30309.88895	67520.84845	96664.14602	57707.98636	93961.36662	98900.41265	69872.91956	96754.41056	94109.81893	47750.31785	59891.81264	64411.48951	5006.008061	30375.16311	7535.640348	3666.337721	73111.33447	56817.8426	13774.39075	41491.55099	19076.08225	73755.57129	22350.56257	47920.24693	14078.79022	14842.15974	25868.81562	96153.62675	15463.25738	118768.7899	57978.91421	45793.63495	135538.3638	68220.60087	61320.81707	30930.85461	21507.87469	49943.6283	94737.36783	121818.5441	37224.18966	102971.5586	24385.91294	123973.0632	87903.18102	57011.24925	66375.84816	83457.81964	43065.38843	138754.3246	49232.48723	20920.88111	82306.39449	7674.836604	55535.27317	27549.84484	95441.30243	79476.22802	75844.99929	102278.8115	99456.10911	84903.26928	177536.0203	79359.3308	71311.44448	97713.0248	57318.85221	57210.34976	57653.88712	767.2259123	98432.80541	24091.60574	39199.70632	8178.736278	21256.05522	20553.17952	2430.492803	181.0299681	28295.84481	64712.73248	43267.00513	55621.51419	65824.46114	5801.545539	35969.39152	81967.7502	11500.72298	34849.41652	62214.14003	36393.93035	28014.21708	68067.75259	15280.88223	71421.42879	25134.08685	134933.4714	4582.507448	17649.48172	133112.517	5452.657184	6180.789938	77724.7907	53195.18876	47741.83505	14837.79581	40881.69159	38690.97585	105506.1242	77489.25738	46065.03303	1201.161995	99671.99345	152703.1945	8823.64892	93777.81367	53554.00656	71293.97708	97288.00212	45307.9541	56340.25822	70574.56927
uncultured_Alloprevotella_sp.	0	120.4705046	168.6599549	0	0.302268917	0	0	0	0	0	0	0	0	0	11.04656367	4.485017128	0	0	190.4792829	2018.642458	1318.638047	1411.611714	28.1284643	0	986.2421788	86.3022222	62.68587153	2.229652833	2238.049092	0	4.692863359	115.2459021	0	11.89730615	0	0	0.735109412	0	0	1079.548986	40.23017676	0.502913844	0	0	0	0	0	4.753188443	72.50965412	0	137.2374257	0	0	0	9.328775915	0	68.39506797	0	4.464685377	0	0	0	0.941219228	0	0	0	42.30972398	0	0	0.710776509	0	0	110.9979613	295.9101622	12.40103953	40.55424281	131.5984264	105.2625374	0	0	1014.35858	3.56229896	125.9040239	2300.449306	7.074898063	113.1617824	0	3211.432951	249.2206528	0	339.598376	304.4882662	219.6738193	517.2348194	0	95.05004035	1717.060479	507.2994372	29.73743908	10.70710936	110.4950029	163.1853598	0	0	0	0	244.3340133	0.789004872	770.2294311	0	0	5.468722493	249.080405	69.34381861	0	0	54.25602127	0.218967259	0	93.77119694	0	0
uncultured_Gemella_sp.	0.550348136	165.410596	0	632.2459028	7.676640826	0	0	0	0	53.87495932	0	0	0	0	361.5511795	14.3149536	0	0	39.50788165	0	310.8931648	28.85369638	0	0	3.04147047	139.9289371	0	1.113481835	99.82017457	45.70630409	2.305689621	244.2072207	8.795350067	0	0	0	60.64992897	1.262601215	0	5.619694217	0	1159.304407	0	669.514921	0	0	0	0	10.77508738	0	68.11078728	0	0	105.6241736	0	0	20.31823808	0	0	0	0	0	17.69553167	0	0.313623891	0	12.16507425	0	50.42767713	11.05908345	0	221.1232662	0	305.6103798	0	0	65.32757351	35.61994951	0	0	1.96708176	0	50.13567464	370.9391295	15.27607596	50.05219758	0	1.308858733	46.43714902	0	31.47641543	154.1444925	85.20395148	111.9555224	0	75.48536726	0	159.0399659	0	0	280.4523321	499.4656779	0	0	0	0	22.99969931	0	43.72910443	0	0	0.362774834	0	0	0	0	0	27.66026134	0	2.082724707	16.78126884	0
uncultured_Granulicatella_sp.	0	18.3031698	0	10.91972473	6.822230665	0	0	0	0	0	0	0	0	0	624.3480916	0.575448693	0	0	0	0	0	0	0	0	0	0	0	0	0	0	0	0	0	0	0	0	25.69597836	0	0	0	0	6.026148761	0	0	0	0	0	0	0	0	0	0	0	0	0	0	0	0	0	0	0	0	0	0	0	0	0	0	0	0	0	0	0.661618293	0	0	0	0	0	0	0	0	0	0	0	14.25407722	0	0	0	0.939051417	0	0	11.59810356	0	0	0	0	0	0	0	0	0	0	0	0	0	0	0	0	0	0	0	0	0	0	0	0	0	0	0	0	0	0
uncultured_Haemophilus_sp.	6114.185619	2911.676914	9613.342796	13156.09213	6730.509366	11272.69506	17790.70455	23071.57865	12579.91646	12922.97065	11712.14703	15378.44304	18658.93805	8.901545542	248.3719565	2498.348428	127.6803326	32850.13981	23577.09966	1256.68834	17358.57333	5247.802641	12588.06358	2558.044162	16151.75221	1186.168246	1298.013499	3441.615485	14448.21931	2560.150971	18075.48341	9434.350183	9931.079064	26448.88954	22495.55899	18622.29417	13511.98613	8821.880404	12990.86479	13672.49952	27251.20465	9217.594371	34881.46156	1203.181476	25406.17936	12275.69547	27895.6423	9607.863027	13810.39425	6373.506608	24329.38431	9344.49567	4676.422445	12138.94016	1208.087268	14790.35971	15546.30942	11758.26113	28539.60741	8807.660108	17749.44974	13323.64489	13076.9461	29744.31868	11393.26157	26518.73284	13907.27283	22238.80467	9990.977284	26951.9314	0	16598.22002	3444.889737	10618.77109	3497.704551	981.996807	2760.522066	105.1517637	19.69685878	6995.518882	10404.77077	15033.3549	12853.48834	28270.41277	549.9010279	24518.46058	21188.75097	5148.228448	22391.30226	31702.25242	10184.22751	4487.099608	38667.45111	1190.731429	9053.361061	7617.937266	18789.50876	256.4895342	3758.120124	25778.61653	1749.233015	2485.257064	32807.79711	1867.375823	10862.33575	2770.757907	4597.010359	3228.556328	15204.83652	9450.926903	16871.21351	3.568424405	13758.12654	30308.82359	2445.065288	8898.865414	8700.62989	31800.03564	14079.72717	4499.299658	20745.89196	7744.006061
uncultured_Leptotrichia_sp.	0	78.88130196	0	0	1.596746312	0	0	0	0	0	0	0	0	0	35.13598334	0.426499456	0	0	55.60475839	0	1.92286391	0	0	0	0	36.81336253	0	8.193622671	88.8910425	0	0	122.1337005	0	0	0	0	0	0	0	21.34080696	0	170.5853497	0	441.6962649	0	0	7.358185236	0	0	0	0	0	9.797400227	0.949269778	0	0	0	0	0	0	0	0	0	0	0	0	0	0	0	0	0	0	0	0	97.8738119	0	0	0	0	0	0	0	0	133.1015784	8.049180533	7.007417712	0	2.078755629	0	0	159.2045136	18.49452852	0	11.09243274	0	88.06831028	0	1.122090433	0	0	0.502749414	1.17627195	0	0	0	0	0	0	0	0	0	0	0	0	0	0	0	0	0	0	0	0
uncultured_Parvimonas_sp.	0	179.543706	0	0	0	0	0	0	0	0	0	0	0	0	0	0	0	0	0	0	0	0	0	0	0	0	0	0	0	0	0	0	0	0	0	0	0	0	0	0	0	0	0	0	0	0	0	0	0	0	0	0	0	0	0	0	0	0	0	0	0	0	0	0	0	0	0	0	0	0	0	0	0	0	0	0	0	0	0	0	0	0	0	0	0	0	0	0	0	0	0	0	0	23.03211241	0	0	0	18.97578734	0	0	0	0	0	0	0	0	0	0	0	0	0	0	0	0	0	0	0	0	0	0	0	0
uncultured_Peptostreptococcus_sp.	0	0	0	0	0	0	0	0	0	0	0	0	0	0	0	0	0	0	0	0	0	0	0	0	0	0	0	0	0	0	0	12.61371206	0	0	0	0	0	0	0	0	0	0	0	0	0	0	0	0	0	0	0	0	0	0	0	0	0	0	0	0	0	0	0	0	0	0	0	0	0	0	0	0	0	0	0	0	0	0	0	0	0	0	0	0	0	8.963409189	0	30.11521139	0	0	0	0	0	0	0	0.742824535	0	0	0	0	0	0	0	0	0	0	0	0	0	0	0	0	0	0	0	0	0	0	0	0	0	0
uncultured_Porphyromonas_sp.	0	122.7935917	2.005641809	0	0	0	0	0	0	0	0	0	0	269.7097298	43.84757025	3.443169581	25.89177544	0	1.612492378	0	1514.558386	14.62783123	0	0	2.788178021	5.383880131	11.21893305	0	0	20.15541843	40.02810096	83.19484557	210.8974495	0	4.630811142	0	1389.132759	7.219044765	0	0	366.9678284	20.77645038	0	0	0	0	0	0	0	0	348.4981045	0	0	0	16.92386628	0	27.46291707	0	0	0	0	0	0	36.11576339	114.1922554	0	0	0	0	2.122621473	0	0	2064.226552	2.268560793	0.987594441	0	81.39511394	4718.013949	0	0	0	45.26459589	1377.055585	0	14.39953468	196.0827138	0	314.1372301	6.724013122	0	93.15632529	0	9.120987796	1801.180191	0.816147782	153.601634	0	1342.699804	9.669024953	164.9597848	88.4005151	0	0	0	0	0	36.61416397	0	84.90620891	0	0	0	0	0	0	0	188.9912755	0	0	0	27.14247193	142.5572661
uncultured_Prevotella_sp.	0	45.60982502	0	119.7429865	24.52115577	0	0	0	0.228946458	2.871469595	0	0.607691474	0	1270.291529	49.72176709	551.0232955	368.3581001	265.6612632	41.47506916	6126.972364	546.6035045	1122.04578	270.4749355	0	0.542640723	349.0743953	3.294078287	152.6533015	186.2469644	159.7584115	154.5338948	199.6684831	108.2254044	0	0	12.06276469	90.12578024	6.356898483	0	407.1748439	49.7872992	63.18999042	0	27.18713113	0	0	37.94148727	0	112.0173363	0	13.38017657	4.321444215	2.631248608	7.648247667	779.0533917	0	6419.834443	0	836.7888944	65.01003582	0	0	369.3670423	0.38792249	5.880522412	0	45.58583966	216.4611098	236.3827296	59.99811455	0	13.38770727	713.5814996	851.2295931	10889.44376	111.8740601	11.12726922	33.75807526	0	0	217.0354589	87.80645277	156.0567778	4.690997441	1058.948545	628.3354997	0	153.1516004	4.529826763	0	994.9922694	1206.753985	61.38312581	683.0294601	0.51453517	868.6888136	558.1117717	64.20462446	20.84582113	50.42573052	1098.866415	444.1035717	0	0	43.9020695	0	192.8911757	812.8042506	30.36713781	0	79.35237783	42.65367201	101.9706656	1.865726044	0	5.632115578	1.980301854	53.14527868	0	353.2661598	0	348.592395
uncultured_Rothia_sp.	0	0	0	0	0	0	0	0	0	0	0	0	0	0	0	0	0	0	0	0	0	0	0	0	0	21.71145143	0	0	0	0	0	0	0	0	0	0	0	0	0	0	0	0	0	0.278626413	0	0	0	0	0	0	0	0	0	0	0	0	0	0	0	0	0	0	0	0	0	0	0	0	0	0	0	0	0	0	0	0	0	0	0	0	0	0	0	0	0	0	0	0	0	0	0	0	0	0	0	0	0	0	0	0	0	0	0	0	0	0	0	0	0	0	0	0	0	0	0	0	0	0	0	0	0	0
uncultured_Sneathia_sp.	0	0	33.96131042	0	0	0	0	0	0	0	0	0	0	0	0	0	0	0	0	0	0	0	0	0	15.63099152	0	57.74683721	38.01181481	439.766755	0	0	0	38.16670888	45.56406703	0	0	58.21954725	0	0	2863.658819	0	0	0	0	0	0	193.3002176	0	0	0	0	0.233254388	27.88698339	0	0	0	0	0	0	0	0	0	0	117.955451	0	0	0	0	0	0	0	0	0	0	0.057937452	0	0	0	0	0	0	16.11796098	0	0	0	0	0	0	0	0	0	2.309264279	0	0	0	0	0	76.20615795	0.501746587	0	55.05099264	0	0	0	0	0	0	0	0	0	0	0	0	0	0	0	0	0.274567096	0	0	0	0
uncultured_Streptococcus_sp.	0	4.119099741	0	0	650.4371887	0	0	0	0	0	0	0	0	0	89.27095938	0	0	0	0	0	0	0	0	0	0	159.8411438	0	0	0	0	1.490829532	0	0	0	0	0	0	0	0	0	0	20.51304646	0	0	0	0	0	0	0	0	0	0	0	0	0	0	0	0	0	0	0	0	0	0	0	0	0	0	0	0	0	0	0	0	0	0	0	0	0	0	0	0	0	0	0	0	0	0	0	0	0	0	0	0	0	0	0	0	0	0	0	0	0	0	0	0	0	0	0	0	0	0.355433388	0	0	0	0	0	0	0	0	0	0
Ureaplasma_parvum	0	0	0	0	0	0	0	0	0	0	0	0	0	0	0	2421.52366	238.7998828	0	0	0	0	0	0	0	0	0	2090.286808	0	0	0	0	0	0	0	0	0	0	0	0	107.7907159	0	0	0	0	0	0	0	0	0	0	0	0	0	0	0	0	0	0	0	0	0	0	0	0	0	0	0	0	0	0	0	0	0	0	0	0	0	276.54916	0	0	0	0	0	0	0	0	0	0	0	0	0	0	0	0	0	0	0	0	0	0	0	0	0	0	0	0	0	12933.60505	0	0	0	0	0	0	0	0	0	0	0	0	0	0
Ureaplasma_uncl	0	0	0	0	0	0	0	0	0	2.860350642	0	0	5.848987906	0	0	1722.183782	525.2795751	0	0	0	0	0	0	0	0	0	96864.62243	0	0	0	0	0	0	0	0	0	3.784071898	0	0	3776.096443	0	0	0	0	0	0	0	0	0	0	0	0	0	0	32.60995326	0	0	0	0	0	0	0	0	0	0	0	0	0	0	0	0	0	0	0	0	0	0	202.163689	0	0	0	0	0	0	0	0.565854449	0	0.67596607	0	0	0	0	0	0	0	27.3674718	0	0	0	0	0	0.147003001	0	0	0	0	0	22213.44091	0	0	0	0	0	0	0	0	0	0	0	0	0	0
Ureaplasma_urealyticum	943.6083077	943.9957753	3309.316176	3418.112594	3878.822406	3477.926399	3497.988338	3229.685966	2347.454024	17973.69596	946.6567188	2015.100628	2612.043104	75.69223087	139.2545611	475.2813266	47.60540684	16322.78202	8189.862894	148.0802073	994.9421056	699.5551642	610.6920926	1052.490355	682.8116857	1570.800922	303017.6242	407.9730273	2957.097769	411.1744627	1093.546545	1320.256682	1558.02669	3146.683373	2197.06794	3956.01457	977.5533015	712.4054307	3162.186374	20889.00314	721.3554609	1431.500195	4110.85889	4475.311785	10121.45466	3882.323696	1897.526078	7122.20937	5953.600304	8592.010818	1876.913142	3834.169805	852.2703473	13071.29682	1428.731981	2617.207257	1158.380781	5375.995603	1345.964499	3642.330536	4201.90387	10730.77764	1252.096275	1866.621154	1484.823392	2255.592072	1851.425035	2284.007337	838.1321819	1738.712866	16.81430383	3064.812554	285.4357398	401.7297599	118.747055	56.9715175	70.51070521	5.483219562	0	776.1021228	149.4611283	694.7208642	785.1117934	1776.587206	19.15637928	789.4196545	2478.83875	247.3843608	893.048165	1709.706602	292.8942361	124.6318526	2409.821689	43.86881188	2080.188691	209.9099277	1414.649218	16.62700637	303.9326652	954.0308367	53.91838583	151.1202019	2104.643852	3962.979839	1954.799059	614.8966171	283.8201204	2249.510877	1665.903243	2933.357	2509.933894	6.340212483	1738.293566	1393.891239	231.24178	2902.23937	471.0627357	2165.651754	3865.216212	221.218314	1860.395375	1324.538984
Veillonella_parvula	0	35.03162435	0	55.76415551	7.743924917	0	0	0	0	10.08014401	0	0	0	0	0.212616373	3.857592093	0	0	0	0	0	29.95774112	0	0	0	0	0	0	0	0	1.336912972	23.43784696	0	0	0	0	0.290971391	0	0	0	0	141.2738255	0	0	0	0	0	0	0	0	0	0	63.20639084	0	0	0	1101.96731	0	890.855948	2.020546452	0	0	0	0	0	0	0	0	0	13.16074395	0	0	14.11396988	254.2536741	0.114528566	0	0	0	0	0	0	0	26.42099945	0	95.32484177	0.413351246	0	0	1.643707058	0	0.573978748	0	10.90042727	51.87958028	6.007225542	0.243595764	0	0.211733484	0	13.81959267	0.497916371	0	0	0	0	0	25.45314652	0	0	0	0	0.293442561	0	0	0	0	0	0	0	0	0	0
Veillonella_sp.	0	949.2618958	0	3.567750957	21.78245955	69.10692504	0	0	0	171.0379301	0	0	0	150.6989841	32.69904253	3.878807411	0	0	432.7891666	0	256.838481	170.2111759	0	0	1378.403036	1275.3186	0	0	0	965.2619267	8.144710478	95.41661497	0	3.760853975	0	0	15.45541411	0.899462135	0	2.736794943	7.053974587	55.2033844	0	21.82612525	0	0	0	0	0	0	0.570936551	0	20.91975089	2.25212662	62.60923433	20.84010333	0.516670033	0	47.22006334	64.10827753	0	0	4.632398884	0	0.649348794	0	18.05098349	0	0	0	0	0	1.163382502	73.36282	9.179003346	0	28.47174863	142.8820626	0	0	18.32752519	2.089210605	0	0	49.53166557	61.98226593	0	222.5293738	684.4986322	0	213.4146399	81.57592304	28.02668098	63.9465721	38.938485	78.11310991	0	965.1739094	162.8572768	0	519.3826964	5.038737644	0	0	0	0	13.35868357	15.05728426	86.77457971	0	0	0	0	0	0	0	0	0	0	26.73575535	0	0
Veillonella_uncl	73.2394667	1892.663231	36.21006946	986.7910651	770.0122895	11.29513981	10.63229713	14.24019935	9.454141952	1849.554201	0	0	0	746.7744064	51.39870835	87.08581358	182.2104871	8.724661331	84.87073621	2029.80733	266.6911381	1419.328131	801.6595349	0	399.3005324	8.859117352	9.447300509	229.3270787	5310.594632	1067.874881	320.6836758	777.9806929	662.7473194	77.68782958	27.98058573	0	255.6559283	12.99586503	0	13.43001674	705.2091924	1770.430245	672.6192772	17.24460732	25.31573019	21.31471858	21.81985134	163.0231358	4657.03726	0	834.4915547	0	25094.05312	6265.154457	17.57132287	345.4192383	29821.22811	8.586020231	13525.48375	865.1294191	43.08991518	29.25443436	11.83993415	51.17065841	234.5526553	23.44777599	472.8004204	19.31654957	2607.360732	5210.933446	0	4.580105332	2476.169279	312.602123	39.77584015	142.8884397	14.03957158	658.7021154	0	0	0	16.09176297	1262.423796	27.3482215	1738.391505	47.06792315	0	24.72190231	163.187588	17.64160289	58.02133266	57.42031032	10875.24528	2098.93157	2359.69362	208.0673069	0	93.260247	3.760219895	5022.493382	34.96379262	37.75320928	86.38156939	166.4177889	3.433517467	0	4849.5021	2.604128559	76.73777057	35.43230656	13.54043978	6.640274944	750.2488601	0.87549444	0	15.85726659	5.697425827	55.89273252	0	1771.6666	1939.646268	307.3123372
Vibrio_parahaemolyticus	0	0.552007884	78.91938215	37.36510631	9.356329595	0	32.44213739	12.41453277	24.53889758	0	345.9066958	3.683655287	0	0	1.279663111	1.874344151	0	94.12567321	14.69660886	0	4.647742852	4.855071433	72.33189386	0	176.2692705	1.866741783	67.94789212	3.600864789	5.469112906	0	24.13922583	41.67442709	0	34.83246261	0	0	3.976269882	4.998409626	0	3.802167333	69.066155	10.13073288	80.7138138	0.487109113	220.7012376	28.55806809	24.25285297	0	0	40.9572915	148.5907844	0	29.0633369	20.85885727	0	0	0.478531996	75.44289804	30.2777383	29.20137063	0	0	45.63487165	36.18258859	16.83967782	0	29.16025956	67.36027542	0	12.66548144	0	27.95038639	1.077507337	17.7254447	1.55094103	26.00943894	46.14768271	4.338859428	0	0	11.31645171	22.25244675	58.84104875	36.34265523	30.95213245	5.104707673	33.95370271	5.467483136	13.12677625	22.28314186	13.85721613	38.063386	17.68784767	4.8748096	1.262949964	39.05860291	9.50607926	0	3.651599457	134.2945136	0.552360273	10.33876324	48.94955599	0	0	0	104.5557451	171.787266	24.69978724	16.28454493	0	0.55952451	91.3429257	10.30389611	0	99.07403312	46.98716218	54.17185343	0	191.3083786	13.54964102	2.749958047
Vibrio_sp._Vb2131	144.4276536	21.83272428	57.51273312	141.847925	22.56204418	10.26220238	44.28075856	77.43905308	302.0339563	47.99210705	164.0980654	33.28964128	61.28738717	7.325986502	3.556305299	3.911480307	0	206.7047784	20.4347671	0	24.23451724	28.25563201	23.09500463	0	149.3603298	4.865974772	16.86784155	21.58279027	297.4653506	18.13555603	27.60021866	58.5650488	489.7936203	83.57170959	25.42176885	72.97731101	20.20126265	78.32727243	103.9629131	43.59999316	169.2314524	28.06833474	404.5678313	2.158420065	68.83422505	59.74107702	50.48933839	32.91438107	64.75853343	255.793397	598.2065597	217.9131365	87.81124042	266.1891917	4.058195069	30.17334715	68.53044508	56.13244204	196.7243762	95.41436383	170.0845909	3.769347192	19.12557918	39.38844659	364.6540955	52.4347436	21.08198525	146.5488921	101.5134642	32.56953595	0	102.0569083	42.04053049	21.48424397	8.443013892	5.460709285	42.18286416	0	0	0	31.39219724	86.72011383	16.39356838	72.14263564	32.2235115	59.40972775	53.20675121	28.13880628	35.03082081	28.42080076	53.11971787	76.30158978	52.64635332	2.521655931	48.86257404	13.38392093	19.84982058	4.574397055	14.12116524	71.15928567	2.493076844	9.679010756	86.38739181	556.4365398	224.6966066	23.70513773	48.07238135	22.48057574	65.3313635	42.48961622	48.93972678	0.293681911	348.4324216	64.04666414	0	112.8383054	38.65224497	110.8739764	27.26503159	54.97872773	59.96238141	36.41497126
Weeksellaceae_uncl	0	14.4720152	0	0	0	0	0	0	0	0	0	0	0	0	0.260672115	0	0	0	0	0	0	0	0	0	0	0	0	0	0	0	0	0	0	0	0	0	417.2736162	0	0	0	0	0	0	0	0	0	0	0	0	0	0	0	0	0	0	0	0	0	0	0	0	0	0	0	0	0	0	0	0	0	0	0	0	0	0	0	0	0	0	0	0	0	0	0	0	0	0	0	0	0	0	0	0	0	2.477598701	0	0	0	0	0	0.504291884	0	0	0	0	0	0	0	0	0	0	0	0	0	0	0	0	0	0	0	0	0
Wenyingzhuangia_marina	13617.06485	4517.081509	22867.08611	16817.3292	15478.81567	36782.19156	20739.77372	28265.71814	21014.6083	23821.45185	258.9425046	15980.70062	31357.90184	56.49519701	487.9254073	1868.141681	0	20491.43991	17358.00983	247.2358994	7828.638401	3169.570254	1120.249677	5365.049969	3433.005534	608.1267794	4803.022341	2526.556585	21114.32808	999.5119361	7458.875191	3366.081485	19969.51839	14797.82819	24529.7627	31987.7931	9058.374242	5317.055054	28350.73989	14713.09462	4325.541725	5813.882366	12724.38813	1151.986741	14198.79607	29511.09564	14637.12816	14879.77742	24037.00851	17229.5355	12165.63235	24809.92029	1544.170859	18705.67904	323.4920953	18937.23495	7014.659881	36467.93892	13989.93508	20893.84798	22866.31344	22525.9832	7858.866267	8753.813316	9626.466588	26709.57473	17047.59354	22908.12516	5939.182147	23507.11895	672.8882892	20736.81122	1679.488972	4342.323191	1190.937707	397.6050989	1117.353119	7.635522449	0	15148.06947	1082.715691	6375.085028	8884.13267	23046.57397	163.6370723	7988.872033	25734.11522	2376.318141	8313.238554	23643.84626	2742.623097	1185.920412	21157.02912	257.7216071	15820.91555	3091.560769	7092.79174	171.0078941	2503.832096	6519.888489	480.9570626	1712.16455	33441.20403	26065.28994	16142.3343	6949.185727	3960.816655	2999.418386	12967.90074	20414.95367	8675.503985	11.53705448	13237.24316	10262.33424	3072.880196	35968.22638	3319.674578	25064.13794	29694.31501	3463.233039	25784.8051	12819.86817
Xylanibacter_ruminicola	0	0	0	0	0	0	0	0	0	0	0	0	0	0	0	93.96675685	39.94711801	0	0	0	0	0	0	0	0	0	0	0	0	0	0	12.38479016	0	0	0	0	0.528936366	0	0	0	0	0	0	0	0	0	0	0	0	0	0	0	0	0	0	0	4.535481748	0	0	0	0	0	0	0	0	0	0	0	0	0	0	0	0	0	0	0	0	0	0	0	0	0	0	0	0	5.677260093	0	4.211909514	0	0	0	0	0	0	0	0	0	0	0	0	0.673536984	0	0	0	0	0	0	0	0	0	0	0	0	0	0	0	0	0	0	0	0	0
Xylella_fastidiosa	5.049290709	7.671531762	5.39401194	50.20823529	16.38693055	13.46059147	34.31640244	29.69796222	83.85969514	51.78252419	0	19.30251021	50.2428993	0	0	3.843251602	0	105.2727922	7.287472193	0	4.909378934	17.37260464	9.228366533	0	53.15170204	3.083395449	65.16935378	12.12986859	47.52663679	0	54.88132474	32.52405063	4.322940248	52.37633279	16.67244673	0	5.978975329	39.2878182	75.0428382	26.56469115	7.654961876	12.2255262	125.8487706	0	90.50743264	4.879744242	19.33917086	161.8976442	21.18394767	181.9586946	25.29949325	14.49967315	5.885724449	104.0738449	15.85346943	11.54340296	34.3422312	44.19771327	98.36200402	23.95039661	24.76820398	22.41190184	5.598329979	100.2224431	160.3129407	5.588614904	45.70742926	11.50991429	0	22.34623969	0	36.84272728	10.31042337	8.076702897	1.217086491	0	12.23025876	0	0	0	0	59.84484419	28.36728031	63.28187933	1.133318635	28.02627304	255.2748642	12.15686828	29.22413122	22.84524979	6.611957784	11.93201636	45.06033205	0	56.20429159	9.707608159	13.8066588	0.842610659	10.3519354	65.25561997	0.797006299	7.017305151	19.30167038	635.5338926	2.045887731	15.54662259	8.395267873	0	37.78949392	0	129.0907992	0	158.2165874	59.73122424	0	159.0526787	3.322237683	108.6579963	17.75195366	10.10016407	100.7129418	12.08283289
