# Pathway	Plrevelo-FD21771986_Abundance	Plrevelo-FD21772050_Abundance	Plrevelo-FD21772081_Abundance	Plrevelo-FD21772173_Abundance	Plrevelo-FD21772179_Abundance	Plrevelo-FD21772189_Abundance	Plrevelo-FD21772205_Abundance	Plrevelo-FD21772244_Abundance	Plrevelo-FD21772250_Abundance	Plrevelo-FD21772261_Abundance	Plrevelo-FD21772292_Abundance	Plrevelo-FD21772298_Abundance	Plrevelo-FD21772337_Abundance	Plrevelo-FD21772346_Abundance	Plrevelo-FD21772347_Abundance	Plrevelo-FD21772351_Abundance	Plrevelo-FD21772392_Abundance	Plrevelo-FD21772426_Abundance	Plrevelo-FD21772472_Abundance	Plrevelo-FD21772506_Abundance	Plrevelo-FD21772578_Abundance	Plrevelo-FD21772697_Abundance	Plrevelo-FD21772699_Abundance	Plrevelo-FD21772702_Abundance	Plrevelo-FD21772766_Abundance	Plrevelo-FD21772802_Abundance	Plrevelo-FD21772806_Abundance	Plrevelo-FD21772808_Abundance	Plrevelo-FD21772863_Abundance	Plrevelo-FD21772880_Abundance	Plrevelo-FD21772902_Abundance	Plrevelo-FD21772906_Abundance	Plrevelo-FD21772908_Abundance	Plrevelo-FD21772910_Abundance	Plrevelo-FD21772934_Abundance	Plrevelo-FD21772976_Abundance	Plrevelo-FD21773016_Abundance	Plrevelo-FD21773025_Abundance	Plrevelo-FD21773044_Abundance	Plrevelo-FD21773059_Abundance	Plrevelo-FD21773104_Abundance	Plrevelo-FD21773106_Abundance	Plrevelo-FD21773116_Abundance	Plrevelo-FD21773140_Abundance	Plrevelo-FD21773174_Abundance	Plrevelo-FD21773221_Abundance	Plrevelo-FD21773259_Abundance	Plrevelo-FD21773306_Abundance	Plrevelo-FD21773308_Abundance	Plrevelo-FD21773309_Abundance	Plrevelo-FD21773313_Abundance	Plrevelo-FD21773335_Abundance	Plrevelo-FD21773336_Abundance	Plrevelo-FD21773352_Abundance	Plrevelo-FD21773369_Abundance	Plrevelo-FD21773450_Abundance	Plrevelo-FD21773461_Abundance	Plrevelo-FD21773511_Abundance	Plrevelo-FD21773537_Abundance	Plrevelo-FD21773545_Abundance	Plrevelo-FD21773589_Abundance	Plrevelo-FD21773630_Abundance	Plrevelo-FD21773644_Abundance	Plrevelo-FD21773653_Abundance	Plrevelo-FD21773669_Abundance	Plrevelo-FD21773675_Abundance	Plrevelo-FD21773737_Abundance	Plrevelo-FD21773744_Abundance	Plrevelo-FD21773746_Abundance	Plrevelo-FD21773752_Abundance	Plrevelo-FD21773775_Abundance	Plrevelo-FD21773783_Abundance	Plrevelo-FD21773819_Abundance	Plrevelo-FD21773832_Abundance	Plrevelo-FD21773841_Abundance	Plrevelo-FD21773846_Abundance	Plrevelo-FD21773847_Abundance	Plrevelo-FD21773858_Abundance	Plrevelo-FD21773873_Abundance	Plrevelo-FD21773934_Abundance	Plrevelo-FD21773965_Abundance	Plrevelo-FD21773988_Abundance	Plrevelo-FD21774007_Abundance	Plrevelo-FD21774021_Abundance	Plrevelo-FD21774037_Abundance	Plrevelo-FD21774042_Abundance	Plrevelo-FD21774045_Abundance	Plrevelo-FD21774064_Abundance	Plrevelo-FD21774070_Abundance	Plrevelo-FD21774113_Abundance	Plrevelo-FD21774123_Abundance	Plrevelo-FD21774163_Abundance	Plrevelo-FD21774168_Abundance	Plrevelo-FD21774169_Abundance	Plrevelo-FD21774233_Abundance	Plrevelo-FD21774318_Abundance	Plrevelo-FD21774370_Abundance	Plrevelo-FD21774401_Abundance	Plrevelo-FD21774408_Abundance	Plrevelo-FD21774415_Abundance	Plrevelo-FD21774444_Abundance	Plrevelo-FD21774492_Abundance	Plrevelo-FD21774498_Abundance	Plrevelo-FD21774517_Abundance	Plrevelo-FD21774522_Abundance	Plrevelo-FD21774523_Abundance	Plrevelo-FD21774524_Abundance	Plrevelo-FD21774545_Abundance	Plrevelo-FD21774611_Abundance	Plrevelo-FD21774623_Abundance	Plrevelo-FD21774626_Abundance	Plrevelo-FD21774642_Abundance	Plrevelo-FD21774681_Abundance	Plrevelo-FD21774695_Abundance	Plrevelo-FD21774702_Abundance	Plrevelo-FD21774708_Abundance	Plrevelo-FD21774709_Abundance	Plrevelo-FD21774719_Abundance	Plrevelo-FD21774760_Abundance	Plrevelo-FD21774779_Abundance	Plrevelo-FD21774799_Abundance	Plrevelo-FD21774809_Abundance	Plrevelo-FD21774818_Abundance	Plrevelo-FD21774821_Abundance	Plrevelo-NT1_J_Abundance	Plrevelo-NT1_M_Abundance	Plrevelo-NT2_J_Abundance	Plrevelo-NT2_M_Abundance	Plrevelo-NT3_J_Abundance	Plrevelo-NT3_M_Abundance	Plrevelo-NT4_J_Abundance	Plrevelo-NT4_M_Abundance	Plrevelo-NT5_J_Abundance	Plrevelo-NT5_M_Abundance	Plrevelo-Tlib1_J_Abundance	Plrevelo-Tlib1_M_Abundance	Plrevelo-Tlib2_J_Abundance	Plrevelo-Tlib2_M_Abundance	Plrevelo-Tlib3_J_Abundance	Plrevelo-Tlib3_M_Abundance	Plrevelo-Tlib4_J_Abundance	Plrevelo-Tlib4_M_Abundance	Plrevelo-Tlib5_J_Abundance	Plrevelo-Tlib5_M_Abundance
UNMAPPED	474143.4029526265	5716.4126625251	20236.6881432614	451799.3001949020	959983.5267440741	0.0000000000	430239.5224771908	903560.2361349387	349665.4236763501	0.0000000000	128794.5136072710	31715.3885842280	0.0000000000	268691.9502692801	0.0000000000	375555.1570118594	81972.8628198668	0.0000000000	0.0000000000	545014.9570617586	91391.5811360284	0.0000000000	99608.7678094482	0.0000000000	0.0000000000	1221023.4292093359	105453.9512627568	2132030.0498567056	41816.8444982585	597391.6065024310	466705.0972218303	129386.7944960300	57279.0341796994	0.0000000000	10539.2788759029	0.0000000000	610203.2935225047	607192.1002561479	554917.1125184789	188639.0307582113	12051.0968009751	0.0000000000	740349.1643808453	624026.7987715770	812111.1651199195	460143.1276986969	0.0000000000	1525601.6484746959	0.0000000000	36999.4941371192	1422915.9425422885	848481.7752302302	1079733.6088683645	63051.9501298239	473653.5568367627	691137.3882423186	823639.3913593438	24273.7304579241	701090.2013669072	161365.8469907079	78388.8467963324	0.0000000000	294815.2939424137	785870.9078185231	1264904.7567188928	328436.4683867607	0.0000000000	36239.3732799054	5261.0242144969	1373573.2424007943	2404519.3820753396	0.0000000000	0.0000000000	564062.9980050168	661477.1108991805	71284.0011745137	193937.6613139543	549122.8906146094	2773354.2531835102	1817773.7691688910	0.0000000000	179503.3666559490	276935.2650987761	1399621.0343715954	129664.5243543843	988618.9239594636	1212629.9455874427	1486277.0000000000	627337.5158708579	24254.3881745115	0.0000000000	318467.4620928866	379124.1046926376	0.0000000000	222328.8459344026	0.0000000000	710660.8176718709	20860.1542084809	0.0000000000	76827.8418796299	12961.6791296538	0.0000000000	1442047.5191891512	352931.7789413015	860028.6224062223	0.0000000000	7699.9679093399	240397.9592234748	57152.1455263173	1810099.6422909521	685800.7088146099	0.0000000000	880031.2411312303	72142.2629341256	144080.5637863254	858985.2823570708	77578.0294467580	77308.2198238909	6351.6394530643	0.0000000000	5389.1226638480	2149181.7124322373	283.5788007511	454695.5533227908	0.0000000000	1427546.0000000002	0.0000000000	0.0000000000	0.0000000000	0.0000000000	0.0000000000	0.0000000000	0.0000000000	0.0000000000	0.0000000000	0.0000000000	0.0000000000	0.0000000000	0.0000000000	0.0000000000	0.0000000000	0.0000000000	0.0000000000	0.0000000000
UNINTEGRATED	255235.8786894862	3270.4953625771	12461.1946258220	604286.7483717583	1786143.6552227114	0.0000000000	543496.6556069683	902405.7834930371	177551.5397484003	0.0000000000	101832.6633993501	29806.0920434419	0.0000000000	118202.2889660482	0.0000000000	451710.7305778310	61662.5429565599	0.0000000000	0.0000000000	456597.0994273087	76972.1726513262	0.0000000000	187176.9639030045	0.0000000000	0.0000000000	2748047.8480156208	16495.7570478137	3965791.5248951036	17313.8710984318	1109785.5083061138	398083.8090907412	82693.9556666407	23367.7114744615	0.0000000000	7728.3728747907	0.0000000000	85809.0194388163	741403.9251371520	385770.3276161623	207081.1905518943	8508.2813748372	0.0000000000	762028.7117773743	772421.8726366687	788652.4989862540	86473.8770933969	0.0000000000	1922009.7728369902	0.0000000000	22645.1231273894	3022083.0601224951	1364078.4837989213	1230224.2338873292	57851.1128772852	522330.1942333910	581035.5346856578	779357.3763245579	18188.8066878620	1918239.9660400185	111659.5835628346	73280.6527144806	0.0000000000	369197.0324176087	792815.8458479195	1570399.0195228509	361505.4561745747	0.0000000000	20656.9735749580	2810.7328730975	2109013.5354350102	6734188.8603488831	0.0000000000	0.0000000000	486599.6726328172	1160214.2056867585	33780.4059395057	178914.6353977882	186440.9179743256	6478653.4597441405	3290915.5603422918	0.0000000000	125816.0466885726	130049.6877331585	2551632.0841309261	46287.8480908626	430599.6443224307	3435729.5412238063	227890.1348138273	571378.5924708158	15593.5330518505	0.0000000000	120199.2266796704	392763.0610826305	0.0000000000	35331.2538382261	0.0000000000	2023695.0718735673	10116.5638080030	0.0000000000	31948.2366896380	8398.8751261573	0.0000000000	773310.2503073544	147287.7816309231	698687.1882361397	0.0000000000	5044.4796672415	33218.3586683218	32131.3666463439	514721.1175193976	673322.0738179612	0.0000000000	416128.4909973595	49300.7326086369	108833.5932257736	1163476.8659066125	73138.5165579646	45895.9574482156	6589.7903705576	0.0000000000	2670.5601773299	5429467.7320286650	126.9733398179	545696.2818096224	0.0000000000	107288.1129091029	0.0000000000	0.0000000000	0.0000000000	0.0000000000	0.0000000000	0.0000000000	0.0000000000	0.0000000000	0.0000000000	0.0000000000	0.0000000000	0.0000000000	0.0000000000	0.0000000000	0.0000000000	0.0000000000	0.0000000000	0.0000000000
UNINTEGRATED|g__Porphyromonas.s__Porphyromonas_endodontalis	0	0	0	0	0	0	0	0	0	0	0	0	0	0	0	0	0	0	0	0	0	0	0	0	0	0	0	0	0	0	0	0	0	0	0	0	0	0	0	0	0	0	0	0	0	0	0	0	0	0	0	0	0	0	0	0	0	0	0	0	0	0	0	0	0	0	0	0	0	292585.8165997091	0	0	0	0	0	0	0	0	0	0	0	0	0	0	0	0	0	0	0	0	0	0	0	0	0	0	0	0	0	0	0	0	0	0	0	0	0	0	0	0	0	0	0	0	0	0	0	0	0	0	0	0	0	0	0	0	0	0	0	0	0	0	0	0	0	0	0	0	0	0	0	0	0	0
UNINTEGRATED|g__Prevotella.s__Prevotella_salivae	0	0	0	0	0	0	0	0	0	0	0	0	0	0	0	0	0	0	0	0	0	0	0	0	0	0	0	0	0	0	0	0	0	0	0	0	0	0	0	0	0	0	0	0	0	0	0	0	0	0	0	0	0	0	0	0	0	0	0	0	0	0	0	0	0	0	0	0	0	0	0	0	0	0	0	0	0	0	0	0	0	0	0	0	0	0	0	0	0	0	0	0	0	0	0	0	0	0	0	0	0	0	0	0	0	0	0	0	0	0	0	0	0	0	0	0	0	0	0	0	0	1220698.4237760433	0	0	0	0	0	0	0	0	0	0	0	0	0	0	0	0	0	0	0	0	0	0
UNINTEGRATED|g__Streptococcus.s__Streptococcus_anginosus_group	0	0	0	0	6837.3489562421	0	0	0	0	0	0	0	0	0	0	0	0	0	0	0	0	0	0	0	0	0	0	0	0	0	0	0	0	0	0	0	0	0	0	0	0	0	0	0	0	0	0	0	0	0	0	1988.2595262311	0	0	0	2724.2639651455	0	0	0	0	0	0	0	0	0	0	0	0	0	5800.2277713709	0	0	0	0	0	0	0	0	0	0	0	0	0	0	0	0	0	0	0	0	0	0	0	0	0	0	0	0	0	0	0	0	0	0	0	0	0	0	0	0	0	0	0	0	0	0	0	0	0	0	0	0	0	0	0	0	0	0	0	0	0	0	0	0	0	0	0	0	0	0	0	0	0	0
UNINTEGRATED|g__Streptococcus.s__Streptococcus_milleri	0	0	0	0	2756.7127010867	0	0	0	0	0	0	0	0	0	0	0	0	0	0	0	0	0	0	0	0	0	0	0	0	0	0	0	0	0	0	0	0	0	0	0	0	0	0	0	0	0	0	0	0	0	0	4769.0860678733	0	0	0	9238.6905537935	0	0	0	0	0	0	0	0	0	0	0	0	0	3816.3797849476	0	0	0	0	0	0	0	0	0	0	0	0	0	0	0	0	0	0	0	0	0	0	0	0	0	0	0	0	0	0	0	0	0	0	0	0	0	0	0	0	0	0	0	0	0	0	0	0	0	0	0	0	0	0	0	0	0	0	0	0	0	0	0	0	0	0	0	0	0	0	0	0	0	0
UNINTEGRATED|g__Streptococcus.s__Streptococcus_viridans	0	0	0	0	4755.6325806463	0	0	0	0	0	0	0	0	0	0	0	0	0	0	0	0	0	0	0	0	0	0	0	0	0	0	0	0	0	0	0	0	0	0	0	0	0	0	0	0	0	0	0	0	0	0	2692.0276370200	0	0	0	1809.9567438564	0	0	0	0	0	0	0	0	0	0	0	0	0	4014.7468696801	0	0	0	0	0	0	0	0	0	0	0	0	0	0	0	0	0	0	0	0	0	0	0	0	0	0	0	0	0	0	0	0	0	0	0	0	0	0	0	0	0	0	0	0	0	0	0	0	0	0	0	0	0	0	0	0	0	0	0	0	0	0	0	0	0	0	0	0	0	0	0	0	0	0
UNINTEGRATED|unclassified	236650.6347162465	3179.8813847080	12444.8724234656	604286.7483717583	1705803.2630886475	0	575949.7642371226	926262.6120040097	177551.5397484003	0	88390.3403303505	29776.1817284682	0	118202.2889660482	0	437494.7441480909	57661.3310988981	0	0	457130.1560002202	76972.1726513262	0	182904.0733176599	0	0	2705829.6699054004	16495.7570478137	3409986.8420423032	17313.8710984318	942466.5796734811	275435.5862493106	62861.9698536215	23367.7114744615	0	7728.3728747907	0	85809.0194388163	737849.0933619079	357246.1582950702	204684.5005035336	8508.2813748372	0	664530.4878927489	666340.6557416103	540859.3077813764	86473.8770933969	0	1796003.6544498103	0	22418.5407532110	2617733.3572496930	1209286.5021929874	1207872.6814126729	57746.5475674971	509483.3592860468	492496.0711750506	757086.3190834317	17814.0967730723	1891228.5487171654	56304.9498370227	73212.4774661086	0	348751.8877266784	770072.2309964747	754617.5076581840	360359.3232680943	0	18145.7848030818	2810.7328730975	1637168.9769593577	6496127.1308594719	0	0	455793.7861788356	1149611.5532045157	33780.4059395057	177006.3303003958	186440.9179743256	4798431.2960680900	2283034.4643180370	0	125816.0466885726	130049.6877331585	2215405.8139263163	46287.8480908626	429791.0631359079	3210528.9116148804	227890.1348138273	560486.5404183876	15593.5330518505	0	104764.3105553884	361854.1821204012	0	35331.2538382261	0	2005806.7713739653	10116.5638080030	0	31948.2366896380	8207.6882820293	0	773310.2503073544	147287.7816309231	347422.9601885856	0	5044.4796672415	33218.3586683218	32131.3666463439	514600.8255941167	760306.3437650409	0	408554.1952052250	49300.7326086369	108833.5932257736	907104.3154575141	73138.5165579646	43403.8674803579	6418.3328652094	0	2022.6488029398	3362021.5132840611	126.9733398179	295524.1149964613	0	107288.1129091029	0	0	0	0	0	0	0	0	0	0	0	0	0	0	0	0	0	0
1CMET2-PWY: folate transformations III (E. coli)	0	0	0	0	243.1289130372	0	0	0	0	0	0	0	0	0	0	80.7554501490	0	0	0	0	0	0	0	0	0	26.7248829766	0	1471.9464294282	0	271.1802807010	77.9462560298	0	0	0	0	0	0	125.5019916500	0	0	0	0	158.6572307226	0	0	0	0	850.0417212377	0	0	539.1487995062	690.4416645076	0	0	0	0	0	0	324.2865199241	0	0	0	0	193.9961588812	270.3601003712	0	0	0	0	0	0	0	0	0	203.5758899513	0	0	0	2604.6671582907	1107.3040232839	0	0	0	0	0	0	0	0	0	0	0	0	0	0	0	0	439.1024549849	0	0	0	0	0	0	0	0	0	0	0	0	0	0	0	0	0	0	0	0	0	0	0	0	2115.3314562390	0	0	0	0	0	0	0	0	0	0	0	0	0	0	0	0	0	0	0	0	0	0
1CMET2-PWY: folate transformations III (E. coli)|unclassified	0	0	0	0	243.1289130372	0	0	0	0	0	0	0	0	0	0	80.7554501490	0	0	0	0	0	0	0	0	0	26.7248829766	0	1471.9464294282	0	271.1802807010	77.9462560298	0	0	0	0	0	0	125.5019916500	0	0	0	0	158.6572307226	0	0	0	0	850.0417212377	0	0	539.1487995062	690.4416645076	0	0	0	0	0	0	324.2865199241	0	0	0	0	193.9961588812	270.3601003712	0	0	0	0	0	0	0	0	0	203.5758899513	0	0	0	2604.6671582907	1107.3040232839	0	0	0	0	0	0	0	0	0	0	0	0	0	0	0	0	439.1024549849	0	0	0	0	0	0	0	0	0	0	0	0	0	0	0	0	0	0	0	0	0	0	0	0	1621.5844939188	0	0	0	0	0	0	0	0	0	0	0	0	0	0	0	0	0	0	0	0	0	0
ANAEROFRUCAT-PWY: homolactic fermentation	0	0	0	0	1933.6222274454	0	0	256.3635415015	0	0	0	0	0	0	0	0	0	0	0	873.4555793645	0	0	0	0	0	1415.5460651270	0	4631.9422723350	0	783.9449693983	175.7945359900	0	0	0	0	0	0	589.1705514461	0	0	0	0	1054.8454470248	838.5318057046	1438.6012782169	0	0	3372.6238829612	0	0	3963.2914187869	4007.9902348237	2208.6899777570	0	0	1360.4502520899	0	0	339.0420665510	43.5882269777	0	0	0	1097.2348394852	1583.5945889326	0	0	0	0	4514.5918774872	4543.0293113486	0	0	563.8628245615	0	0	614.5190897262	0	8633.9672875916	1747.1109771636	0	0	0	421.1745328397	0	0	0	0	0	0	0	0	0	0	0	0	985.2552555729	0	0	0	0	0	0	0	339.4069589345	0	0	0	0	0	0	0	1253.7648365325	0	0	375.8270750476	0	0	0	0	0	4410.7503575535	0	0	0	0	0	0	0	0	0	0	0	0	0	0	0	0	0	0	0	0	0	0
ANAEROFRUCAT-PWY: homolactic fermentation|unclassified	0	0	0	0	1933.6222274454	0	0	255.6152807635	0	0	0	0	0	0	0	0	0	0	0	873.4555793645	0	0	0	0	0	1411.0393248017	0	3856.2968088815	0	783.9449693983	175.7945359900	0	0	0	0	0	0	589.1705514461	0	0	0	0	1054.8454470248	838.5318057046	1438.6012782169	0	0	3372.6238829612	0	0	3936.8410889956	4007.9902348237	2208.6899777570	0	0	1360.4502520899	0	0	339.0420665510	43.5882269777	0	0	0	1088.5416567698	1583.5945889326	0	0	0	0	3440.0788775629	4543.0293113486	0	0	563.8628245615	0	0	614.5190897262	0	8633.9672875916	1696.1637837755	0	0	0	421.1745328397	0	0	0	0	0	0	0	0	0	0	0	0	985.2552555729	0	0	0	0	0	0	0	339.4069589345	0	0	0	0	0	0	0	1253.7648365325	0	0	365.1998512424	0	0	0	0	0	3802.4322567953	0	0	0	0	0	0	0	0	0	0	0	0	0	0	0	0	0	0	0	0	0	0
ANAGLYCOLYSIS-PWY: glycolysis III (from glucose)	0	0	0	0	7020.6509070783	0	1451.6703896058	954.0676937049	0	0	272.3514192125	0	0	0	0	983.3368988892	281.6924330270	0	0	1418.2388912031	0	0	0	0	0	5154.6869491387	76.6493892634	8269.8729705773	0	2652.5380818591	460.6152767388	324.7510716592	0	0	0	0	0	1573.2845711640	0	1133.2870335428	0	0	2132.5608721436	1129.8401047670	2045.5506416996	0	0	6589.0876926005	0	135.6370761042	11904.5989534854	8497.8140588180	3021.8921204065	0	0	6700.6906760054	2164.0134710290	0	4507.4653922117	57.7237015598	0	0	663.8471700145	2345.6115920732	2496.8423363284	1551.5122353388	0	0	0	7563.5406419362	27839.3604278151	0	0	1741.1069154876	1732.7529963075	0	1168.1752989460	0	17978.4022533174	4067.0673987574	0	0	0	5271.3975730094	0	0	8153.8497330828	0	6608.9181945264	0	0	0	1019.9961621042	0	0	0	1270.6077849380	0	0	0	0	0	0	0	458.2473514278	0	0	69.6561220941	0	0	443.0752953172	0	3770.8990491868	0	0	1193.1866452702	0	0	0	0	0	6663.7788585609	0	0	0	0	0	0	0	0	0	0	0	0	0	0	0	0	0	0	0	0	0	0
ANAGLYCOLYSIS-PWY: glycolysis III (from glucose)|unclassified	0	0	0	0	7020.6509070783	0	1451.6703896058	940.4079019211	0	0	272.3514192125	0	0	0	0	983.3368988892	281.6924330270	0	0	1418.2388912031	0	0	0	0	0	5075.9715643024	76.6493892634	8269.8729705773	0	2652.5380818591	460.6152767388	324.7510716592	0	0	0	0	0	1573.2845711640	0	1133.2870335428	0	0	2132.5608721436	1129.8401047670	2045.5506416996	0	0	6589.0876926005	0	135.6370761042	11592.6640614102	8497.8140588180	3021.8921204065	0	0	6700.6906760054	2164.0134710290	0	4507.4653922117	57.7237015598	0	0	663.8471700145	2345.6115920732	2496.8423363284	1551.5122353388	0	0	0	6099.3859095278	27839.3604278151	0	0	1741.1069154876	1732.7529963075	0	1168.1752989460	0	17978.4022533174	3720.2329496481	0	0	0	5271.3975730094	0	0	8153.8497330828	0	6608.9181945264	0	0	0	1019.9961621042	0	0	0	1270.6077849380	0	0	0	0	0	0	0	458.2473514278	0	0	69.6561220941	0	0	443.0752953172	0	3770.8990491868	0	0	1061.6240579696	0	0	0	0	0	4983.9417449180	0	0	0	0	0	0	0	0	0	0	0	0	0	0	0	0	0	0	0	0	0	0
ARG+POLYAMINE-SYN: superpathway of arginine and polyamine biosynthesis	0	0	0	0	0	0	0	0	0	0	0	0	0	0	0	0	0	0	0	0	0	0	0	0	0	0	0	0	0	0	47.8929859029	0	0	0	0	0	0	0	0	0	0	0	0	0	0	0	0	0	0	0	0	0	0	0	0	0	0	0	0	0	0	0	0	0	0	0	0	0	0	0	0	0	0	0	0	0	0	0	0	0	0	0	0	0	0	0	0	0	0	0	0	0	0	0	0	0	1109.4395783776	0	0	0	0	0	0	0	0	0	0	0	0	0	0	0	0	0	0	0	0	0	0	0	0	0	0	0	0	0	0	0	0	0	0	0	0	0	0	0	0	0	0	0	0	0	0	0
ARG+POLYAMINE-SYN: superpathway of arginine and polyamine biosynthesis|unclassified	0	0	0	0	0	0	0	0	0	0	0	0	0	0	0	0	0	0	0	0	0	0	0	0	0	0	0	0	0	0	47.8929859029	0	0	0	0	0	0	0	0	0	0	0	0	0	0	0	0	0	0	0	0	0	0	0	0	0	0	0	0	0	0	0	0	0	0	0	0	0	0	0	0	0	0	0	0	0	0	0	0	0	0	0	0	0	0	0	0	0	0	0	0	0	0	0	0	0	1109.4395783776	0	0	0	0	0	0	0	0	0	0	0	0	0	0	0	0	0	0	0	0	0	0	0	0	0	0	0	0	0	0	0	0	0	0	0	0	0	0	0	0	0	0	0	0	0	0	0
ARGININE-SYN4-PWY: L-ornithine biosynthesis II	0	0	0	106.4447615963	0	0	0	0	0	0	0	0	0	0	0	0	0	0	0	0	0	0	0	0	0	0	0	0	0	0	30.5823287722	0	0	0	0	0	0	85.5600860606	0	0	0	0	0	0	0	0	0	0	0	0	0	0	0	0	0	0	0	0	0	0	0	0	0	0	0	0	0	0	0	0	308.5229225119	0	0	0	0	0	0	0	185.4855556400	0	0	0	0	0	0	0	262.1248588045	0	0	0	0	0	0	0	0	0	751.4659000036	0	0	0	0	0	0	0	0	0	0	0	0	0	0	0	0	0	0	0	0	0	0	0	0	0	0	0	0	0	0	0	0	0	0	0	0	0	0	0	0	0	0	0	0	0	0	0
ARGININE-SYN4-PWY: L-ornithine biosynthesis II|unclassified	0	0	0	106.4447615963	0	0	0	0	0	0	0	0	0	0	0	0	0	0	0	0	0	0	0	0	0	0	0	0	0	0	30.5823287722	0	0	0	0	0	0	85.5600860606	0	0	0	0	0	0	0	0	0	0	0	0	0	0	0	0	0	0	0	0	0	0	0	0	0	0	0	0	0	0	0	0	308.5229225119	0	0	0	0	0	0	0	185.4855556400	0	0	0	0	0	0	0	262.1248588045	0	0	0	0	0	0	0	0	0	751.4659000036	0	0	0	0	0	0	0	0	0	0	0	0	0	0	0	0	0	0	0	0	0	0	0	0	0	0	0	0	0	0	0	0	0	0	0	0	0	0	0	0	0	0	0	0	0	0	0
ARGSYN-PWY: L-arginine biosynthesis I (via L-ornithine)	0	0	0	0	0	0	0	0	0	0	0	0	0	0	0	0	0	0	0	0	0	0	0	0	0	0	0	0	0	0	36.9775698629	0	0	0	0	0	0	303.3211681363	0	0	0	0	0	54.9823151136	0	0	0	0	0	0	0	0	0	0	0	0	0	0	0	0	0	0	0	0	0	0	0	0	0	0	0	0	0	0	0	0	0	0	0	0	0	0	0	0	0	0	0	0	0	0	0	0	0	0	0	0	1240.4345598638	0	0	0	0	0	0	0	108.9588188375	0	0	0	0	0	0	0	0	0	0	0	0	0	0	0	0	0	0	0	0	0	0	0	0	0	0	0	0	0	0	0	0	0	0	0	0	0	0	0
ARGSYN-PWY: L-arginine biosynthesis I (via L-ornithine)|unclassified	0	0	0	0	0	0	0	0	0	0	0	0	0	0	0	0	0	0	0	0	0	0	0	0	0	0	0	0	0	0	36.9775698629	0	0	0	0	0	0	303.3211681363	0	0	0	0	0	54.9823151136	0	0	0	0	0	0	0	0	0	0	0	0	0	0	0	0	0	0	0	0	0	0	0	0	0	0	0	0	0	0	0	0	0	0	0	0	0	0	0	0	0	0	0	0	0	0	0	0	0	0	0	0	1240.4345598638	0	0	0	0	0	0	0	108.9588188375	0	0	0	0	0	0	0	0	0	0	0	0	0	0	0	0	0	0	0	0	0	0	0	0	0	0	0	0	0	0	0	0	0	0	0	0	0	0	0
ARGSYNBSUB-PWY: L-arginine biosynthesis II (acetyl cycle)	0	0	0	0	0	0	0	0	0	0	0	0	0	0	0	0	0	0	0	0	0	0	0	0	0	0	0	0	0	0	37.8149640329	0	0	0	0	0	0	262.5912493045	0	0	0	0	0	0	0	0	0	0	0	0	0	0	0	0	0	0	0	0	0	0	0	0	0	0	0	0	0	0	0	0	0	0	0	0	0	0	0	0	0	0	0	0	0	0	0	0	0	0	0	0	0	0	0	0	0	0	1226.9594133734	0	0	0	0	0	0	0	0	0	0	0	0	0	0	0	0	0	0	0	0	0	0	0	0	0	0	0	0	0	0	0	0	0	0	0	0	0	0	0	0	0	0	0	0	0	0	0
ARGSYNBSUB-PWY: L-arginine biosynthesis II (acetyl cycle)|unclassified	0	0	0	0	0	0	0	0	0	0	0	0	0	0	0	0	0	0	0	0	0	0	0	0	0	0	0	0	0	0	37.8149640329	0	0	0	0	0	0	262.5912493045	0	0	0	0	0	0	0	0	0	0	0	0	0	0	0	0	0	0	0	0	0	0	0	0	0	0	0	0	0	0	0	0	0	0	0	0	0	0	0	0	0	0	0	0	0	0	0	0	0	0	0	0	0	0	0	0	0	0	1226.9594133734	0	0	0	0	0	0	0	0	0	0	0	0	0	0	0	0	0	0	0	0	0	0	0	0	0	0	0	0	0	0	0	0	0	0	0	0	0	0	0	0	0	0	0	0	0	0	0
ARO-PWY: chorismate biosynthesis I	0	0	0	0	2043.1436431690	0	235.9468297463	80.7721968801	0	0	0	0	0	0	0	531.1368991559	193.8844005596	0	0	205.6317343764	0	0	0	0	0	1095.0081727930	0	1672.5783750402	0	350.1211426386	134.3176112997	0	8.8393889547	0	0	0	0	406.0753827826	0	0	0	0	396.1773813653	108.9045581514	446.8302222635	0	0	918.4301150950	0	0	2143.3692344259	1207.9835624591	690.5414838441	0	0	646.9890061533	0	0	2434.3627425429	0	0	0	152.0204066359	393.4995340545	164.5392061211	32.7043673821	0	0	0	1199.6067549073	5085.4373668149	0	0	299.2528425520	467.0008657019	0	158.6223724422	0	4732.7438223962	1589.1493263692	0	0	0	2477.7941591406	0	0	2206.3770167340	0	1172.6153789909	0	0	0	0	0	0	0	1098.3529575751	0	0	0	0	0	0	0	0	0	0	0	0	13.0315241305	0	0	761.2486617639	0	0	294.5890071430	0	0	0	0	0	3150.8175919665	0	0	0	0	0	0	0	0	0	0	0	0	0	0	0	0	0	0	0	0	0	0
ARO-PWY: chorismate biosynthesis I|unclassified	0	0	0	0	2043.1436431690	0	235.9468297463	80.7721968801	0	0	0	0	0	0	0	531.1368991559	193.8844005596	0	0	205.6317343764	0	0	0	0	0	1095.0081727930	0	1416.4163831460	0	350.1211426386	134.3176112997	0	8.8393889547	0	0	0	0	406.0753827826	0	0	0	0	396.1773813653	108.9045581514	446.8302222635	0	0	918.4301150950	0	0	2143.3692344259	1177.8481311444	690.5414838441	0	0	646.9890061533	0	0	2434.3627425429	0	0	0	152.0204066359	393.4995340545	164.5392061211	32.7043673821	0	0	0	1199.6067549073	5085.4373668149	0	0	299.2528425520	467.0008657019	0	153.1424898807	0	4732.7438223962	1589.1493263692	0	0	0	2477.7941591406	0	0	2206.3770167340	0	1172.6153789909	0	0	0	0	0	0	0	1098.3529575751	0	0	0	0	0	0	0	0	0	0	0	0	13.0315241305	0	0	761.2486617639	0	0	294.5890071430	0	0	0	0	0	2642.7413254640	0	0	0	0	0	0	0	0	0	0	0	0	0	0	0	0	0	0	0	0	0	0
ASPASN-PWY: superpathway of L-aspartate and L-asparagine biosynthesis	0	0	0	0	1678.6908420044	0	0	557.2662507827	0	0	22.7585197119	109.8540526380	0	0	0	697.0719738589	40.1911542440	0	0	179.0264368546	0	0	0	0	0	1202.8688885650	0	923.8104968602	0	359.7777999815	120.6536349697	0	0	0	0	0	0	421.0752875855	0	174.0010115784	0	0	671.8536459289	539.6362887541	544.0887776680	0	0	1589.3525772632	0	0	2231.5423730731	1654.0612095446	518.5724542599	18.6397819729	0	365.2647646172	0	0	854.2818889908	0	0	0	1122.3245866927	259.3382256623	884.2510398433	27.9048029692	0	0	0	1694.4129942468	3943.7421093534	0	0	113.0598628143	3221.7484743444	0	312.1340559728	0	3662.4838490945	1243.4781456867	0	0	0	1215.0323240666	0	0	892.0728707908	0	349.9730926146	0	0	0	885.3153357592	0	0	0	918.6716780293	0	0	0	0	0	0	0	195.6738911234	0	0	21.2553901065	0	0	53.8472692567	0	136.1888513552	0	0	202.7997775810	0	0	0	0	0	2377.0670218333	0	0	0	0	0	0	0	0	0	0	0	0	0	0	0	0	0	0	0	0	0	0
ASPASN-PWY: superpathway of L-aspartate and L-asparagine biosynthesis|unclassified	0	0	0	0	1678.6908420044	0	0	557.2662507827	0	0	22.7585197119	109.8540526380	0	0	0	697.0719738589	40.1911542440	0	0	179.0264368546	0	0	0	0	0	1202.8688885650	0	660.2937511102	0	359.7777999815	120.6536349697	0	0	0	0	0	0	421.0752875855	0	174.0010115784	0	0	616.2854639481	539.6362887541	544.0887776680	0	0	1589.3525772632	0	0	2231.5423730731	1654.0612095446	518.5724542599	18.6397819729	0	365.2647646172	0	0	854.2818889908	0	0	0	1122.3245866927	259.3382256623	884.2510398433	27.9048029692	0	0	0	1604.7607221779	3943.7421093534	0	0	113.0598628143	3221.7484743444	0	312.1340559728	0	3662.4838490945	1243.4781456867	0	0	0	1215.0323240666	0	0	892.0728707908	0	349.9730926146	0	0	0	472.9311144982	0	0	0	918.6716780293	0	0	0	0	0	0	0	195.6738911234	0	0	21.2553901065	0	0	53.8472692567	0	136.1888513552	0	0	202.7997775810	0	0	0	0	0	2154.2188086784	0	0	0	0	0	0	0	0	0	0	0	0	0	0	0	0	0	0	0	0	0	0
AST-PWY: L-arginine degradation II (AST pathway)	0	0	0	0	0	0	0	0	0	0	0	0	0	0	0	0	0	0	0	0	0	0	0	0	0	0	0	0	0	0	0	0	0	0	0	0	0	0	0	0	0	0	0	0	0	0	0	0	0	0	0	0	0	0	0	0	0	0	0	0	0	0	0	0	0	0	0	0	0	0	0	0	0	0	0	0	0	0	0	0	0	0	0	0	0	0	0	0	0	0	0	0	0	0	0	0	517.0942671025	0	0	0	0	0	0	0	0	0	0	0	0	0	0	0	0	0	0	0	0	0	0	0	0	0	0	0	0	0	0	0	0	0	0	0	0	0	0	0	0	0	0	0	0	0	0	0
AST-PWY: L-arginine degradation II (AST pathway)|unclassified	0	0	0	0	0	0	0	0	0	0	0	0	0	0	0	0	0	0	0	0	0	0	0	0	0	0	0	0	0	0	0	0	0	0	0	0	0	0	0	0	0	0	0	0	0	0	0	0	0	0	0	0	0	0	0	0	0	0	0	0	0	0	0	0	0	0	0	0	0	0	0	0	0	0	0	0	0	0	0	0	0	0	0	0	0	0	0	0	0	0	0	0	0	0	0	0	517.0942671025	0	0	0	0	0	0	0	0	0	0	0	0	0	0	0	0	0	0	0	0	0	0	0	0	0	0	0	0	0	0	0	0	0	0	0	0	0	0	0	0	0	0	0	0	0	0	0
BIOTIN-BIOSYNTHESIS-PWY: biotin biosynthesis I	0	0	0	0	0	0	0	0	0	0	0	0	0	0	0	0	0	0	0	0	0	0	0	0	0	0	0	0	0	0	0	0	0	0	0	0	0	613.8984916871	0	0	0	0	0	0	0	0	0	0	0	0	0	0	0	0	0	0	0	0	0	0	0	0	0	0	123.4691867765	0	0	0	0	321.4867926082	0	0	0	0	854.7575331940	0	0	0	0	0	0	0	0	0	0	0	0	0	0	0	0	0	0	0	0	0	340.3634529838	0	0	0	0	0	0	0	37.0078613080	0	0	0	0	0	0	0	0	0	0	0	0	0	0	0	0	0	0	0	0	0	0	0	0	0	0	0	0	0	0	0	0	0	0	0	0	0	0	0
BIOTIN-BIOSYNTHESIS-PWY: biotin biosynthesis I|unclassified	0	0	0	0	0	0	0	0	0	0	0	0	0	0	0	0	0	0	0	0	0	0	0	0	0	0	0	0	0	0	0	0	0	0	0	0	0	613.8984916871	0	0	0	0	0	0	0	0	0	0	0	0	0	0	0	0	0	0	0	0	0	0	0	0	0	0	123.4691867765	0	0	0	0	308.2944214343	0	0	0	0	854.7575331940	0	0	0	0	0	0	0	0	0	0	0	0	0	0	0	0	0	0	0	0	0	340.3634529838	0	0	0	0	0	0	0	37.0078613080	0	0	0	0	0	0	0	0	0	0	0	0	0	0	0	0	0	0	0	0	0	0	0	0	0	0	0	0	0	0	0	0	0	0	0	0	0	0	0
BRANCHED-CHAIN-AA-SYN-PWY: superpathway of branched chain amino acid biosynthesis	0	0	0	0	1352.6580051788	0	0	46.2396031041	0	0	0	0	0	0	0	905.6706013980	0	0	0	0	0	0	0	0	0	3328.3110782975	0	0	0	0	118.8020159546	0	60.1039172008	0	0	0	0	293.9213661821	0	0	0	0	0	0	0	0	0	0	0	0	358.3928912392	123.3582715948	0	0	0	0	0	0	918.3085602836	0	0	0	0	0	254.2158871759	0	0	0	0	0	3278.4926444131	0	0	0	0	0	0	0	0	0	0	0	0	1490.4955147612	0	0	0	0	0	0	0	0	0	0	0	0	1280.4942116376	0	0	0	0	0	0	0	223.7037026906	0	0	0	0	0	0	0	0	0	0	0	0	0	0	0	0	575.6575252850	0	0	0	0	0	0	0	0	0	0	0	0	0	0	0	0	0	0	0	0	0	0
BRANCHED-CHAIN-AA-SYN-PWY: superpathway of branched chain amino acid biosynthesis|unclassified	0	0	0	0	1352.6580051788	0	0	46.2396031041	0	0	0	0	0	0	0	905.6706013980	0	0	0	0	0	0	0	0	0	3328.3110782975	0	0	0	0	118.8020159546	0	60.1039172008	0	0	0	0	293.9213661821	0	0	0	0	0	0	0	0	0	0	0	0	358.3928912392	123.3582715948	0	0	0	0	0	0	918.3085602836	0	0	0	0	0	254.2158871759	0	0	0	0	0	3278.4926444131	0	0	0	0	0	0	0	0	0	0	0	0	1490.4955147612	0	0	0	0	0	0	0	0	0	0	0	0	1280.4942116376	0	0	0	0	0	0	0	223.7037026906	0	0	0	0	0	0	0	0	0	0	0	0	0	0	0	0	533.6934187027	0	0	0	0	0	0	0	0	0	0	0	0	0	0	0	0	0	0	0	0	0	0
CALVIN-PWY: Calvin-Benson-Bassham cycle	0	25.2397231749	0	0	1255.1854997220	0	0	707.9987956646	0	0	104.3522309848	0	0	0	0	437.5728897798	0	0	0	666.6972344347	0	0	0	0	0	849.8681677592	0	2258.9868859153	0	700.0051050797	416.9883853476	334.6764600627	49.1983472667	0	0	0	0	1055.3594017097	0	0	0	0	452.6206316950	963.0107217313	720.5172416882	0	0	2998.4619042870	0	0	2363.4807518387	2613.3036078521	1996.9611190723	0	0	640.8008898544	0	0	792.9329406380	85.0461499581	0	0	186.8713110334	832.3557671696	875.0176651317	0	0	12.4246790741	0	2625.6248848290	2492.7247541575	0	0	417.1713143646	1625.9887493742	0	184.3356635480	0	8439.7190844160	4173.2389004774	0	0	0	235.1778747592	0	0	0	0	0	0	0	0	0	0	0	0	2412.7749198963	0	0	0	0	0	0	0	645.5731312611	0	0	0	0	0	0	0	1358.3938082068	0	0	668.2925978668	0	0	0	0	0	6964.5731159016	0	0	0	0	0	0	0	0	0	0	0	0	0	0	0	0	0	0	0	0	0	0
CALVIN-PWY: Calvin-Benson-Bassham cycle|g__Porphyromonas.s__Porphyromonas_endodontalis	0	0	0	0	0	0	0	0	0	0	0	0	0	0	0	0	0	0	0	0	0	0	0	0	0	0	0	0	0	0	0	0	0	0	0	0	0	0	0	0	0	0	0	0	0	0	0	0	0	0	0	0	0	0	0	0	0	0	0	0	0	0	0	0	0	0	0	0	0	723.7446426490	0	0	0	0	0	0	0	0	0	0	0	0	0	0	0	0	0	0	0	0	0	0	0	0	0	0	0	0	0	0	0	0	0	0	0	0	0	0	0	0	0	0	0	0	0	0	0	0	0	0	0	0	0	0	0	0	0	0	0	0	0	0	0	0	0	0	0	0	0	0	0	0	0	0
CALVIN-PWY: Calvin-Benson-Bassham cycle|g__Prevotella.s__Prevotella_salivae	0	0	0	0	0	0	0	0	0	0	0	0	0	0	0	0	0	0	0	0	0	0	0	0	0	0	0	0	0	0	0	0	0	0	0	0	0	0	0	0	0	0	0	0	0	0	0	0	0	0	0	0	0	0	0	0	0	0	0	0	0	0	0	0	0	0	0	0	0	0	0	0	0	0	0	0	0	0	0	0	0	0	0	0	0	0	0	0	0	0	0	0	0	0	0	0	0	0	0	0	0	0	0	0	0	0	0	0	0	0	0	0	0	0	0	0	0	0	0	0	0	2719.7248144062	0	0	0	0	0	0	0	0	0	0	0	0	0	0	0	0	0	0	0	0	0	0
CALVIN-PWY: Calvin-Benson-Bassham cycle|unclassified	0	25.2397231749	0	0	1255.1854997220	0	0	707.9987956646	0	0	104.3522309848	0	0	0	0	437.5728897798	0	0	0	666.6972344347	0	0	0	0	0	849.8681677592	0	1724.4453211955	0	700.0051050797	416.9883853476	334.6764600627	49.1983472667	0	0	0	0	1055.3594017097	0	0	0	0	452.6206316950	963.0107217313	720.5172416882	0	0	2998.4619042870	0	0	2363.4807518387	2613.3036078521	1996.9611190723	0	0	640.8008898544	0	0	792.9329406380	85.0461499581	0	0	186.8713110334	775.9458067470	875.0176651317	0	0	12.4246790741	0	1415.6073495687	2492.7247541575	0	0	417.1713143646	1625.9887493742	0	184.3356635480	0	8439.7190844160	4173.2389004774	0	0	0	235.1778747592	0	0	0	0	0	0	0	0	0	0	0	0	2412.7749198963	0	0	0	0	0	0	0	645.5731312611	0	0	0	0	0	0	0	1358.3938082068	0	0	667.4587727499	0	0	0	0	0	3750.7099527522	0	0	0	0	0	0	0	0	0	0	0	0	0	0	0	0	0	0	0	0	0	0
CARNMET-PWY: L-carnitine degradation I	0	0	0	0	0	0	0	0	0	0	0	0	0	0	0	0	0	0	0	0	0	0	0	0	0	0	0	0	0	0	0	0	0	0	0	0	0	0	0	0	0	0	0	0	0	0	0	0	0	0	0	0	0	0	0	0	0	0	0	0	0	0	0	0	0	0	0	0	0	0	0	0	0	0	0	0	0	0	0	0	0	0	0	0	0	0	0	0	0	0	0	0	0	0	0	0	30.5134030093	0	0	0	0	0	0	0	0	0	0	0	0	0	0	0	0	0	0	0	0	0	0	0	0	0	0	0	0	0	0	0	0	0	0	0	0	0	0	0	0	0	0	0	0	0	0	0
CARNMET-PWY: L-carnitine degradation I|unclassified	0	0	0	0	0	0	0	0	0	0	0	0	0	0	0	0	0	0	0	0	0	0	0	0	0	0	0	0	0	0	0	0	0	0	0	0	0	0	0	0	0	0	0	0	0	0	0	0	0	0	0	0	0	0	0	0	0	0	0	0	0	0	0	0	0	0	0	0	0	0	0	0	0	0	0	0	0	0	0	0	0	0	0	0	0	0	0	0	0	0	0	0	0	0	0	0	30.5134030093	0	0	0	0	0	0	0	0	0	0	0	0	0	0	0	0	0	0	0	0	0	0	0	0	0	0	0	0	0	0	0	0	0	0	0	0	0	0	0	0	0	0	0	0	0	0	0
CITRULBIO-PWY: L-citrulline biosynthesis	0	0	0	0	0	0	0	0	0	0	0	0	0	0	0	283.2306077694	0	0	0	0	0	0	0	0	0	0	0	0	0	0	63.0888735612	0	0	0	0	0	0	34.3184340528	0	0	0	0	0	0	0	0	0	0	0	0	0	0	0	0	0	0	0	0	0	0	0	0	0	0	0	0	0	0	0	0	461.4530716732	0	0	0	0	0	0	0	295.4490667141	43.0485481089	0	0	0	0	0	0	387.8631605090	0	0	0	0	0	0	0	0	0	943.1268267173	0	0	0	0	0	0	0	0	0	0	0	0	0	0	0	0	0	0	0	0	0	0	0	0	0	0	0	0	0	0	0	0	0	0	0	0	0	0	0	0	0	0	0	0	0	0	0
CITRULBIO-PWY: L-citrulline biosynthesis|unclassified	0	0	0	0	0	0	0	0	0	0	0	0	0	0	0	283.2306077694	0	0	0	0	0	0	0	0	0	0	0	0	0	0	63.0888735612	0	0	0	0	0	0	34.3184340528	0	0	0	0	0	0	0	0	0	0	0	0	0	0	0	0	0	0	0	0	0	0	0	0	0	0	0	0	0	0	0	0	461.4530716732	0	0	0	0	0	0	0	295.4490667141	43.0485481089	0	0	0	0	0	0	387.8631605090	0	0	0	0	0	0	0	0	0	943.1268267173	0	0	0	0	0	0	0	0	0	0	0	0	0	0	0	0	0	0	0	0	0	0	0	0	0	0	0	0	0	0	0	0	0	0	0	0	0	0	0	0	0	0	0	0	0	0	0
COA-PWY-1: superpathway of coenzyme A biosynthesis III (mammals)	0	0	0	0	485.5850165675	0	0	104.0948010228	0	0	0	0	0	0	0	0	0	0	0	237.3631851264	0	0	0	0	0	1197.6605077387	0	1149.0537561274	0	0	0	0	0	0	0	0	0	64.7404684364	0	114.9447927009	0	0	281.1755616116	58.7408435764	0	0	0	919.0171665216	0	0	1480.8983683554	1423.1540568281	0	0	0	503.4143005203	0	0	561.2233667693	0	0	0	0	485.9227506755	428.3898399911	0	0	0	0	1338.1363667082	2421.8499577345	0	0	453.6801486397	159.0869966832	0	150.9407230187	0	2208.5608105155	0	0	0	0	893.9095306420	0	0	3442.2044303093	0	426.1814694095	0	0	0	145.3010755828	0	0	0	398.3905252007	0	0	0	0	0	0	0	0	0	0	0	0	0	0	0	0	0	0	92.2894205345	0	0	0	0	0	965.6784643915	0	0	0	0	0	0	0	0	0	0	0	0	0	0	0	0	0	0	0	0	0	0
COA-PWY-1: superpathway of coenzyme A biosynthesis III (mammals)|unclassified	0	0	0	0	485.5850165675	0	0	104.0948010228	0	0	0	0	0	0	0	0	0	0	0	237.3631851264	0	0	0	0	0	1197.6605077387	0	1140.8264224114	0	0	0	0	0	0	0	0	0	64.7404684364	0	114.9447927009	0	0	281.1755616116	58.7408435764	0	0	0	919.0171665216	0	0	1480.8983683554	1423.1540568281	0	0	0	471.0914104280	0	0	561.2233667693	0	0	0	0	485.9227506755	428.3898399911	0	0	0	0	1143.3661010732	2421.8499577345	0	0	453.6801486397	159.0869966832	0	150.9407230187	0	2208.5608105155	0	0	0	0	890.7652117774	0	0	3442.2044303093	0	426.1814694095	0	0	0	145.3010755828	0	0	0	398.3905252007	0	0	0	0	0	0	0	0	0	0	0	0	0	0	0	0	0	0	92.2894205345	0	0	0	0	0	896.4718232529	0	0	0	0	0	0	0	0	0	0	0	0	0	0	0	0	0	0	0	0	0	0
COA-PWY: coenzyme A biosynthesis I (prokaryotic)	0	0	0	0	1948.0667104905	0	42.2768841560	286.2918005946	0	0	13.4473845006	0	0	0	0	26.1838898923	0	0	0	492.3724903448	0	0	0	0	0	1140.3010630630	0	4802.7944952940	0	672.9837720054	245.3908834624	215.3464546260	55.8427245649	0	0	0	0	103.4513765444	0	578.6003759951	0	0	685.2730123251	345.8415304296	1461.9990803944	253.6182844887	0	2774.0489794005	0	0	2584.5253576938	3697.1329623230	3770.6636180937	0	0	1362.6185555405	0	0	886.3155073244	75.0914647532	0	0	290.8676103666	560.8270211252	596.1498326272	329.0358531765	0	0	0	3108.0214842513	3936.0334512207	0	0	1164.7874127532	383.3880099315	0	846.5013986956	0	7229.8017501969	4228.7947747052	0	0	0	1550.4580348255	0	0	5704.5426029965	0	943.5953494694	0	0	0	1270.5499895275	0	0	0	344.2925034885	0	0	0	0	0	0	0	0	0	0	0	0	0	0	0	194.6396240618	0	0	911.0795447107	0	0	0	0	0	4920.7100829741	0	0	0	0	0	0	0	0	0	0	0	0	0	0	0	0	0	0	0	0	0	0
COA-PWY: coenzyme A biosynthesis I (prokaryotic)|g__Prevotella.s__Prevotella_salivae	0	0	0	0	0	0	0	0	0	0	0	0	0	0	0	0	0	0	0	0	0	0	0	0	0	0	0	0	0	0	0	0	0	0	0	0	0	0	0	0	0	0	0	0	0	0	0	0	0	0	0	0	0	0	0	0	0	0	0	0	0	0	0	0	0	0	0	0	0	0	0	0	0	0	0	0	0	0	0	0	0	0	0	0	0	0	0	0	0	0	0	0	0	0	0	0	0	0	0	0	0	0	0	0	0	0	0	0	0	0	0	0	0	0	0	0	0	0	0	0	0	1312.8071521738	0	0	0	0	0	0	0	0	0	0	0	0	0	0	0	0	0	0	0	0	0	0
COA-PWY: coenzyme A biosynthesis I (prokaryotic)|unclassified	0	0	0	0	1948.0667104905	0	42.2768841560	286.2918005946	0	0	13.4473845006	0	0	0	0	26.1838898923	0	0	0	492.3724903448	0	0	0	0	0	1140.3010630630	0	4547.9597430435	0	672.9837720054	245.3908834624	215.3464546260	55.8427245649	0	0	0	0	103.4513765444	0	578.6003759951	0	0	685.2730123251	345.8415304296	1461.9990803944	253.6182844887	0	2774.0489794005	0	0	2584.5253576938	3697.1329623230	3770.6636180937	0	0	930.5630370110	0	0	886.3155073244	75.0914647532	0	0	290.8676103666	560.8270211252	596.1498326272	329.0358531765	0	0	0	1769.9363592180	3936.0334512207	0	0	1164.7874127532	383.3880099315	0	846.5013986956	0	7229.8017501969	4228.7947747052	0	0	0	1538.6822802047	0	0	5704.5426029965	0	943.5953494694	0	0	0	1270.5499895275	0	0	0	344.2925034885	0	0	0	0	0	0	0	0	0	0	0	0	0	0	0	194.6396240618	0	0	911.0795447107	0	0	0	0	0	3600.4662567223	0	0	0	0	0	0	0	0	0	0	0	0	0	0	0	0	0	0	0	0	0	0
COBALSYN-PWY: superpathway of adenosylcobalamin salvage from cobinamide I	0	0	0	0	0	0	0	0	0	0	0	0	0	0	0	0	0	0	0	0	0	0	0	0	0	0	0	0	0	0	34.4979140001	0	0	0	0	0	0	0	0	0	0	0	185.9359506992	35.0740121078	0	0	0	63.4913404046	0	0	0	0	0	0	0	0	0	0	0	0	0	0	0	0	0	0	0	0	0	179.3358952328	0	0	0	69.2184293401	0	0	0	0	34.7016675928	53.5687293240	0	0	0	0	0	0	0	0	0	0	0	0	0	0	0	0	496.1396757974	0	0	0	0	0	0	0	0	0	0	0	0	0	0	0	0	0	0	0	0	0	0	0	0	119.3648563844	0	0	0	0	0	0	0	0	0	0	0	0	0	0	0	0	0	0	0	0	0	0
COBALSYN-PWY: superpathway of adenosylcobalamin salvage from cobinamide I|unclassified	0	0	0	0	0	0	0	0	0	0	0	0	0	0	0	0	0	0	0	0	0	0	0	0	0	0	0	0	0	0	34.4979140001	0	0	0	0	0	0	0	0	0	0	0	185.9359506992	35.0740121078	0	0	0	63.4913404046	0	0	0	0	0	0	0	0	0	0	0	0	0	0	0	0	0	0	0	0	0	179.3358952328	0	0	0	69.2184293401	0	0	0	0	34.7016675928	53.5687293240	0	0	0	0	0	0	0	0	0	0	0	0	0	0	0	0	496.1396757974	0	0	0	0	0	0	0	0	0	0	0	0	0	0	0	0	0	0	0	0	0	0	0	0	119.3648563844	0	0	0	0	0	0	0	0	0	0	0	0	0	0	0	0	0	0	0	0	0	0
COLANSYN-PWY: colanic acid building blocks biosynthesis	0	0	0	0	0	0	0	0	0	0	0	0	0	0	0	0	0	0	0	0	0	0	0	0	0	0	0	547.3345047751	0	71.5041024620	53.8113679015	0	0	0	0	0	0	0	0	0	0	0	363.9379230694	0	0	0	0	1113.8997293315	0	0	565.9170988130	324.6278180919	0	0	0	0	0	0	149.6244396447	0	0	0	0	163.0256443648	172.3138138416	105.6400858420	0	0	0	1680.8248491732	567.1418030553	0	0	67.7979669378	0	0	0	0	2102.1803961163	483.3673470273	0	0	0	0	0	0	0	0	0	0	0	0	0	0	0	0	931.3936009053	0	0	0	0	0	0	0	131.2222301130	0	0	0	0	0	0	0	0	0	0	139.7977187231	0	0	0	0	0	1917.9766052421	0	0	0	0	0	0	0	0	0	0	0	0	0	0	0	0	0	0	0	0	0	0
COLANSYN-PWY: colanic acid building blocks biosynthesis|unclassified	0	0	0	0	0	0	0	0	0	0	0	0	0	0	0	0	0	0	0	0	0	0	0	0	0	0	0	524.0633129131	0	71.5041024620	53.8113679015	0	0	0	0	0	0	0	0	0	0	0	363.9379230694	0	0	0	0	1113.8997293315	0	0	565.9170988130	324.6278180919	0	0	0	0	0	0	149.6244396447	0	0	0	0	163.0256443648	172.3138138416	105.6400858420	0	0	0	1267.5187134691	567.1418030553	0	0	67.7979669378	0	0	0	0	2102.1803961163	478.8457324376	0	0	0	0	0	0	0	0	0	0	0	0	0	0	0	0	931.3936009053	0	0	0	0	0	0	0	131.2222301130	0	0	0	0	0	0	0	0	0	0	138.5040285924	0	0	0	0	0	580.7141974929	0	0	0	0	0	0	0	0	0	0	0	0	0	0	0	0	0	0	0	0	0	0
COMPLETE-ARO-PWY: superpathway of aromatic amino acid biosynthesis	0	0	0	0	2005.9188334070	0	0	90.2097213716	0	0	0	0	0	0	0	583.3261827701	184.6199986922	0	0	177.4417463194	0	0	0	0	0	1176.1361936142	0	1488.8162172257	0	349.7202046105	111.6075589566	0	0	0	0	0	0	307.4888540733	0	0	0	0	363.9416825735	0	0	0	0	901.7014848093	0	0	2147.3429770211	1129.8788654164	671.4716722279	0	0	438.5821427320	0	0	2223.0834196984	0	0	0	113.9116835978	381.2477121137	179.4889024562	0	0	0	0	1223.1271029396	5381.4128444670	0	0	262.6803556995	474.4387063601	0	54.0929005347	0	3239.9776161122	475.9585756351	0	0	0	2496.8805675312	0	0	2093.7987819751	0	0	0	0	0	0	0	0	0	993.3219960706	0	0	0	0	0	0	0	0	0	0	0	0	0	0	0	0	0	0	182.8897602399	0	0	0	0	0	2935.8325254439	0	0	0	0	0	0	0	0	0	0	0	0	0	0	0	0	0	0	0	0	0	0
COMPLETE-ARO-PWY: superpathway of aromatic amino acid biosynthesis|unclassified	0	0	0	0	2005.9188334070	0	0	90.2097213716	0	0	0	0	0	0	0	583.3261827701	184.6199986922	0	0	177.4417463194	0	0	0	0	0	1176.1361936142	0	1332.4053143110	0	349.7202046105	111.6075589566	0	0	0	0	0	0	307.4888540733	0	0	0	0	363.9416825735	0	0	0	0	901.7014848093	0	0	2147.3429770211	1106.7049780687	671.4716722279	0	0	438.5821427320	0	0	2223.0834196984	0	0	0	113.9116835978	381.2477121137	179.4889024562	0	0	0	0	1223.1271029396	5381.4128444670	0	0	262.6803556995	474.4387063601	0	53.5214387302	0	3239.9776161122	475.9585756351	0	0	0	2496.8805675312	0	0	2093.7987819751	0	0	0	0	0	0	0	0	0	993.3219960706	0	0	0	0	0	0	0	0	0	0	0	0	0	0	0	0	0	0	182.8897602399	0	0	0	0	0	2386.6134202473	0	0	0	0	0	0	0	0	0	0	0	0	0	0	0	0	0	0	0	0	0	0
DAPLYSINESYN-PWY: L-lysine biosynthesis I	0	0	0	0	0	0	0	0	0	0	0	0	0	0	0	0	0	0	0	0	0	0	0	0	0	0	0	0	0	0	40.1807077745	0	0	0	0	0	0	397.3599892480	0	0	0	0	0	29.5981021738	0	0	0	103.4165360374	0	0	0	0	0	0	0	0	0	0	1563.0249624979	0	0	0	0	205.4837020057	252.3228218549	0	0	0	0	0	178.5269890338	0	0	0	467.6978934395	0	0	0	0	0	0	0	0	0	0	0	0	0	0	0	0	0	0	0	0	0	887.0922835127	0	0	0	0	0	0	0	63.6191041097	0	0	0	0	0	0	0	0	0	0	0	0	0	0	0	0	1102.6593399275	0	0	0	0	0	0	0	0	0	0	0	0	0	0	0	0	0	0	0	0	0	0
DAPLYSINESYN-PWY: L-lysine biosynthesis I|unclassified	0	0	0	0	0	0	0	0	0	0	0	0	0	0	0	0	0	0	0	0	0	0	0	0	0	0	0	0	0	0	40.1807077745	0	0	0	0	0	0	397.3599892480	0	0	0	0	0	29.5981021738	0	0	0	103.1203665893	0	0	0	0	0	0	0	0	0	0	1563.0249624979	0	0	0	0	205.4837020057	252.3228218549	0	0	0	0	0	178.5269890338	0	0	0	467.6978934395	0	0	0	0	0	0	0	0	0	0	0	0	0	0	0	0	0	0	0	0	0	887.0922835127	0	0	0	0	0	0	0	63.6191041097	0	0	0	0	0	0	0	0	0	0	0	0	0	0	0	0	1091.9671560492	0	0	0	0	0	0	0	0	0	0	0	0	0	0	0	0	0	0	0	0	0	0
DARABCATK12-PWY: D-arabinose degradation I	0	0	0	0	0	0	0	0	0	0	0	0	0	0	0	0	0	0	0	0	0	0	0	0	0	0	0	0	0	0	16.1710727663	0	0	0	0	0	0	0	0	0	0	0	0	0	0	0	0	0	0	0	0	0	0	0	0	0	0	0	0	0	0	0	0	0	0	0	0	0	0	0	0	0	0	0	0	0	0	0	0	0	0	0	0	0	0	0	0	0	0	0	0	0	0	0	0	0	199.8975265921	0	0	0	0	0	0	0	7.8233000365	0	0	0	0	0	0	0	0	0	0	0	0	0	0	0	0	0	0	0	0	0	0	0	0	0	0	0	0	0	0	0	0	0	0	0	0	0	0	0
DARABCATK12-PWY: D-arabinose degradation I|unclassified	0	0	0	0	0	0	0	0	0	0	0	0	0	0	0	0	0	0	0	0	0	0	0	0	0	0	0	0	0	0	16.1710727663	0	0	0	0	0	0	0	0	0	0	0	0	0	0	0	0	0	0	0	0	0	0	0	0	0	0	0	0	0	0	0	0	0	0	0	0	0	0	0	0	0	0	0	0	0	0	0	0	0	0	0	0	0	0	0	0	0	0	0	0	0	0	0	0	0	199.8975265921	0	0	0	0	0	0	0	7.8233000365	0	0	0	0	0	0	0	0	0	0	0	0	0	0	0	0	0	0	0	0	0	0	0	0	0	0	0	0	0	0	0	0	0	0	0	0	0	0	0
DENITRIFICATION-PWY: nitrate reduction I (denitrification)	0	0	0	0	0	0	0	0	0	0	0	0	0	0	0	0	0	0	0	0	0	0	0	0	0	0	0	0	0	0	0	0	0	0	0	0	0	0	0	0	0	0	0	0	0	0	0	0	0	0	0	0	0	0	0	0	0	0	0	0	0	0	0	0	0	0	0	0	0	0	0	0	0	0	0	0	0	0	42.7752031142	0	0	0	0	0	0	0	0	0	0	0	0	0	0	0	0	0	0	0	0	0	0	0	0	0	0	0	0	0	0	0	0	0	0	0	0	0	0	0	0	0	0	0	0	0	0	0	0	0	0	0	0	0	0	0	0	0	0	0	0	0	0	0	0	0
DENITRIFICATION-PWY: nitrate reduction I (denitrification)|unclassified	0	0	0	0	0	0	0	0	0	0	0	0	0	0	0	0	0	0	0	0	0	0	0	0	0	0	0	0	0	0	0	0	0	0	0	0	0	0	0	0	0	0	0	0	0	0	0	0	0	0	0	0	0	0	0	0	0	0	0	0	0	0	0	0	0	0	0	0	0	0	0	0	0	0	0	0	0	0	42.7752031142	0	0	0	0	0	0	0	0	0	0	0	0	0	0	0	0	0	0	0	0	0	0	0	0	0	0	0	0	0	0	0	0	0	0	0	0	0	0	0	0	0	0	0	0	0	0	0	0	0	0	0	0	0	0	0	0	0	0	0	0	0	0	0	0	0
DENOVOPURINE2-PWY: superpathway of purine nucleotides de novo biosynthesis II	0	0	0	0	0	0	0	0	0	0	0	0	0	0	0	0	0	0	0	0	0	0	0	0	0	0	0	0	0	0	0	0	0	0	0	0	0	0	0	0	0	0	0	0	0	0	0	0	0	0	0	0	0	0	0	0	0	0	0	0	0	0	0	0	172.6017551193	0	0	0	0	0	0	0	0	0	0	0	0	0	0	0	0	0	0	0	0	0	0	0	0	0	0	0	0	0	0	0	185.3950484817	0	0	0	0	0	0	0	34.2186763311	0	0	0	0	0	0	0	0	0	0	0	0	0	0	0	0	0	0	0	0	0	0	0	0	0	0	0	0	0	0	0	0	0	0	0	0	0	0	0
DENOVOPURINE2-PWY: superpathway of purine nucleotides de novo biosynthesis II|unclassified	0	0	0	0	0	0	0	0	0	0	0	0	0	0	0	0	0	0	0	0	0	0	0	0	0	0	0	0	0	0	0	0	0	0	0	0	0	0	0	0	0	0	0	0	0	0	0	0	0	0	0	0	0	0	0	0	0	0	0	0	0	0	0	0	172.6017551193	0	0	0	0	0	0	0	0	0	0	0	0	0	0	0	0	0	0	0	0	0	0	0	0	0	0	0	0	0	0	0	185.3950484817	0	0	0	0	0	0	0	34.2186763311	0	0	0	0	0	0	0	0	0	0	0	0	0	0	0	0	0	0	0	0	0	0	0	0	0	0	0	0	0	0	0	0	0	0	0	0	0	0	0
DTDPRHAMSYN-PWY: dTDP-&beta;-L-rhamnose biosynthesis	0	0	0	0	1811.2568927642	0	725.9750969136	1556.1395693467	0	0	297.1643754875	0	0	0	0	0	115.6589712327	0	0	289.8310876767	0	0	0	0	0	2956.9449887681	0	3075.3254662549	0	547.8629987492	0	0	0	0	0	0	0	77.6033555117	0	388.1601466214	0	0	210.6775947267	377.6963232015	886.8266438527	0	0	6074.0023848376	0	0	3125.0663933735	3146.8207740760	3128.4116999878	0	0	978.1219304062	131.7130947432	0	25.6893730464	0	84.3348761201	0	0	213.0940187148	318.5073719281	483.0531134312	0	0	0	2494.1893586285	3031.1726017310	0	0	1005.1904006840	0	0	0	0	7158.3967950673	2118.2015763329	0	0	0	1159.4646307581	0	0	3049.2218186307	0	3562.9562977044	0	0	0	1046.7419744948	0	0	0	869.4307056069	0	0	0	0	0	0	0	52.0026438031	0	0	0	0	0	0	0	1180.5694638780	0	0	421.7295730737	0	0	0	0	0	4719.6665039046	0	0	0	0	0	0	0	0	0	0	0	0	0	0	0	0	0	0	0	0	0	0
DTDPRHAMSYN-PWY: dTDP-&beta;-L-rhamnose biosynthesis|unclassified	0	0	0	0	1811.2568927642	0	725.9750969136	1556.1395693467	0	0	297.1643754875	0	0	0	0	0	115.6589712327	0	0	289.8310876767	0	0	0	0	0	2956.9449887681	0	3075.3254662549	0	547.8629987492	0	0	0	0	0	0	0	77.6033555117	0	388.1601466214	0	0	210.6775947267	377.6963232015	886.8266438527	0	0	6074.0023848376	0	0	3125.0663933735	3146.8207740760	3128.4116999878	0	0	978.1219304062	131.7130947432	0	25.6893730464	0	84.3348761201	0	0	213.0940187148	318.5073719281	483.0531134312	0	0	0	2494.1893586285	3031.1726017310	0	0	1005.1904006840	0	0	0	0	7158.3967950673	1949.6401810377	0	0	0	1159.4646307581	0	0	3049.2218186307	0	3562.9562977044	0	0	0	1046.7419744948	0	0	0	869.4307056069	0	0	0	0	0	0	0	52.0026438031	0	0	0	0	0	0	0	1180.5694638780	0	0	421.7295730737	0	0	0	0	0	4719.6665039046	0	0	0	0	0	0	0	0	0	0	0	0	0	0	0	0	0	0	0	0	0	0
ECASYN-PWY: enterobacterial common antigen biosynthesis	0	0	0	0	0	0	0	0	0	0	0	0	0	0	0	0	0	0	0	0	0	0	0	0	0	0	0	0	0	0	0	0	0	0	0	0	0	85.6900489742	0	0	0	0	0	0	0	0	0	0	0	0	0	0	0	0	0	0	0	0	0	0	0	0	0	0	0	0	0	0	0	0	0	0	0	0	0	0	0	0	0	0	0	0	0	0	0	0	0	0	0	0	0	0	0	0	0	0	133.4730428072	0	0	0	0	0	0	0	0	0	0	0	0	0	0	0	0	0	0	0	0	0	0	0	0	0	0	0	0	0	0	0	0	0	0	0	0	0	0	0	0	0	0	0	0	0	0	0
ECASYN-PWY: enterobacterial common antigen biosynthesis|unclassified	0	0	0	0	0	0	0	0	0	0	0	0	0	0	0	0	0	0	0	0	0	0	0	0	0	0	0	0	0	0	0	0	0	0	0	0	0	85.6900489742	0	0	0	0	0	0	0	0	0	0	0	0	0	0	0	0	0	0	0	0	0	0	0	0	0	0	0	0	0	0	0	0	0	0	0	0	0	0	0	0	0	0	0	0	0	0	0	0	0	0	0	0	0	0	0	0	0	0	133.4730428072	0	0	0	0	0	0	0	0	0	0	0	0	0	0	0	0	0	0	0	0	0	0	0	0	0	0	0	0	0	0	0	0	0	0	0	0	0	0	0	0	0	0	0	0	0	0	0
FAO-PWY: fatty acid &beta;-oxidation I (generic)	0	0	0	0	0	0	0	0	0	0	0	0	0	0	0	0	0	0	0	0	0	0	0	0	0	0	0	0	0	0	63.5116365947	0	0	0	0	0	0	372.1813596746	0	0	0	0	0	0	0	0	0	0	0	0	0	0	0	0	0	0	0	0	0	0	0	0	0	0	0	0	0	0	0	0	0	0	0	0	0	0	0	0	0	0	0	0	0	0	0	0	0	0	0	0	0	0	0	0	0	0	1312.0505404054	0	0	0	0	0	0	0	32.4346268427	0	0	0	0	28.7294066655	0	0	0	0	0	0	0	0	0	0	0	0	0	0	0	0	0	0	0	0	0	0	0	0	0	0	0	0	0	0	0	0	0	0
FAO-PWY: fatty acid &beta;-oxidation I (generic)|unclassified	0	0	0	0	0	0	0	0	0	0	0	0	0	0	0	0	0	0	0	0	0	0	0	0	0	0	0	0	0	0	63.5116365947	0	0	0	0	0	0	372.1813596746	0	0	0	0	0	0	0	0	0	0	0	0	0	0	0	0	0	0	0	0	0	0	0	0	0	0	0	0	0	0	0	0	0	0	0	0	0	0	0	0	0	0	0	0	0	0	0	0	0	0	0	0	0	0	0	0	0	0	1312.0505404054	0	0	0	0	0	0	0	32.4346268427	0	0	0	0	28.7294066655	0	0	0	0	0	0	0	0	0	0	0	0	0	0	0	0	0	0	0	0	0	0	0	0	0	0	0	0	0	0	0	0	0	0
FASYN-ELONG-PWY: fatty acid elongation -- saturated	0	0	0	0	2044.4398563716	0	231.7909438457	428.3964816080	0	0	0	0	0	0	0	299.6877745950	0	0	0	509.1740056152	0	0	0	0	0	621.3768477924	0	2048.5679792485	0	233.6914030786	39.1597315805	0	45.1570471113	0	0	0	0	783.6128145584	188.9191358206	305.6251392701	0	0	575.9421694782	798.1852967400	884.0727433447	0	0	2265.1007270068	0	0	1811.3769338154	1734.6598587419	816.5250979816	0	0	726.9316716546	686.1350974354	0	976.2924982619	0	0	0	0	997.2403655050	1293.8990707022	0	0	0	0	1624.2403574434	5737.9573005828	0	0	717.3668151218	1334.6785746428	0	107.4268555707	0	2263.9572868580	2381.8053072972	0	0	0	4531.5744252826	0	0	758.3185019858	0	354.3103167141	0	0	0	167.3218564650	0	0	0	527.2096815031	0	0	0	0	0	0	0	672.9986401101	0	0	0	0	0	0	0	0	0	0	732.9906089110	0	0	0	0	0	5840.0000724281	0	0	0	0	0	0	0	0	0	0	0	0	0	0	0	0	0	0	0	0	0	0
FASYN-ELONG-PWY: fatty acid elongation -- saturated|unclassified	0	0	0	0	2044.4398563716	0	227.2615427149	428.3964816080	0	0	0	0	0	0	0	299.6877745950	0	0	0	509.1740056152	0	0	0	0	0	621.3768477924	0	2048.5679792485	0	233.6914030786	39.1597315805	0	45.1570471113	0	0	0	0	783.6128145584	188.9191358206	305.6251392701	0	0	575.9421694782	798.1852967400	884.0727433447	0	0	2265.1007270068	0	0	1811.3769338154	1734.6598587419	816.5250979816	0	0	726.9316716546	686.1350974354	0	976.2924982619	0	0	0	0	997.2403655050	1293.8990707022	0	0	0	0	1178.4031569920	5737.9573005828	0	0	717.3668151218	1334.6785746428	0	107.4268555707	0	2263.9572868580	2176.5619345603	0	0	0	1601.6859810430	0	0	758.3185019858	0	354.3103167141	0	0	0	167.3218564650	0	0	0	527.2096815031	0	0	0	0	0	0	0	672.9986401101	0	0	0	0	0	0	0	0	0	0	732.9906089110	0	0	0	0	0	2866.8375903981	0	0	0	0	0	0	0	0	0	0	0	0	0	0	0	0	0	0	0	0	0	0
FERMENTATION-PWY: mixed acid fermentation	0	0	0	0	275.0627459542	0	0	0	0	0	298.4803745358	0	0	0	0	650.7850743587	0	0	0	0	0	0	0	0	0	0	0	0	0	0	286.7562793028	0	0	0	0	0	0	922.1858768869	0	0	0	0	0	636.7460643704	0	0	0	841.1867611415	0	0	0	1494.3120461219	1322.3308755451	0	0	0	0	0	0	0	0	0	2735.8182342575	0	543.8277406973	0	0	0	0	0	0	0	0	0	3179.6451902946	0	139.4041539395	0	522.7272565175	0	0	0	0	0	0	0	0	0	0	0	0	0	445.2128055349	0	0	0	1028.9261016843	0	0	0	0	0	0	0	829.8364724666	0	0	0	0	0	0	0	0	0	0	0	0	0	0	0	0	0	0	0	0	0	0	0	0	0	0	0	0	0	0	0	0	0	0	0	0	0	0	0
FERMENTATION-PWY: mixed acid fermentation|unclassified	0	0	0	0	275.0627459542	0	0	0	0	0	298.4803745358	0	0	0	0	650.7850743587	0	0	0	0	0	0	0	0	0	0	0	0	0	0	270.7378897524	0	0	0	0	0	0	922.1858768869	0	0	0	0	0	636.7460643704	0	0	0	841.1867611415	0	0	0	1494.3120461219	1322.3308755451	0	0	0	0	0	0	0	0	0	2735.8182342575	0	543.8277406973	0	0	0	0	0	0	0	0	0	3179.6451902946	0	139.4041539395	0	522.7272565175	0	0	0	0	0	0	0	0	0	0	0	0	0	445.2128055349	0	0	0	1028.9261016843	0	0	0	0	0	0	0	829.8364724666	0	0	0	0	0	0	0	0	0	0	0	0	0	0	0	0	0	0	0	0	0	0	0	0	0	0	0	0	0	0	0	0	0	0	0	0	0	0	0
FOLSYN-PWY: superpathway of tetrahydrofolate biosynthesis and salvage	0	0	0	0	357.9973843565	0	0	0	0	0	0	0	0	0	0	0	0	0	0	0	0	0	0	0	0	543.8018233801	0	0	0	0	0	0	0	0	0	0	0	0	0	0	0	0	0	0	0	0	0	0	0	0	642.3852676517	0	0	0	0	0	0	0	397.7236910409	0	0	0	0	0	0	0	0	0	0	0	647.8614582826	0	0	0	0	0	0	0	0	0	0	0	0	762.1577913127	0	0	0	0	0	0	0	0	0	0	0	0	252.5947533809	0	0	0	0	0	0	0	0	0	0	0	0	0	0	0	0	0	0	0	0	0	0	0	0	0	0	0	0	0	0	0	0	0	0	0	0	0	0	0	0	0	0	0	0	0	0	0
FOLSYN-PWY: superpathway of tetrahydrofolate biosynthesis and salvage|unclassified	0	0	0	0	357.9973843565	0	0	0	0	0	0	0	0	0	0	0	0	0	0	0	0	0	0	0	0	543.8018233801	0	0	0	0	0	0	0	0	0	0	0	0	0	0	0	0	0	0	0	0	0	0	0	0	642.3852676517	0	0	0	0	0	0	0	397.7236910409	0	0	0	0	0	0	0	0	0	0	0	647.8614582826	0	0	0	0	0	0	0	0	0	0	0	0	762.1577913127	0	0	0	0	0	0	0	0	0	0	0	0	252.5947533809	0	0	0	0	0	0	0	0	0	0	0	0	0	0	0	0	0	0	0	0	0	0	0	0	0	0	0	0	0	0	0	0	0	0	0	0	0	0	0	0	0	0	0	0	0	0	0
FUC-RHAMCAT-PWY: superpathway of fucose and rhamnose degradation	0	0	0	0	0	0	0	0	0	0	0	0	0	0	0	0	0	0	0	0	0	0	0	0	0	0	0	0	0	0	39.9726279031	0	0	0	0	0	0	0	0	0	0	0	0	0	0	0	0	0	0	0	0	0	0	0	0	0	0	0	0	0	0	0	0	0	0	0	0	0	0	0	0	0	0	0	0	0	0	0	0	0	0	0	0	0	0	0	0	0	0	0	0	0	0	0	0	0	773.7437737876	0	0	0	0	0	0	0	0	0	0	0	0	0	0	0	0	0	0	0	0	0	0	0	0	0	0	0	0	0	0	0	0	0	0	0	0	0	0	0	0	0	0	0	0	0	0	0
FUC-RHAMCAT-PWY: superpathway of fucose and rhamnose degradation|unclassified	0	0	0	0	0	0	0	0	0	0	0	0	0	0	0	0	0	0	0	0	0	0	0	0	0	0	0	0	0	0	39.9726279031	0	0	0	0	0	0	0	0	0	0	0	0	0	0	0	0	0	0	0	0	0	0	0	0	0	0	0	0	0	0	0	0	0	0	0	0	0	0	0	0	0	0	0	0	0	0	0	0	0	0	0	0	0	0	0	0	0	0	0	0	0	0	0	0	0	773.7437737876	0	0	0	0	0	0	0	0	0	0	0	0	0	0	0	0	0	0	0	0	0	0	0	0	0	0	0	0	0	0	0	0	0	0	0	0	0	0	0	0	0	0	0	0	0	0	0
FUCCAT-PWY: fucose degradation	0	0	0	0	0	0	0	0	0	0	108.0680799516	0	0	0	0	132.6389982601	0	0	0	0	0	0	0	0	0	0	0	0	0	0	74.0941184068	0	57.0630356137	0	0	0	0	546.6345409505	0	0	0	0	0	280.0371465161	0	0	0	0	0	0	0	0	0	0	0	0	0	0	0	0	0	0	913.7202993096	0	299.9847231547	0	0	0	0	0	0	0	0	0	254.5823526046	0	0	0	56.8104803866	0	0	0	0	0	0	0	0	0	0	0	0	0	0	0	0	0	790.3529913808	0	0	0	0	0	0	0	28.1354153833	0	0	0	0	0	0	0	0	0	0	0	0	0	0	0	0	0	0	0	0	0	0	0	0	0	0	0	0	0	0	0	0	0	0	0	0	0	0	0
FUCCAT-PWY: fucose degradation|unclassified	0	0	0	0	0	0	0	0	0	0	108.0680799516	0	0	0	0	132.6389982601	0	0	0	0	0	0	0	0	0	0	0	0	0	0	74.0941184068	0	57.0630356137	0	0	0	0	546.6345409505	0	0	0	0	0	280.0371465161	0	0	0	0	0	0	0	0	0	0	0	0	0	0	0	0	0	0	913.7202993096	0	299.9847231547	0	0	0	0	0	0	0	0	0	254.5823526046	0	0	0	56.8104803866	0	0	0	0	0	0	0	0	0	0	0	0	0	0	0	0	0	790.3529913808	0	0	0	0	0	0	0	28.1354153833	0	0	0	0	0	0	0	0	0	0	0	0	0	0	0	0	0	0	0	0	0	0	0	0	0	0	0	0	0	0	0	0	0	0	0	0	0	0	0
GALACT-GLUCUROCAT-PWY: superpathway of hexuronide and hexuronate degradation	0	0	0	0	0	0	0	0	0	0	0	0	0	0	0	0	0	0	0	0	0	0	0	0	0	0	0	0	0	0	19.3170901496	0	0	0	0	0	0	0	0	0	0	0	0	0	0	0	0	0	0	0	0	0	0	0	0	0	0	0	0	0	0	0	0	0	0	0	0	0	0	0	0	0	0	0	0	0	0	0	0	0	0	0	0	0	0	0	0	0	0	0	0	0	0	0	0	0	376.8682294848	0	0	0	0	0	0	0	0	0	0	0	0	0	0	0	0	0	0	0	0	0	0	0	0	0	0	0	0	0	0	0	0	0	0	0	0	0	0	0	0	0	0	0	0	0	0	0
GALACT-GLUCUROCAT-PWY: superpathway of hexuronide and hexuronate degradation|unclassified	0	0	0	0	0	0	0	0	0	0	0	0	0	0	0	0	0	0	0	0	0	0	0	0	0	0	0	0	0	0	19.3170901496	0	0	0	0	0	0	0	0	0	0	0	0	0	0	0	0	0	0	0	0	0	0	0	0	0	0	0	0	0	0	0	0	0	0	0	0	0	0	0	0	0	0	0	0	0	0	0	0	0	0	0	0	0	0	0	0	0	0	0	0	0	0	0	0	0	376.8682294848	0	0	0	0	0	0	0	0	0	0	0	0	0	0	0	0	0	0	0	0	0	0	0	0	0	0	0	0	0	0	0	0	0	0	0	0	0	0	0	0	0	0	0	0	0	0	0
GALACTARDEG-PWY: D-galactarate degradation I	0	0	0	0	0	0	0	0	0	0	0	0	0	0	0	0	0	0	0	0	0	0	0	0	0	0	0	0	0	0	70.8309269042	0	0	0	0	0	0	0	0	0	0	0	0	0	0	0	0	0	0	0	0	0	0	0	0	0	0	0	0	0	0	0	0	0	0	0	0	0	0	0	0	0	0	0	0	0	0	0	0	0	0	0	0	0	0	0	0	0	0	0	0	0	0	0	0	0	1533.2163461253	0	0	0	0	0	0	0	53.6642896315	0	0	0	0	0	0	0	0	0	0	0	0	0	0	0	0	0	0	0	0	0	0	0	0	0	0	0	0	0	0	0	0	0	0	0	0	0	0	0
GALACTARDEG-PWY: D-galactarate degradation I|unclassified	0	0	0	0	0	0	0	0	0	0	0	0	0	0	0	0	0	0	0	0	0	0	0	0	0	0	0	0	0	0	70.8309269042	0	0	0	0	0	0	0	0	0	0	0	0	0	0	0	0	0	0	0	0	0	0	0	0	0	0	0	0	0	0	0	0	0	0	0	0	0	0	0	0	0	0	0	0	0	0	0	0	0	0	0	0	0	0	0	0	0	0	0	0	0	0	0	0	0	1533.2163461253	0	0	0	0	0	0	0	53.6642896315	0	0	0	0	0	0	0	0	0	0	0	0	0	0	0	0	0	0	0	0	0	0	0	0	0	0	0	0	0	0	0	0	0	0	0	0	0	0	0
GALACTITOLCAT-PWY: galactitol degradation	0	0	0	0	0	0	0	0	0	0	0	0	0	0	0	0	0	0	0	0	0	0	0	0	0	0	0	0	0	0	10.4243948200	0	0	0	0	0	0	0	0	0	0	0	0	0	0	0	0	0	0	0	0	0	0	0	0	0	0	0	0	0	0	0	0	0	0	0	0	0	0	0	0	0	0	0	0	0	0	0	0	0	0	0	0	0	0	0	0	0	0	0	0	0	0	0	0	0	1407.2790605717	0	0	0	0	0	0	0	0	0	0	0	0	0	0	0	0	0	0	0	0	0	0	0	0	0	0	0	0	0	0	0	0	0	0	0	0	0	0	0	0	0	0	0	0	0	0	0
GALACTITOLCAT-PWY: galactitol degradation|unclassified	0	0	0	0	0	0	0	0	0	0	0	0	0	0	0	0	0	0	0	0	0	0	0	0	0	0	0	0	0	0	10.4243948200	0	0	0	0	0	0	0	0	0	0	0	0	0	0	0	0	0	0	0	0	0	0	0	0	0	0	0	0	0	0	0	0	0	0	0	0	0	0	0	0	0	0	0	0	0	0	0	0	0	0	0	0	0	0	0	0	0	0	0	0	0	0	0	0	0	1407.2790605717	0	0	0	0	0	0	0	0	0	0	0	0	0	0	0	0	0	0	0	0	0	0	0	0	0	0	0	0	0	0	0	0	0	0	0	0	0	0	0	0	0	0	0	0	0	0	0
GALACTUROCAT-PWY: D-galacturonate degradation I	0	0	0	0	0	0	0	0	0	0	0	0	0	0	0	0	0	0	0	0	0	0	0	0	0	0	0	0	0	0	15.2105969916	0	0	0	0	0	0	0	0	0	0	0	0	0	0	0	0	0	0	0	0	0	0	0	0	0	0	0	0	0	0	0	0	0	0	0	0	0	0	0	0	0	0	0	0	0	0	0	0	438.3867677127	0	0	0	0	0	0	0	0	0	0	0	0	0	0	0	0	457.6538041468	0	0	0	0	0	0	0	27.0891190556	0	0	0	0	0	0	0	0	0	0	0	0	0	0	0	0	529.4088829230	0	0	0	0	0	0	0	0	0	0	0	0	0	0	0	0	0	0	0	0	0	0
GALACTUROCAT-PWY: D-galacturonate degradation I|unclassified	0	0	0	0	0	0	0	0	0	0	0	0	0	0	0	0	0	0	0	0	0	0	0	0	0	0	0	0	0	0	15.2105969916	0	0	0	0	0	0	0	0	0	0	0	0	0	0	0	0	0	0	0	0	0	0	0	0	0	0	0	0	0	0	0	0	0	0	0	0	0	0	0	0	0	0	0	0	0	0	0	0	438.3867677127	0	0	0	0	0	0	0	0	0	0	0	0	0	0	0	0	457.6538041468	0	0	0	0	0	0	0	27.0891190556	0	0	0	0	0	0	0	0	0	0	0	0	0	0	0	0	0	0	0	0	0	0	0	0	0	0	0	0	0	0	0	0	0	0	0	0	0	0	0
GLCMANNANAUT-PWY: superpathway of N-acetylglucosamine, N-acetylmannosamine and N-acetylneuraminate degradation	0	0	0	0	73.6449241788	0	0	0	0	0	464.0510298779	0	0	0	0	1074.1308270392	0	0	0	0	0	0	0	0	0	907.0632274156	0	35.0245169986	0	30.4353576739	60.1303052384	0	0	0	0	0	0	343.2782918639	0	0	0	0	0	0	0	0	0	205.4420860983	0	0	58.3312698379	0	0	0	0	162.2467909042	0	0	135.0866435641	0	0	0	0	0	724.0108231154	61.0120157533	0	0	0	357.3105385508	357.2012812515	0	0	0	1785.6511678405	0	0	0	439.4116177958	552.5667157847	0	0	0	621.0565161019	0	0	138.5787564107	0	86.3896365134	0	0	0	470.8275809023	0	0	0	714.6333792943	0	0	0	0	0	0	0	24.9450901507	0	0	0	0	0	0	0	0	0	0	0	0	0	0	0	0	618.1574679648	0	0	0	0	0	0	0	0	0	0	0	0	0	0	0	0	0	0	0	0	0	0
GLCMANNANAUT-PWY: superpathway of N-acetylglucosamine, N-acetylmannosamine and N-acetylneuraminate degradation|unclassified	0	0	0	0	73.6449241788	0	0	0	0	0	464.0510298779	0	0	0	0	1074.1308270392	0	0	0	0	0	0	0	0	0	907.0632274156	0	34.9911000084	0	30.4353576739	60.1303052384	0	0	0	0	0	0	343.2782918639	0	0	0	0	0	0	0	0	0	205.4420860983	0	0	58.3312698379	0	0	0	0	162.2467909042	0	0	135.0866435641	0	0	0	0	0	724.0108231154	61.0120157533	0	0	0	352.7637229406	357.2012812515	0	0	0	1785.6511678405	0	0	0	439.4116177958	537.1649712059	0	0	0	621.0565161019	0	0	138.5787564107	0	86.3896365134	0	0	0	470.8275809023	0	0	0	714.6333792943	0	0	0	0	0	0	0	24.9450901507	0	0	0	0	0	0	0	0	0	0	0	0	0	0	0	0	594.5334075404	0	0	0	0	0	0	0	0	0	0	0	0	0	0	0	0	0	0	0	0	0	0
GLUCARDEG-PWY: D-glucarate degradation I	0	0	0	0	0	0	0	0	0	0	0	0	0	0	0	0	0	0	0	0	0	0	0	0	0	0	0	0	0	0	67.8479707960	0	0	0	0	0	0	0	0	0	0	0	0	0	0	0	0	0	0	0	0	0	0	0	0	0	0	0	0	0	0	0	0	0	0	0	0	0	0	0	0	0	0	0	0	0	0	0	0	0	0	0	0	0	0	0	0	0	0	0	0	0	0	0	0	0	1469.5264518873	0	0	0	0	0	0	0	50.5395293317	0	0	0	0	0	0	0	0	0	0	0	0	0	0	0	0	0	0	0	0	0	0	0	0	0	0	0	0	0	0	0	0	0	0	0	0	0	0	0
GLUCARDEG-PWY: D-glucarate degradation I|unclassified	0	0	0	0	0	0	0	0	0	0	0	0	0	0	0	0	0	0	0	0	0	0	0	0	0	0	0	0	0	0	67.8479707960	0	0	0	0	0	0	0	0	0	0	0	0	0	0	0	0	0	0	0	0	0	0	0	0	0	0	0	0	0	0	0	0	0	0	0	0	0	0	0	0	0	0	0	0	0	0	0	0	0	0	0	0	0	0	0	0	0	0	0	0	0	0	0	0	0	1469.5264518873	0	0	0	0	0	0	0	50.5395293317	0	0	0	0	0	0	0	0	0	0	0	0	0	0	0	0	0	0	0	0	0	0	0	0	0	0	0	0	0	0	0	0	0	0	0	0	0	0	0
GLUCARGALACTSUPER-PWY: superpathway of D-glucarate and D-galactarate degradation	0	0	0	0	0	0	0	0	0	0	0	0	0	0	0	0	0	0	0	0	0	0	0	0	0	0	0	0	0	0	70.8309269042	0	0	0	0	0	0	0	0	0	0	0	0	0	0	0	0	0	0	0	0	0	0	0	0	0	0	0	0	0	0	0	0	0	0	0	0	0	0	0	0	0	0	0	0	0	0	0	0	0	0	0	0	0	0	0	0	0	0	0	0	0	0	0	0	0	1533.2163461253	0	0	0	0	0	0	0	53.6642896315	0	0	0	0	0	0	0	0	0	0	0	0	0	0	0	0	0	0	0	0	0	0	0	0	0	0	0	0	0	0	0	0	0	0	0	0	0	0	0
GLUCARGALACTSUPER-PWY: superpathway of D-glucarate and D-galactarate degradation|unclassified	0	0	0	0	0	0	0	0	0	0	0	0	0	0	0	0	0	0	0	0	0	0	0	0	0	0	0	0	0	0	70.8309269042	0	0	0	0	0	0	0	0	0	0	0	0	0	0	0	0	0	0	0	0	0	0	0	0	0	0	0	0	0	0	0	0	0	0	0	0	0	0	0	0	0	0	0	0	0	0	0	0	0	0	0	0	0	0	0	0	0	0	0	0	0	0	0	0	0	1533.2163461253	0	0	0	0	0	0	0	53.6642896315	0	0	0	0	0	0	0	0	0	0	0	0	0	0	0	0	0	0	0	0	0	0	0	0	0	0	0	0	0	0	0	0	0	0	0	0	0	0	0
GLUCONEO-PWY: gluconeogenesis I	0	0	0	0	1118.1623748305	0	0	0	0	0	286.2955150814	0	0	0	0	1071.5435980083	247.0294562029	0	0	1293.2443770286	0	0	0	0	0	429.0238331409	33.3651183263	8763.4754656735	0	1386.1702492622	198.6270371667	305.9760788600	0	0	0	0	0	928.0582411203	0	0	0	0	2232.6992900987	1385.2592937755	1827.3960569834	0	0	2247.5491106156	0	0	2814.6683413140	3246.4779808865	2955.0284177182	0	0	4082.3934897332	1331.0918232223	0	173.6894071354	193.4061004011	0	0	3511.8577887513	435.2283374019	2119.3079983147	665.8031828892	0	0	0	3886.4535997475	1079.1340010078	0	0	0	6090.2000280851	0	411.0219286313	0	10200.4504183102	3774.5914522492	0	0	0	0	0	0	0	0	2208.1148122680	0	0	0	1662.3469681718	0	0	0	921.1402197435	0	0	0	0	0	0	0	147.4242988574	0	0	0	0	0	0	0	2683.8649326419	0	0	1184.0675051780	0	0	0	0	0	5891.3335580472	0	0	0	0	0	0	0	0	0	0	0	0	0	0	0	0	0	0	0	0	0	0
GLUCONEO-PWY: gluconeogenesis I|unclassified	0	0	0	0	1118.1623748305	0	0	0	0	0	286.2955150814	0	0	0	0	1071.5435980083	247.0294562029	0	0	1293.2443770286	0	0	0	0	0	428.4017859098	33.3651183263	8763.4754656735	0	1386.1702492622	198.6270371667	305.9760788600	0	0	0	0	0	928.0582411203	0	0	0	0	2230.6633368515	1385.2592937755	1827.3960569834	0	0	2247.5491106156	0	0	2794.6662394133	3246.4779808865	2955.0284177182	0	0	4082.3934897332	1331.0918232223	0	173.6894071354	193.4061004011	0	0	3511.8577887513	431.1311859020	2119.3079983147	665.8031828892	0	0	0	3609.7734149839	1079.1340010078	0	0	0	6090.2000280851	0	411.0219286313	0	10200.4504183102	3423.0517131168	0	0	0	0	0	0	0	0	2208.1148122680	0	0	0	1662.3469681718	0	0	0	921.1402197435	0	0	0	0	0	0	0	147.4242988574	0	0	0	0	0	0	0	2683.8649326419	0	0	976.6350202770	0	0	0	0	0	3560.9149052661	0	0	0	0	0	0	0	0	0	0	0	0	0	0	0	0	0	0	0	0	0	0
GLUCOSE1PMETAB-PWY: glucose and glucose-1-phosphate degradation	0	0	0	0	0	0	0	0	0	0	0	0	0	0	0	0	0	0	0	0	0	0	0	0	0	0	0	0	0	0	66.1826620266	0	0	0	0	0	0	0	0	0	0	0	0	443.4034527345	0	0	0	0	0	0	0	0	0	0	0	0	0	0	0	0	0	0	0	0	0	0	0	0	0	1399.8941267866	0	0	0	0	0	0	0	0	0	0	0	0	0	0	0	0	0	0	0	0	0	0	0	0	0	0	1473.4661864563	0	0	0	0	0	0	0	1742.2757859412	0	0	0	0	0	0	0	0	0	0	0	0	0	0	0	0	0	0	0	0	0	0	0	0	0	0	0	0	0	0	0	0	0	0	0	0	0	0	0
GLUCOSE1PMETAB-PWY: glucose and glucose-1-phosphate degradation|unclassified	0	0	0	0	0	0	0	0	0	0	0	0	0	0	0	0	0	0	0	0	0	0	0	0	0	0	0	0	0	0	66.1826620266	0	0	0	0	0	0	0	0	0	0	0	0	443.4034527345	0	0	0	0	0	0	0	0	0	0	0	0	0	0	0	0	0	0	0	0	0	0	0	0	0	1399.8941267866	0	0	0	0	0	0	0	0	0	0	0	0	0	0	0	0	0	0	0	0	0	0	0	0	0	0	1473.4661864563	0	0	0	0	0	0	0	1742.2757859412	0	0	0	0	0	0	0	0	0	0	0	0	0	0	0	0	0	0	0	0	0	0	0	0	0	0	0	0	0	0	0	0	0	0	0	0	0	0	0
GLUCUROCAT-PWY: superpathway of &beta;-D-glucuronosides degradation	0	0	0	0	0	0	0	0	0	0	0	0	0	0	0	0	0	0	0	0	0	0	0	0	0	0	0	0	0	0	22.5091251892	0	0	0	0	0	0	0	0	0	0	0	0	0	0	0	0	0	0	0	0	0	0	0	0	0	0	0	0	0	0	0	0	0	0	0	0	0	0	0	0	0	0	0	0	0	0	0	0	160.7634083904	0	0	0	0	0	0	0	0	0	0	0	0	0	0	0	0	575.1043947193	0	0	0	0	0	0	0	20.8827414672	0	0	0	0	0	0	0	0	0	0	0	0	0	0	0	0	408.7806359463	0	0	0	0	0	0	0	0	0	0	0	0	0	0	0	0	0	0	0	0	0	0
GLUCUROCAT-PWY: superpathway of &beta;-D-glucuronosides degradation|unclassified	0	0	0	0	0	0	0	0	0	0	0	0	0	0	0	0	0	0	0	0	0	0	0	0	0	0	0	0	0	0	22.5091251892	0	0	0	0	0	0	0	0	0	0	0	0	0	0	0	0	0	0	0	0	0	0	0	0	0	0	0	0	0	0	0	0	0	0	0	0	0	0	0	0	0	0	0	0	0	0	0	0	160.7634083904	0	0	0	0	0	0	0	0	0	0	0	0	0	0	0	0	575.1043947193	0	0	0	0	0	0	0	20.8827414672	0	0	0	0	0	0	0	0	0	0	0	0	0	0	0	0	0	0	0	0	0	0	0	0	0	0	0	0	0	0	0	0	0	0	0	0	0	0	0
GLUTORN-PWY: L-ornithine biosynthesis I	0	0	0	0	0	0	0	0	0	0	0	0	0	0	0	0	0	0	0	0	0	0	0	0	0	0	0	0	0	0	44.6407889463	0	0	0	0	0	0	317.6691276819	0	0	0	0	0	13.8273496839	0	0	0	0	0	0	0	0	0	0	0	0	0	0	0	0	0	0	0	0	0	0	0	0	0	0	0	0	0	0	0	0	0	0	0	0	0	0	0	0	0	0	0	0	0	0	0	0	0	0	0	0	1184.9149068498	0	0	0	0	0	0	0	77.0165171195	0	0	0	0	0	0	0	0	0	0	0	0	0	0	0	0	0	0	0	0	0	0	0	0	0	0	0	0	0	0	0	0	0	0	0	0	0	0	0
GLUTORN-PWY: L-ornithine biosynthesis I|unclassified	0	0	0	0	0	0	0	0	0	0	0	0	0	0	0	0	0	0	0	0	0	0	0	0	0	0	0	0	0	0	44.6407889463	0	0	0	0	0	0	317.6691276819	0	0	0	0	0	13.8273496839	0	0	0	0	0	0	0	0	0	0	0	0	0	0	0	0	0	0	0	0	0	0	0	0	0	0	0	0	0	0	0	0	0	0	0	0	0	0	0	0	0	0	0	0	0	0	0	0	0	0	0	0	1184.9149068498	0	0	0	0	0	0	0	77.0165171195	0	0	0	0	0	0	0	0	0	0	0	0	0	0	0	0	0	0	0	0	0	0	0	0	0	0	0	0	0	0	0	0	0	0	0	0	0	0	0
GLYCOCAT-PWY: glycogen degradation I	0	0	0	0	647.7476526343	0	0	0	0	0	0	0	0	0	0	0	0	0	0	0	0	0	0	0	0	167.4944339863	0	0	0	165.6375358050	45.8087684864	0	0	0	0	0	0	0	0	0	0	0	0	0	0	0	0	1513.2016139015	0	0	217.6993446887	363.9479897235	0	0	0	0	0	0	0	0	0	0	0	0	0	59.9585095394	0	0	0	370.0669436696	0	0	0	0	0	0	0	0	109.0459241864	0	0	0	0	1056.6036273323	0	0	0	0	48.4852354425	0	0	0	0	0	0	0	422.7317555987	0	0	0	0	0	0	0	73.2411008119	0	0	0	0	0	0	0	67.6846709695	0	0	0	0	0	0	0	0	535.5706842112	0	0	0	0	0	0	0	0	0	0	0	0	0	0	0	0	0	0	0	0	0	0
GLYCOCAT-PWY: glycogen degradation I|unclassified	0	0	0	0	642.3576287971	0	0	0	0	0	0	0	0	0	0	0	0	0	0	0	0	0	0	0	0	167.4944339863	0	0	0	165.6375358050	45.8087684864	0	0	0	0	0	0	0	0	0	0	0	0	0	0	0	0	1513.2016139015	0	0	217.5601290350	336.6473246600	0	0	0	0	0	0	0	0	0	0	0	0	0	59.9585095394	0	0	0	352.3143383114	0	0	0	0	0	0	0	0	108.6394030824	0	0	0	0	1056.6036273323	0	0	0	0	48.4852354425	0	0	0	0	0	0	0	422.7317555987	0	0	0	0	0	0	0	73.2411008119	0	0	0	0	0	0	0	67.6846709695	0	0	0	0	0	0	0	0	532.5867372250	0	0	0	0	0	0	0	0	0	0	0	0	0	0	0	0	0	0	0	0	0	0
GLYCOGENSYNTH-PWY: glycogen biosynthesis I (from ADP-D-Glucose)	0	0	0	0	718.3081862315	0	290.1860068742	109.3698405927	0	0	0	0	0	0	0	24.5510423274	0	0	0	200.3852289022	0	0	0	0	0	1471.0444721129	0	886.5437165703	0	121.5512758639	124.8213255515	0	58.3190197749	0	0	0	0	254.1359761692	0	452.2513091659	0	0	343.6756805320	185.7841131669	80.7129782587	0	0	1112.6220261911	0	0	1061.9082969520	698.8456001410	158.5158277464	0	0	422.1307062627	0	0	893.9326285290	0	0	0	0	180.3718976823	432.5896609390	133.7854951917	0	36.3727913987	0	1078.0625957690	6009.8885121050	0	0	172.8098168723	42.8103470951	0	30.8539491797	0	1896.0400973765	484.0195444801	0	0	0	2948.7451620176	0	0	1066.9224799553	0	747.4558856130	0	0	0	179.1282722999	0	0	0	1513.9036550799	0	0	0	0	0	0	0	557.7785525740	0	0	0	0	0	0	0	357.2281520770	0	0	0	0	0	0	0	0	1467.0302777455	0	0	0	0	0	0	0	0	0	0	0	0	0	0	0	0	0	0	0	0	0	0
GLYCOGENSYNTH-PWY: glycogen biosynthesis I (from ADP-D-Glucose)|unclassified	0	0	0	0	718.3081862315	0	290.1860068742	109.3698405927	0	0	0	0	0	0	0	24.5510423274	0	0	0	200.3852289022	0	0	0	0	0	1471.0444721129	0	886.5437165703	0	121.5512758639	124.8213255515	0	58.3190197749	0	0	0	0	254.1359761692	0	452.2513091659	0	0	343.6756805320	185.7841131669	80.7129782587	0	0	1112.6220261911	0	0	1061.9082969520	698.8456001410	158.5158277464	0	0	422.1307062627	0	0	893.9326285290	0	0	0	0	180.3718976823	432.5896609390	133.7854951917	0	36.3727913987	0	1078.0625957690	6009.8885121050	0	0	172.8098168723	42.8103470951	0	30.8539491797	0	1896.0400973765	484.0195444801	0	0	0	2948.7451620176	0	0	1066.9224799553	0	747.4558856130	0	0	0	179.1282722999	0	0	0	1513.9036550799	0	0	0	0	0	0	0	557.7785525740	0	0	0	0	0	0	0	357.2281520770	0	0	0	0	0	0	0	0	1467.0302777455	0	0	0	0	0	0	0	0	0	0	0	0	0	0	0	0	0	0	0	0	0	0
GLYCOL-GLYOXDEG-PWY: superpathway of glycol metabolism and degradation	0	0	0	0	0	0	0	0	0	0	0	0	0	0	0	0	0	0	0	0	0	0	0	0	0	0	0	0	0	0	28.0774741951	0	0	0	0	0	0	0	0	0	0	0	0	0	0	0	0	0	0	0	0	0	0	0	0	0	0	0	0	0	0	0	0	0	0	0	0	0	0	0	0	0	0	0	0	0	0	0	0	0	0	0	0	0	0	0	0	0	0	0	0	0	0	0	0	0	374.8577407934	0	0	0	0	0	0	0	22.4926280159	0	0	0	0	0	0	0	0	0	0	0	0	0	0	0	0	0	0	0	0	0	0	0	0	0	0	0	0	0	0	0	0	0	0	0	0	0	0	0
GLYCOL-GLYOXDEG-PWY: superpathway of glycol metabolism and degradation|unclassified	0	0	0	0	0	0	0	0	0	0	0	0	0	0	0	0	0	0	0	0	0	0	0	0	0	0	0	0	0	0	28.0774741951	0	0	0	0	0	0	0	0	0	0	0	0	0	0	0	0	0	0	0	0	0	0	0	0	0	0	0	0	0	0	0	0	0	0	0	0	0	0	0	0	0	0	0	0	0	0	0	0	0	0	0	0	0	0	0	0	0	0	0	0	0	0	0	0	0	374.8577407934	0	0	0	0	0	0	0	22.4926280159	0	0	0	0	0	0	0	0	0	0	0	0	0	0	0	0	0	0	0	0	0	0	0	0	0	0	0	0	0	0	0	0	0	0	0	0	0	0	0
GLYCOLYSIS-E-D: superpathway of glycolysis and the Entner-Doudoroff pathway	0	0	0	0	209.1047404603	0	0	0	0	0	0	0	0	0	0	0	0	0	0	0	0	0	0	0	0	0	0	0	0	0	47.7402623416	0	0	0	0	0	0	299.1401922363	0	0	0	0	0	0	0	0	0	737.6877417202	0	0	0	1649.2834246402	1490.1998290642	0	0	0	0	0	219.1635121963	0	0	0	0	0	0	0	0	0	0	0	1122.0069385494	0	0	0	0	0	0	0	226.0606334722	0	0	0	0	0	0	0	0	0	0	0	0	0	0	0	0	0	992.2553792940	0	0	0	0	0	0	0	522.2315490447	0	0	0	0	0	0	0	0	0	0	0	0	0	0	0	0	868.7306092496	0	0	0	0	0	0	0	0	0	0	0	0	0	0	0	0	0	0	0	0	0	0
GLYCOLYSIS-E-D: superpathway of glycolysis and the Entner-Doudoroff pathway|unclassified	0	0	0	0	209.1047404603	0	0	0	0	0	0	0	0	0	0	0	0	0	0	0	0	0	0	0	0	0	0	0	0	0	47.7402623416	0	0	0	0	0	0	299.1401922363	0	0	0	0	0	0	0	0	0	737.6877417202	0	0	0	1649.2834246402	1490.1998290642	0	0	0	0	0	219.1635121963	0	0	0	0	0	0	0	0	0	0	0	1122.0069385494	0	0	0	0	0	0	0	226.0606334722	0	0	0	0	0	0	0	0	0	0	0	0	0	0	0	0	0	992.2553792940	0	0	0	0	0	0	0	522.2315490447	0	0	0	0	0	0	0	0	0	0	0	0	0	0	0	0	844.1771115965	0	0	0	0	0	0	0	0	0	0	0	0	0	0	0	0	0	0	0	0	0	0
GLYCOLYSIS-TCA-GLYOX-BYPASS: superpathway of glycolysis, pyruvate dehydrogenase, TCA, and glyoxylate bypass	0	0	0	0	0	0	0	0	0	0	0	0	0	0	0	0	0	0	0	0	0	0	0	0	0	0	0	0	0	0	22.7875313470	0	0	0	0	0	0	0	0	0	0	0	0	100.4577199958	0	0	0	0	0	0	0	0	0	0	0	0	0	0	0	0	0	0	0	0	0	0	0	0	0	0	0	0	0	0	0	0	0	0	0	0	0	0	0	0	0	0	0	0	0	0	0	0	0	0	0	0	301.7075636251	0	0	0	0	0	0	0	208.3748402705	0	0	0	0	0	0	0	0	0	0	0	0	0	0	0	0	0	0	0	0	0	0	0	0	0	0	0	0	0	0	0	0	0	0	0	0	0	0	0
GLYCOLYSIS-TCA-GLYOX-BYPASS: superpathway of glycolysis, pyruvate dehydrogenase, TCA, and glyoxylate bypass|unclassified	0	0	0	0	0	0	0	0	0	0	0	0	0	0	0	0	0	0	0	0	0	0	0	0	0	0	0	0	0	0	22.7554346351	0	0	0	0	0	0	0	0	0	0	0	0	100.4577199958	0	0	0	0	0	0	0	0	0	0	0	0	0	0	0	0	0	0	0	0	0	0	0	0	0	0	0	0	0	0	0	0	0	0	0	0	0	0	0	0	0	0	0	0	0	0	0	0	0	0	0	0	301.7075636251	0	0	0	0	0	0	0	208.3748402705	0	0	0	0	0	0	0	0	0	0	0	0	0	0	0	0	0	0	0	0	0	0	0	0	0	0	0	0	0	0	0	0	0	0	0	0	0	0	0
GLYCOLYSIS: glycolysis I (from glucose 6-phosphate)	0	0	0	0	1936.8671757374	0	0	939.2849295526	0	0	196.0287842689	0	0	0	0	959.9127762974	0	0	0	1097.1903390372	0	0	0	0	0	1317.4472444831	46.0676847705	5702.3971157885	0	1544.6753110457	453.3421045794	322.3705972133	0	0	0	0	0	964.5704151135	0	0	0	0	1771.2110123250	1609.8446699126	1384.8438287985	0	0	4642.8492243007	0	0	3771.2318735945	5192.9977650748	2816.8721845802	0	0	1182.0134493559	0	189.8957782393	505.7376900507	55.8687746148	0	0	662.8055393486	1203.6170983991	2222.8400410891	0	0	0	0	6468.7703345043	3897.0466784931	0	0	686.2741670948	1717.3283031853	0	1151.4953565597	0	16268.3294870213	2265.9358176435	0	0	0	353.2219834961	0	0	0	0	0	0	0	0	0	0	0	0	1172.0988367256	0	0	0	0	0	0	0	1396.9656664313	0	0	0	0	0	0	0	2411.8369923986	0	0	713.5165249870	0	0	0	0	0	6592.2071606694	0	0	0	0	0	0	0	0	0	0	0	0	0	0	0	0	0	0	0	0	0	0
GLYCOLYSIS: glycolysis I (from glucose 6-phosphate)|unclassified	0	0	0	0	1936.8671757374	0	0	926.0422227842	0	0	196.0287842689	0	0	0	0	959.9127762974	0	0	0	1097.1903390372	0	0	0	0	0	1312.2462460863	46.0676847705	4286.9974572968	0	1544.6753110457	453.3421045794	322.3705972133	0	0	0	0	0	964.5704151135	0	0	0	0	1771.2110123250	1609.8446699126	1384.8438287985	0	0	4642.8492243007	0	0	3739.3571724452	5192.9977650748	2816.8721845802	0	0	1182.0134493559	0	189.8957782393	505.7376900507	55.8687746148	0	0	662.8055393486	1189.7205731021	2222.8400410891	0	0	0	0	4405.2832747353	3897.0466784931	0	0	686.2741670948	1717.3283031853	0	1151.4953565597	0	16268.3294870213	2154.0502285288	0	0	0	353.2219834961	0	0	0	0	0	0	0	0	0	0	0	0	1172.0988367256	0	0	0	0	0	0	0	1396.9656664313	0	0	0	0	0	0	0	2411.8369923986	0	0	664.5634061126	0	0	0	0	0	4998.6181650751	0	0	0	0	0	0	0	0	0	0	0	0	0	0	0	0	0	0	0	0	0	0
GLYOXYLATE-BYPASS: glyoxylate cycle	0	0	0	0	0	0	0	0	0	0	0	0	0	0	0	0	0	0	0	0	0	0	0	0	0	0	10.0475936282	0	0	0	124.8866924762	0	0	0	0	0	0	230.6733591348	0	0	0	0	0	114.3145766782	0	0	0	0	0	0	0	0	0	0	0	0	0	0	0	0	0	0	0	0	0	0	0	0	0	0	0	0	0	0	0	0	0	0	0	0	0	0	0	0	0	0	0	0	0	0	0	0	0	0	0	0	1346.9627197383	0	0	0	0	0	0	0	184.4939376473	0	0	0	0	0	0	0	0	0	0	0	0	0	0	0	0	0	0	0	0	0	0	0	0	0	0	0	0	0	0	0	0	0	0	0	0	0	0	0
GLYOXYLATE-BYPASS: glyoxylate cycle|unclassified	0	0	0	0	0	0	0	0	0	0	0	0	0	0	0	0	0	0	0	0	0	0	0	0	0	0	10.0475936282	0	0	0	124.8866924762	0	0	0	0	0	0	230.6733591348	0	0	0	0	0	114.3145766782	0	0	0	0	0	0	0	0	0	0	0	0	0	0	0	0	0	0	0	0	0	0	0	0	0	0	0	0	0	0	0	0	0	0	0	0	0	0	0	0	0	0	0	0	0	0	0	0	0	0	0	0	1346.9627197383	0	0	0	0	0	0	0	184.4939376473	0	0	0	0	0	0	0	0	0	0	0	0	0	0	0	0	0	0	0	0	0	0	0	0	0	0	0	0	0	0	0	0	0	0	0	0	0	0	0
GOLPDLCAT-PWY: superpathway of glycerol degradation to 1,3-propanediol	0	0	0	0	0	0	0	0	0	0	0	0	0	0	0	0	0	0	0	0	0	0	0	0	0	47.1126113570	0	0	0	0	0	0	0	0	0	0	0	0	0	0	0	0	0	0	0	0	0	0	0	0	0	0	0	0	0	0	0	0	0	0	0	0	0	0	0	0	0	0	0	23.2072449627	0	0	0	0	0	0	0	0	0	0	0	0	0	0	0	0	0	0	0	0	0	0	0	0	0	0	0	0	0	0	0	0	0	0	0	0	0	0	0	0	0	0	0	0	0	0	0	0	0	0	0	0	0	0	0	0	0	0	0	0	0	0	0	0	0	0	0	0	0	0	0	0	0	0
GOLPDLCAT-PWY: superpathway of glycerol degradation to 1,3-propanediol|unclassified	0	0	0	0	0	0	0	0	0	0	0	0	0	0	0	0	0	0	0	0	0	0	0	0	0	47.1126113570	0	0	0	0	0	0	0	0	0	0	0	0	0	0	0	0	0	0	0	0	0	0	0	0	0	0	0	0	0	0	0	0	0	0	0	0	0	0	0	0	0	0	0	23.2072449627	0	0	0	0	0	0	0	0	0	0	0	0	0	0	0	0	0	0	0	0	0	0	0	0	0	0	0	0	0	0	0	0	0	0	0	0	0	0	0	0	0	0	0	0	0	0	0	0	0	0	0	0	0	0	0	0	0	0	0	0	0	0	0	0	0	0	0	0	0	0	0	0	0	0
HEME-BIOSYNTHESIS-II-1: heme b biosynthesis V (aerobic)	0	0	0	0	31.1893813056	0	0	0	0	0	0	0	0	0	0	0	0	0	0	0	0	0	0	0	0	0	0	0	0	0	97.9609921139	0	0	0	0	0	0	42.8412360403	0	0	0	0	0	0	0	0	0	0	0	0	0	0	0	0	0	0	0	0	0	0	0	0	0	0	0	0	0	0	0	0	797.2772667032	0	0	0	0	0	0	0	531.7201205665	0	0	0	0	0	0	0	0	0	0	0	0	0	0	0	0	0	1357.4851661667	0	0	0	0	0	0	0	36.1625262307	0	0	0	0	0	0	0	0	0	0	0	0	0	0	0	0	0	0	0	0	0	0	0	0	0	0	0	0	0	0	0	0	0	0	0	0	0	0	0
HEME-BIOSYNTHESIS-II-1: heme b biosynthesis V (aerobic)|unclassified	0	0	0	0	31.1893813056	0	0	0	0	0	0	0	0	0	0	0	0	0	0	0	0	0	0	0	0	0	0	0	0	0	97.9609921139	0	0	0	0	0	0	42.8412360403	0	0	0	0	0	0	0	0	0	0	0	0	0	0	0	0	0	0	0	0	0	0	0	0	0	0	0	0	0	0	0	0	797.2772667032	0	0	0	0	0	0	0	531.7201205665	0	0	0	0	0	0	0	0	0	0	0	0	0	0	0	0	0	1357.4851661667	0	0	0	0	0	0	0	36.1625262307	0	0	0	0	0	0	0	0	0	0	0	0	0	0	0	0	0	0	0	0	0	0	0	0	0	0	0	0	0	0	0	0	0	0	0	0	0	0	0
HEME-BIOSYNTHESIS-II: heme b biosynthesis I (aerobic)	0	0	0	0	31.1893813056	0	82.0313336617	0	0	0	0	0	0	0	0	0	0	0	0	0	0	0	0	0	0	0	0	0	0	0	82.0577059645	0	0	0	0	0	0	42.8412360403	0	0	0	0	0	0	0	0	0	0	0	0	0	0	0	0	0	0	0	0	447.3265865158	0	0	0	0	0	57.5366420507	0	0	0	0	0	797.2772667032	0	0	0	0	0	0	0	826.9985501218	0	0	0	0	0	0	0	0	0	0	0	0	0	0	0	0	0	1158.7270132341	0	0	0	0	0	0	0	36.1625262307	0	0	0	0	0	0	0	0	0	0	0	0	0	0	0	0	0	0	0	0	0	0	0	0	0	0	0	0	0	0	0	0	0	0	0	0	0	0	0
HEME-BIOSYNTHESIS-II: heme b biosynthesis I (aerobic)|unclassified	0	0	0	0	31.1893813056	0	82.0313336617	0	0	0	0	0	0	0	0	0	0	0	0	0	0	0	0	0	0	0	0	0	0	0	82.0577059645	0	0	0	0	0	0	42.8412360403	0	0	0	0	0	0	0	0	0	0	0	0	0	0	0	0	0	0	0	0	447.3265865158	0	0	0	0	0	57.5366420507	0	0	0	0	0	797.2772667032	0	0	0	0	0	0	0	826.9985501218	0	0	0	0	0	0	0	0	0	0	0	0	0	0	0	0	0	1158.7270132341	0	0	0	0	0	0	0	36.1625262307	0	0	0	0	0	0	0	0	0	0	0	0	0	0	0	0	0	0	0	0	0	0	0	0	0	0	0	0	0	0	0	0	0	0	0	0	0	0	0
HEMESYN2-PWY: heme b biosynthesis II (oxygen-independent)	0	0	0	0	57.4007826700	0	0	0	0	0	0	0	0	0	0	0	0	0	0	0	0	0	0	0	0	0	0	0	0	0	99.2198929142	0	0	0	0	0	0	0	0	0	0	0	0	0	0	0	0	0	0	0	0	0	0	0	0	0	0	0	0	0	0	0	0	0	0	0	0	0	0	0	174.4497129559	0	0	0	0	0	0	0	629.5821601242	0	0	0	0	0	0	0	0	0	0	0	0	0	0	0	0	0	1462.6500063151	0	0	0	0	0	0	0	70.8828345225	0	0	0	0	0	0	0	0	0	0	0	0	0	0	0	0	0	0	0	0	0	0	0	0	0	0	0	0	0	0	0	0	0	0	0	0	0	0	0
HEMESYN2-PWY: heme b biosynthesis II (oxygen-independent)|unclassified	0	0	0	0	57.4007826700	0	0	0	0	0	0	0	0	0	0	0	0	0	0	0	0	0	0	0	0	0	0	0	0	0	99.2198929142	0	0	0	0	0	0	0	0	0	0	0	0	0	0	0	0	0	0	0	0	0	0	0	0	0	0	0	0	0	0	0	0	0	0	0	0	0	0	0	174.4497129559	0	0	0	0	0	0	0	629.5821601242	0	0	0	0	0	0	0	0	0	0	0	0	0	0	0	0	0	1462.6500063151	0	0	0	0	0	0	0	70.8828345225	0	0	0	0	0	0	0	0	0	0	0	0	0	0	0	0	0	0	0	0	0	0	0	0	0	0	0	0	0	0	0	0	0	0	0	0	0	0	0
HEXITOLDEGSUPER-PWY: superpathway of hexitol degradation (bacteria)	0	0	0	0	0	0	0	0	0	0	0	0	0	0	0	0	0	0	0	0	0	0	0	0	0	0	0	0	0	0	33.3549246071	0	0	0	0	0	0	0	0	0	0	0	0	0	0	0	0	0	0	0	0	0	0	0	0	0	0	0	0	0	0	0	0	0	0	0	0	0	0	0	0	0	0	0	0	0	0	0	0	0	0	0	0	0	0	0	0	0	0	0	0	0	0	0	0	0	957.4662935952	0	0	0	0	0	0	0	0	0	0	0	0	0	0	0	0	0	0	0	0	0	0	0	0	0	0	0	0	0	0	0	0	0	0	0	0	0	0	0	0	0	0	0	0	0	0	0
HEXITOLDEGSUPER-PWY: superpathway of hexitol degradation (bacteria)|unclassified	0	0	0	0	0	0	0	0	0	0	0	0	0	0	0	0	0	0	0	0	0	0	0	0	0	0	0	0	0	0	33.3549246071	0	0	0	0	0	0	0	0	0	0	0	0	0	0	0	0	0	0	0	0	0	0	0	0	0	0	0	0	0	0	0	0	0	0	0	0	0	0	0	0	0	0	0	0	0	0	0	0	0	0	0	0	0	0	0	0	0	0	0	0	0	0	0	0	0	957.4662935952	0	0	0	0	0	0	0	0	0	0	0	0	0	0	0	0	0	0	0	0	0	0	0	0	0	0	0	0	0	0	0	0	0	0	0	0	0	0	0	0	0	0	0	0	0	0	0
HISDEG-PWY: L-histidine degradation I	0	0	0	0	0	0	0	0	0	0	0	0	0	0	0	0	0	0	0	107.3907546503	0	0	0	0	0	238.8190377950	0	0	0	0	0	113.4082171221	0	0	0	0	0	46.1821940925	0	0	0	0	97.7319430419	0	0	0	0	1062.7643912190	0	0	96.8232472683	170.3673056324	0	0	0	0	0	0	0	0	0	0	0	0	117.7992632967	0	0	0	0	2505.9740412659	117.7201138084	0	0	0	0	0	0	0	1389.0784318851	596.0047904885	0	0	0	65.0480415230	0	0	0	0	0	0	0	0	0	0	0	0	0	0	0	0	0	0	0	0	0	0	0	0	0	0	0	0	0	0	0	0	0	0	0	0	0	1070.8036699537	0	0	0	0	0	0	0	0	0	0	0	0	0	0	0	0	0	0	0	0	0	0
HISDEG-PWY: L-histidine degradation I|g__Porphyromonas.s__Porphyromonas_endodontalis	0	0	0	0	0	0	0	0	0	0	0	0	0	0	0	0	0	0	0	0	0	0	0	0	0	0	0	0	0	0	0	0	0	0	0	0	0	0	0	0	0	0	0	0	0	0	0	0	0	0	0	0	0	0	0	0	0	0	0	0	0	0	0	0	0	0	0	0	0	781.9586971038	0	0	0	0	0	0	0	0	0	0	0	0	0	0	0	0	0	0	0	0	0	0	0	0	0	0	0	0	0	0	0	0	0	0	0	0	0	0	0	0	0	0	0	0	0	0	0	0	0	0	0	0	0	0	0	0	0	0	0	0	0	0	0	0	0	0	0	0	0	0	0	0	0	0
HISDEG-PWY: L-histidine degradation I|unclassified	0	0	0	0	0	0	0	0	0	0	0	0	0	0	0	0	0	0	0	107.3907546503	0	0	0	0	0	238.8190377950	0	0	0	0	0	113.4082171221	0	0	0	0	0	46.1821940925	0	0	0	0	97.7319430419	0	0	0	0	1062.7643912190	0	0	96.8232472683	170.3673056324	0	0	0	0	0	0	0	0	0	0	0	0	117.7992632967	0	0	0	0	1706.0397941287	117.7201138084	0	0	0	0	0	0	0	1389.0784318851	596.0047904885	0	0	0	65.0480415230	0	0	0	0	0	0	0	0	0	0	0	0	0	0	0	0	0	0	0	0	0	0	0	0	0	0	0	0	0	0	0	0	0	0	0	0	0	1070.8036699537	0	0	0	0	0	0	0	0	0	0	0	0	0	0	0	0	0	0	0	0	0	0
HISTSYN-PWY: L-histidine biosynthesis	0	0	0	0	0	0	0	0	0	0	0	0	0	0	0	275.5207903130	0	0	0	0	0	0	0	0	0	0	0	0	0	0	0	0	0	0	0	0	0	86.6773420349	0	0	0	0	0	0	0	0	0	0	0	0	0	116.4604662545	87.2203634352	0	0	0	0	0	0	0	0	0	37.6270194630	0	44.8121402353	0	0	0	0	0	0	0	0	0	496.8010580380	0	0	0	0	0	0	0	0	0	0	0	0	0	0	0	0	0	0	0	0	0	581.2908557407	0	0	0	0	0	0	0	115.9818062432	0	0	0	0	0	0	0	0	0	0	0	0	0	0	0	0	0	0	0	0	0	0	0	0	0	0	0	0	0	0	0	0	0	0	0	0	0	0	0
HISTSYN-PWY: L-histidine biosynthesis|unclassified	0	0	0	0	0	0	0	0	0	0	0	0	0	0	0	275.5207903130	0	0	0	0	0	0	0	0	0	0	0	0	0	0	0	0	0	0	0	0	0	86.6773420349	0	0	0	0	0	0	0	0	0	0	0	0	0	116.4604662545	87.2203634352	0	0	0	0	0	0	0	0	0	37.6270194630	0	44.8121402353	0	0	0	0	0	0	0	0	0	496.8010580380	0	0	0	0	0	0	0	0	0	0	0	0	0	0	0	0	0	0	0	0	0	581.2908557407	0	0	0	0	0	0	0	115.9818062432	0	0	0	0	0	0	0	0	0	0	0	0	0	0	0	0	0	0	0	0	0	0	0	0	0	0	0	0	0	0	0	0	0	0	0	0	0	0	0
HOMOSER-METSYN-PWY: L-methionine biosynthesis I	0	0	0	0	0	0	0	0	0	0	0	0	0	0	0	193.0766152889	0	0	0	0	0	0	0	0	0	26.7332380486	0	183.5152946810	0	31.9593381342	81.5666449904	0	0	0	0	0	0	224.1956856429	0	0	0	0	0	0	0	0	0	184.8035776525	0	0	451.7907328231	0	0	0	0	0	0	0	346.5934733503	0	0	0	0	375.7339937886	77.2429202720	0	0	13.4033497967	0	0	0	0	0	0	538.6225873687	0	0	0	133.3973093249	0	0	0	0	0	0	0	0	0	0	0	0	0	0	0	0	0	1224.8542941468	0	0	0	0	0	0	0	30.5844478390	0	0	0	0	0	0	0	0	0	0	0	0	0	0	0	0	384.0437746400	0	0	0	0	0	0	0	0	0	0	0	0	0	0	0	0	0	0	0	0	0	0
HOMOSER-METSYN-PWY: L-methionine biosynthesis I|unclassified	0	0	0	0	0	0	0	0	0	0	0	0	0	0	0	193.0766152889	0	0	0	0	0	0	0	0	0	26.7332380486	0	183.5152946810	0	31.9593381342	81.5666449904	0	0	0	0	0	0	224.1956856429	0	0	0	0	0	0	0	0	0	184.8035776525	0	0	451.7907328231	0	0	0	0	0	0	0	346.5934733503	0	0	0	0	375.7339937886	77.2429202720	0	0	13.4033497967	0	0	0	0	0	0	538.6225873687	0	0	0	133.3973093249	0	0	0	0	0	0	0	0	0	0	0	0	0	0	0	0	0	1224.8542941468	0	0	0	0	0	0	0	30.5844478390	0	0	0	0	0	0	0	0	0	0	0	0	0	0	0	0	373.9151392891	0	0	0	0	0	0	0	0	0	0	0	0	0	0	0	0	0	0	0	0	0	0
HSERMETANA-PWY: L-methionine biosynthesis III	0	0	0	0	277.7595055717	0	0	51.5969774058	0	0	0	0	0	0	0	0	104.3590847772	0	0	531.1473488550	0	0	0	0	0	753.6560047168	0	645.3733671187	0	221.2170991703	48.7788601620	0	0	0	0	0	0	461.1174266008	0	0	0	0	187.8864208507	44.4642254061	0	0	0	534.2571659674	0	0	793.4580343148	435.4754624351	0	0	0	135.1915481599	0	17.5288693232	314.7720364559	0	0	0	97.5745609521	329.1539635243	379.2679419943	90.6662736213	0	0	0	196.9940223314	700.3331655024	0	0	0	251.4705002785	0	31.7978091722	0	2299.2460537266	3018.2253686419	0	0	0	88.6310767384	0	0	629.9563660461	0	356.4612597733	0	0	0	0	0	0	0	39.8974666804	0	0	0	0	0	0	0	0	0	0	0	0	0	0	0	0	0	0	339.9283931598	0	0	0	0	0	1866.5287865987	0	0	0	0	0	0	0	0	0	0	0	0	0	0	0	0	0	0	0	0	0	0
HSERMETANA-PWY: L-methionine biosynthesis III|unclassified	0	0	0	0	277.7595055717	0	0	51.5969774058	0	0	0	0	0	0	0	0	104.3590847772	0	0	378.0089696462	0	0	0	0	0	753.6560047168	0	645.3733671187	0	221.2170991703	48.7788601620	0	0	0	0	0	0	461.1174266008	0	0	0	0	187.8864208507	44.4642254061	0	0	0	534.2571659674	0	0	793.4580343148	435.4754624351	0	0	0	135.1915481599	0	17.5288693232	314.7720364559	0	0	0	97.5745609521	329.1539635243	379.2679419943	90.6662736213	0	0	0	196.9940223314	700.3331655024	0	0	0	251.4705002785	0	31.7978091722	0	2299.2460537266	1251.6546148506	0	0	0	88.6310767384	0	0	629.9563660461	0	356.4612597733	0	0	0	0	0	0	0	39.8974666804	0	0	0	0	0	0	0	0	0	0	0	0	0	0	0	0	0	0	323.5824704239	0	0	0	0	0	1363.4676568721	0	0	0	0	0	0	0	0	0	0	0	0	0	0	0	0	0	0	0	0	0	0
ILEUSYN-PWY: L-isoleucine biosynthesis I (from threonine)	0	0	0	0	2269.9894470054	0	53.6732793517	54.0631210312	0	0	0	0	0	0	0	1299.0376791943	0	0	0	194.4456699555	0	0	0	0	0	5667.4752807922	0	811.6051790039	0	85.6099095957	132.7216216431	0	67.9310725642	0	0	0	0	427.1688057549	0	0	0	0	266.8436708993	0	0	0	0	478.1636247841	0	0	2413.4065623507	657.3870390795	203.5138987621	0	0	0	0	0	803.7080040417	0	0	0	866.1239374742	548.2261009391	594.9892620189	0	0	0	0	188.9807818094	3007.9604545990	0	0	708.4150464134	2340.0324185583	0	154.2599023019	0	897.6383410399	518.9995152614	0	0	0	2689.6604146821	0	0	2617.6877279244	0	0	0	0	0	0	0	0	0	1486.1384657171	0	0	0	0	0	0	0	407.2597987018	0	0	0	0	20.5179913661	0	0	0	0	0	566.7871892004	0	0	0	0	0	3863.9404077459	0	0	0	0	0	0	0	0	0	0	0	0	0	0	0	0	0	0	0	0	0	0
ILEUSYN-PWY: L-isoleucine biosynthesis I (from threonine)|unclassified	0	0	0	0	2269.9894470054	0	53.6732793517	54.0631210312	0	0	0	0	0	0	0	1299.0376791943	0	0	0	194.4456699555	0	0	0	0	0	5667.4752807922	0	811.6051790039	0	85.6099095957	132.7216216431	0	67.9310725642	0	0	0	0	427.1688057549	0	0	0	0	266.8436708993	0	0	0	0	478.1636247841	0	0	2413.4065623507	657.3870390795	203.5138987621	0	0	0	0	0	803.7080040417	0	0	0	866.1239374742	548.2261009391	594.9892620189	0	0	0	0	175.0118827518	3007.9604545990	0	0	708.4150464134	2340.0324185583	0	154.2599023019	0	897.6383410399	518.9995152614	0	0	0	2689.6604146821	0	0	2617.6877279244	0	0	0	0	0	0	0	0	0	1486.1384657171	0	0	0	0	0	0	0	407.2597987018	0	0	0	0	20.5179913661	0	0	0	0	0	566.7871892004	0	0	0	0	0	2156.6151211016	0	0	0	0	0	0	0	0	0	0	0	0	0	0	0	0	0	0	0	0	0	0
KDO-NAGLIPASYN-PWY: superpathway of (Kdo)2-lipid A biosynthesis	0	0	0	0	0	0	0	0	0	0	0	0	0	0	0	0	0	0	0	0	0	0	0	0	0	0	0	0	0	0	0	0	0	0	0	0	0	0	0	0	0	0	0	0	0	0	0	0	0	0	0	0	0	0	0	0	0	0	0	0	0	0	0	0	0	0	0	0	0	0	0	0	0	0	0	0	0	0	0	0	0	0	0	0	0	0	0	0	0	0	0	0	0	0	0	0	89.7270093131	0	0	0	0	0	0	0	0	0	0	0	0	0	0	0	0	0	0	0	0	0	0	0	0	0	0	0	0	0	0	0	0	0	0	0	0	0	0	0	0	0	0	0	0	0	0	0
KDO-NAGLIPASYN-PWY: superpathway of (Kdo)2-lipid A biosynthesis|unclassified	0	0	0	0	0	0	0	0	0	0	0	0	0	0	0	0	0	0	0	0	0	0	0	0	0	0	0	0	0	0	0	0	0	0	0	0	0	0	0	0	0	0	0	0	0	0	0	0	0	0	0	0	0	0	0	0	0	0	0	0	0	0	0	0	0	0	0	0	0	0	0	0	0	0	0	0	0	0	0	0	0	0	0	0	0	0	0	0	0	0	0	0	0	0	0	0	89.7270093131	0	0	0	0	0	0	0	0	0	0	0	0	0	0	0	0	0	0	0	0	0	0	0	0	0	0	0	0	0	0	0	0	0	0	0	0	0	0	0	0	0	0	0	0	0	0	0
KETOGLUCONMET-PWY: ketogluconate metabolism	0	0	0	0	0	0	0	0	0	0	0	0	0	0	0	0	0	0	0	0	0	0	0	0	0	0	0	0	0	0	56.9755978476	0	0	0	0	0	0	142.9730805919	0	0	0	0	0	0	0	0	0	0	0	0	0	0	0	0	0	0	0	0	0	0	0	0	0	0	0	0	0	0	0	0	0	0	0	0	0	0	0	0	0	0	0	0	0	0	0	0	0	0	0	0	0	0	0	0	0	0	542.1643401201	0	0	0	0	0	0	0	54.1873242967	0	0	0	0	0	0	0	0	0	0	0	0	0	0	0	0	0	0	0	0	0	0	0	0	0	0	0	0	0	0	0	0	0	0	0	0	0	0	0
KETOGLUCONMET-PWY: ketogluconate metabolism|unclassified	0	0	0	0	0	0	0	0	0	0	0	0	0	0	0	0	0	0	0	0	0	0	0	0	0	0	0	0	0	0	56.9755978476	0	0	0	0	0	0	142.9730805919	0	0	0	0	0	0	0	0	0	0	0	0	0	0	0	0	0	0	0	0	0	0	0	0	0	0	0	0	0	0	0	0	0	0	0	0	0	0	0	0	0	0	0	0	0	0	0	0	0	0	0	0	0	0	0	0	0	0	542.1643401201	0	0	0	0	0	0	0	54.1873242967	0	0	0	0	0	0	0	0	0	0	0	0	0	0	0	0	0	0	0	0	0	0	0	0	0	0	0	0	0	0	0	0	0	0	0	0	0	0	0
LACTOSECAT-PWY: lactose and galactose degradation I	0	0	0	0	1878.4681666827	0	781.0960863363	895.9100947300	0	0	0	0	0	0	0	0	0	0	0	1682.5053777608	0	0	0	0	0	5786.0246573239	0	380.6433758267	0	1139.6905263365	0	0	0	0	0	0	84.2213632622	0	0	0	0	0	0	114.2531619811	731.7453176224	0	0	716.7552615341	0	0	2232.2268891712	1374.2270116865	0	0	0	948.5124089738	0	119.3240921041	3679.6118268492	0	0	0	0	898.5398003226	278.8631526251	189.8632657215	0	0	0	377.7679886246	13240.6456521139	0	0	127.9210844017	0	0	0	0	1782.1471335326	71.7809711979	0	0	0	9637.4051157469	0	0	1437.6696583205	0	556.2520852148	0	0	0	667.9497255173	0	0	0	14.7709699155	0	0	0	0	0	0	0	0	0	0	0	0	0	1714.0441085431	0	565.7947212740	0	0	0	0	0	0	0	0	5095.1125052290	0	0	0	0	0	0	0	0	0	0	0	0	0	0	0	0	0	0	0	0	0	0
LACTOSECAT-PWY: lactose and galactose degradation I|unclassified	0	0	0	0	1878.4681666827	0	781.0960863363	895.9100947300	0	0	0	0	0	0	0	0	0	0	0	1682.5053777608	0	0	0	0	0	5786.0246573239	0	380.6433758267	0	1139.6905263365	0	0	0	0	0	0	84.2213632622	0	0	0	0	0	0	114.2531619811	731.7453176224	0	0	716.7552615341	0	0	2232.2268891712	1374.2270116865	0	0	0	948.5124089738	0	119.3240921041	3679.6118268492	0	0	0	0	898.5398003226	278.8631526251	189.8632657215	0	0	0	377.7679886246	13240.6456521139	0	0	127.9210844017	0	0	0	0	1782.1471335326	71.7809711979	0	0	0	8083.4060000151	0	0	1437.6696583205	0	556.2520852148	0	0	0	667.9497255173	0	0	0	14.7709699155	0	0	0	0	0	0	0	0	0	0	0	0	0	1714.0441085431	0	565.7947212740	0	0	0	0	0	0	0	0	5095.1125052290	0	0	0	0	0	0	0	0	0	0	0	0	0	0	0	0	0	0	0	0	0	0
LIPASYN-PWY: phospholipases	0	0	0	0	0	0	0	0	0	0	0	0	0	0	0	0	0	0	0	0	0	0	0	0	0	0	0	0	0	0	0	0	0	0	0	0	0	0	0	0	0	0	0	0	0	0	0	0	0	0	0	0	0	0	0	0	0	0	0	0	0	0	0	0	0	0	0	0	0	0	0	0	0	0	0	0	0	0	0	0	0	0	0	0	0	0	0	0	0	0	0	0	0	0	0	0	0	0	0	0	0	0	0	0	0	0	0	0	0	0	0	0	0	0	0	0	0	0	0	0	0	0	0	0	0	13.4681661527	0	0	0	0	0	0	0	0	0	0	0	0	0	0	0	0	0	0
LIPASYN-PWY: phospholipases|unclassified	0	0	0	0	0	0	0	0	0	0	0	0	0	0	0	0	0	0	0	0	0	0	0	0	0	0	0	0	0	0	0	0	0	0	0	0	0	0	0	0	0	0	0	0	0	0	0	0	0	0	0	0	0	0	0	0	0	0	0	0	0	0	0	0	0	0	0	0	0	0	0	0	0	0	0	0	0	0	0	0	0	0	0	0	0	0	0	0	0	0	0	0	0	0	0	0	0	0	0	0	0	0	0	0	0	0	0	0	0	0	0	0	0	0	0	0	0	0	0	0	0	0	0	0	0	13.4681661527	0	0	0	0	0	0	0	0	0	0	0	0	0	0	0	0	0	0
MET-SAM-PWY: superpathway of S-adenosyl-L-methionine biosynthesis	0	0	0	0	0	0	0	0	0	0	0	0	0	0	0	225.7826114808	0	0	0	0	0	0	0	0	0	35.5558614102	0	307.0328117138	0	59.8851611988	110.6113256505	0	0	0	0	0	0	318.2841092358	0	0	0	0	0	0	0	0	0	275.0261226475	0	0	618.6259250782	0	0	0	0	0	0	0	497.0327389192	0	0	0	0	443.0504039243	130.8391278620	0	0	17.4577650906	0	0	0	0	0	0	577.8232878066	0	0	0	253.3030485829	0	0	0	0	0	0	0	0	0	0	0	0	0	0	0	0	0	1128.0119382956	0	0	0	0	0	0	0	55.3086858504	0	0	0	0	0	0	0	0	0	0	0	0	0	0	0	0	617.7968164454	0	0	0	0	0	0	0	0	0	0	0	0	0	0	0	0	0	0	0	0	0	0
MET-SAM-PWY: superpathway of S-adenosyl-L-methionine biosynthesis|unclassified	0	0	0	0	0	0	0	0	0	0	0	0	0	0	0	225.7826114808	0	0	0	0	0	0	0	0	0	35.5558614102	0	299.8374564301	0	59.8851611988	110.6113256505	0	0	0	0	0	0	318.2841092358	0	0	0	0	0	0	0	0	0	275.0261226475	0	0	618.6259250782	0	0	0	0	0	0	0	497.0327389192	0	0	0	0	443.0504039243	130.8391278620	0	0	17.4577650906	0	0	0	0	0	0	577.8232878066	0	0	0	253.3030485829	0	0	0	0	0	0	0	0	0	0	0	0	0	0	0	0	0	1128.0119382956	0	0	0	0	0	0	0	55.3086858504	0	0	0	0	0	0	0	0	0	0	0	0	0	0	0	0	601.0708136324	0	0	0	0	0	0	0	0	0	0	0	0	0	0	0	0	0	0	0	0	0	0
METHGLYUT-PWY: superpathway of methylglyoxal degradation	0	0	0	0	136.3119591066	0	0	0	0	0	0	0	0	0	0	0	0	0	0	0	0	0	0	0	0	72.4935450458	0	0	0	0	10.2383874646	0	0	0	0	0	0	330.8328947299	0	0	0	0	0	0	0	0	0	56.9947912596	0	0	170.0762969712	174.0611357355	427.5677794593	0	0	0	0	0	31.7348880175	0	0	0	0	0	77.0666559061	0	0	0	0	0	0	0	0	0	0	0	0	0	111.6632129279	0	0	0	0	217.6341549121	0	0	0	0	0	0	0	0	0	0	0	0	93.0821345967	0	0	0	0	0	0	0	0	0	0	0	0	0	0	0	0	0	0	0	0	0	0	0	0	0	0	0	0	0	0	0	0	0	0	0	0	0	0	0	0	0	0	0	0	0	0	0
METHGLYUT-PWY: superpathway of methylglyoxal degradation|unclassified	0	0	0	0	136.3119591066	0	0	0	0	0	0	0	0	0	0	0	0	0	0	0	0	0	0	0	0	72.4935450458	0	0	0	0	10.2383874646	0	0	0	0	0	0	330.8328947299	0	0	0	0	0	0	0	0	0	56.9947912596	0	0	170.0762969712	174.0611357355	427.5677794593	0	0	0	0	0	31.7348880175	0	0	0	0	0	77.0666559061	0	0	0	0	0	0	0	0	0	0	0	0	0	111.6632129279	0	0	0	0	217.6341549121	0	0	0	0	0	0	0	0	0	0	0	0	93.0821345967	0	0	0	0	0	0	0	0	0	0	0	0	0	0	0	0	0	0	0	0	0	0	0	0	0	0	0	0	0	0	0	0	0	0	0	0	0	0	0	0	0	0	0	0	0	0	0
METSYN-PWY: superpathway of L-homoserine and L-methionine biosynthesis	0	0	0	0	0	0	0	0	0	0	0	0	0	0	0	287.2612709945	0	0	0	0	0	0	0	0	0	46.3735377185	0	301.2444904755	0	53.3993854020	98.9785906594	0	0	0	0	0	0	300.6957377530	0	0	0	0	0	0	0	0	0	255.0944147184	0	0	682.4212096779	0	0	0	0	0	0	0	541.4753147398	0	0	0	0	455.1100736979	117.5890762059	0	0	16.1437074872	0	0	0	0	0	0	657.5707522857	0	0	0	222.9006288184	0	0	0	0	0	0	0	0	0	0	0	0	0	0	0	0	0	1404.2736735028	0	0	0	0	0	0	0	50.6319110505	0	0	0	0	0	0	0	0	0	0	0	0	0	0	0	0	592.3071602663	0	0	0	0	0	0	0	0	0	0	0	0	0	0	0	0	0	0	0	0	0	0
METSYN-PWY: superpathway of L-homoserine and L-methionine biosynthesis|unclassified	0	0	0	0	0	0	0	0	0	0	0	0	0	0	0	287.2612709945	0	0	0	0	0	0	0	0	0	46.3735377185	0	297.9678140991	0	53.3993854020	98.9785906594	0	0	0	0	0	0	300.6957377530	0	0	0	0	0	0	0	0	0	255.0944147184	0	0	682.4212096779	0	0	0	0	0	0	0	541.4753147398	0	0	0	0	455.1100736979	117.5890762059	0	0	16.1437074872	0	0	0	0	0	0	657.5707522857	0	0	0	222.9006288184	0	0	0	0	0	0	0	0	0	0	0	0	0	0	0	0	0	1404.2736735028	0	0	0	0	0	0	0	50.6319110505	0	0	0	0	0	0	0	0	0	0	0	0	0	0	0	0	577.3839818188	0	0	0	0	0	0	0	0	0	0	0	0	0	0	0	0	0	0	0	0	0	0
NAD-BIOSYNTHESIS-II: NAD salvage pathway III (to nicotinamide riboside)	0	0	0	0	0	0	0	0	0	0	0	272.7512743771	0	0	0	1963.4589976921	0	0	0	57.1718613966	0	0	0	0	0	55.2316377471	0	0	0	0	0	0	0	0	0	0	0	0	0	0	0	0	0	0	0	0	0	0	0	0	0	0	0	0	0	0	0	0	0	0	0	0	1251.1497642035	0	185.6786844730	0	0	0	0	0	0	0	0	0	5352.0940078325	0	89.9778090417	0	48.4691107235	0	0	0	0	0	0	0	0	0	0	0	0	0	0	0	0	0	139.6698534100	0	0	0	0	0	0	0	0	0	0	0	0	0	0	0	0	0	0	0	0	0	0	0	0	160.0634928827	0	0	0	0	0	0	0	0	0	0	0	0	0	0	0	0	0	0	0	0	0	0
NAD-BIOSYNTHESIS-II: NAD salvage pathway III (to nicotinamide riboside)|unclassified	0	0	0	0	0	0	0	0	0	0	0	272.7512743771	0	0	0	1963.4589976921	0	0	0	57.1718613966	0	0	0	0	0	55.2316377471	0	0	0	0	0	0	0	0	0	0	0	0	0	0	0	0	0	0	0	0	0	0	0	0	0	0	0	0	0	0	0	0	0	0	0	0	1251.1497642035	0	185.6786844730	0	0	0	0	0	0	0	0	0	5352.0940078325	0	89.9778090417	0	48.4691107235	0	0	0	0	0	0	0	0	0	0	0	0	0	0	0	0	0	139.6698534100	0	0	0	0	0	0	0	0	0	0	0	0	0	0	0	0	0	0	0	0	0	0	0	0	0	0	0	0	0	0	0	0	0	0	0	0	0	0	0	0	0	0	0	0	0	0	0
NAGLIPASYN-PWY: lipid IVA biosynthesis (E. coli)	0	0	0	0	0	0	0	0	0	0	0	0	0	0	0	0	0	0	0	0	0	0	0	0	0	0	0	0	0	0	49.6275478630	0	0	0	0	0	0	173.8928995522	0	0	0	0	0	41.1070290349	31.3784009636	0	0	0	0	0	0	343.0635107479	0	0	0	0	0	0	0	0	0	0	0	0	362.5222683770	0	0	0	0	484.4586393924	0	0	0	0	90.8782120328	0	0	0	129.0072638093	0	0	0	0	0	0	0	0	0	0	0	0	0	0	0	0	0	595.2207377383	0	0	0	0	0	0	0	149.7895392587	0	0	0	0	0	0	0	0	0	0	0	0	0	0	0	0	0	0	0	0	0	0	0	0	0	0	0	0	0	0	0	0	0	0	0	0	0	0	0
NAGLIPASYN-PWY: lipid IVA biosynthesis (E. coli)|unclassified	0	0	0	0	0	0	0	0	0	0	0	0	0	0	0	0	0	0	0	0	0	0	0	0	0	0	0	0	0	0	49.6275478630	0	0	0	0	0	0	173.8928995522	0	0	0	0	0	41.1070290349	31.3784009636	0	0	0	0	0	0	343.0635107479	0	0	0	0	0	0	0	0	0	0	0	0	362.5222683770	0	0	0	0	414.9203594831	0	0	0	0	90.8782120328	0	0	0	129.0072638093	0	0	0	0	0	0	0	0	0	0	0	0	0	0	0	0	0	595.2207377383	0	0	0	0	0	0	0	149.7895392587	0	0	0	0	0	0	0	0	0	0	0	0	0	0	0	0	0	0	0	0	0	0	0	0	0	0	0	0	0	0	0	0	0	0	0	0	0	0	0
NONMEVIPP-PWY: methylerythritol phosphate pathway I	0	0	0	0	0	0	0	0	0	0	0	0	0	0	0	0	0	0	0	0	0	0	0	0	0	90.3290775827	0	1431.7683292772	0	334.6847120695	175.3748623196	0	0	0	0	0	0	223.9424924475	0	0	0	0	82.2114753405	0	502.9512254685	0	0	992.3320447557	0	0	185.8354256904	917.6573023044	458.9416484310	0	0	0	0	0	0	0	0	0	0	0	435.1992582403	133.4293122682	0	0	0	2177.0073377100	142.1182182154	0	0	351.3257388868	84.3201056175	0	0	0	2677.2008459306	816.9487769706	0	0	0	0	0	0	0	0	0	0	0	0	0	0	0	0	939.0997255184	0	0	0	0	0	0	0	18.9632330923	0	0	0	0	0	0	0	0	0	0	424.2643372205	0	0	0	0	0	1961.9077662231	0	0	0	0	0	0	0	0	0	0	0	0	0	0	0	0	0	0	0	0	0	0
NONMEVIPP-PWY: methylerythritol phosphate pathway I|unclassified	0	0	0	0	0	0	0	0	0	0	0	0	0	0	0	0	0	0	0	0	0	0	0	0	0	90.3290775827	0	1431.7683292772	0	334.6847120695	175.3748623196	0	0	0	0	0	0	223.9424924475	0	0	0	0	82.2114753405	0	502.9512254685	0	0	992.3320447557	0	0	185.8354256904	885.1339730285	458.9416484310	0	0	0	0	0	0	0	0	0	0	0	435.1992582403	133.4293122682	0	0	0	1644.9353531609	142.1182182154	0	0	351.3257388868	84.3201056175	0	0	0	2677.2008459306	816.9487769706	0	0	0	0	0	0	0	0	0	0	0	0	0	0	0	0	939.0997255184	0	0	0	0	0	0	0	18.9632330923	0	0	0	0	0	0	0	0	0	0	424.2643372205	0	0	0	0	0	1763.6046601886	0	0	0	0	0	0	0	0	0	0	0	0	0	0	0	0	0	0	0	0	0	0
NONOXIPENT-PWY: pentose phosphate pathway (non-oxidative branch) I	0	0	0	0	1390.0391377548	0	306.7473182995	842.4573560810	0	0	0	0	0	0	0	1471.9251166114	95.2236725403	0	0	336.1116291316	0	0	40.3674115844	0	0	1601.3886713076	0	502.7921151865	0	135.6307592596	258.5754382108	277.0400823894	28.2748190864	0	0	0	0	1065.9186325851	0	217.3204088428	48.5767952822	0	339.4946455061	644.8396216341	161.5228084536	0	0	1707.7174729985	0	907.8161413251	2596.0535204102	1254.2597519404	977.9568368402	0	51.8939215597	464.8596052336	298.9667004979	0	2824.6681873509	54.5391643946	0	0	1461.9567357766	812.3039474583	671.4212375328	127.5379491495	0	28.7211732683	0	916.1746363927	4495.8161468223	0	0	350.4160869974	4037.0070883773	0	65.2169287842	0	2838.1824641481	1231.3034423289	0	0	0	3925.9801724744	0	0	2618.2206631948	0	226.8114733960	0	0	0	690.5313077883	0	0	0	2453.9750333489	0	0	0	0	0	0	0	557.0595670946	0	0	0	0	0	90.5265012950	0	383.6761627304	0	0	169.9473604937	0	0	0	0	0	2038.8543058286	0	0	0	0	0	0	0	0	0	0	0	0	0	0	0	0	0	0	0	0	0	0
NONOXIPENT-PWY: pentose phosphate pathway (non-oxidative branch) I|unclassified	0	0	0	0	1390.0391377548	0	306.7473182995	842.4573560810	0	0	0	0	0	0	0	1471.9251166114	95.2236725403	0	0	336.1116291316	0	0	40.3674115844	0	0	1601.3886713076	0	502.7921151865	0	135.6307592596	258.5754382108	277.0400823894	28.2748190864	0	0	0	0	1065.9186325851	0	217.3204088428	48.5767952822	0	339.4946455061	644.8396216341	161.5228084536	0	0	1707.7174729985	0	907.8161413251	2596.0535204102	1254.2597519404	977.9568368402	0	51.8939215597	464.8596052336	298.9667004979	0	2824.6681873509	54.5391643946	0	0	1461.9567357766	812.3039474583	671.4212375328	127.5379491495	0	28.7211732683	0	555.3731415994	4495.8161468223	0	0	350.4160869974	4037.0070883773	0	65.2169287842	0	2838.1824641481	1231.3034423289	0	0	0	3925.9801724744	0	0	2618.2206631948	0	226.8114733960	0	0	0	690.5313077883	0	0	0	2453.9750333489	0	0	0	0	0	0	0	557.0595670946	0	0	0	0	0	90.5265012950	0	383.6761627304	0	0	169.9473604937	0	0	0	0	0	1543.7907590314	0	0	0	0	0	0	0	0	0	0	0	0	0	0	0	0	0	0	0	0	0	0
OANTIGEN-PWY: O-antigen building blocks biosynthesis (E. coli)	0	0	0	0	1946.4512039249	0	576.4825627409	544.1326708134	0	0	0	0	0	0	0	0	0	0	0	143.8643312252	0	0	0	0	0	3011.2553654770	0	885.0394806198	0	139.6988212630	0	0	0	0	0	0	0	80.2474846919	0	475.0773663183	0	0	149.5728649298	128.6742568553	0	0	0	1566.7326795097	0	0	3265.7354264152	2047.0297363125	758.7017543117	0	0	414.3555530114	105.9232408276	0	63.4767726482	0	0	0	0	385.1552495245	195.8759203099	0	0	0	0	1692.4853417360	4501.4597507878	0	0	466.9490795861	0	0	0	0	7322.1718948452	955.3957521318	0	0	0	1857.1136254506	0	0	3108.3527174190	0	1063.6924905810	0	0	0	284.4804838884	0	0	0	237.3348028841	0	0	0	0	0	0	0	0	0	0	0	0	0	0	0	655.7345877381	0	0	199.3725077225	0	0	0	0	0	1606.6775386021	0	0	0	0	0	0	0	0	0	0	0	0	0	0	0	0	0	0	0	0	0	0
OANTIGEN-PWY: O-antigen building blocks biosynthesis (E. coli)|unclassified	0	0	0	0	1946.4512039249	0	576.4825627409	544.1326708134	0	0	0	0	0	0	0	0	0	0	0	143.8643312252	0	0	0	0	0	3011.2553654770	0	837.7303521336	0	139.6988212630	0	0	0	0	0	0	0	80.2474846919	0	475.0773663183	0	0	149.5728649298	128.6742568553	0	0	0	1566.7326795097	0	0	3265.7354264152	2047.0297363125	758.7017543117	0	0	414.3555530114	105.9232408276	0	63.4767726482	0	0	0	0	385.1552495245	195.8759203099	0	0	0	0	1589.8818072079	4501.4597507878	0	0	466.9490795861	0	0	0	0	7322.1718948452	948.0021008191	0	0	0	1857.1136254506	0	0	3108.3527174190	0	1063.6924905810	0	0	0	284.4804838884	0	0	0	237.3348028841	0	0	0	0	0	0	0	0	0	0	0	0	0	0	0	655.7345877381	0	0	199.3725077225	0	0	0	0	0	1585.5229931036	0	0	0	0	0	0	0	0	0	0	0	0	0	0	0	0	0	0	0	0	0	0
ORNDEG-PWY: superpathway of ornithine degradation	0	0	0	0	0	0	0	0	0	0	0	0	0	0	0	0	0	0	0	0	0	0	0	0	0	0	0	0	0	0	101.6241614185	0	0	0	0	0	0	0	0	0	0	0	0	0	0	0	0	0	0	0	0	0	0	0	0	0	0	0	0	0	0	0	0	0	0	0	0	0	0	0	0	0	0	0	0	0	0	0	0	0	0	0	0	0	0	0	0	0	0	0	0	0	0	0	0	0	1404.0030399206	0	0	0	0	0	0	0	0	0	0	0	0	0	0	0	0	0	0	0	0	0	0	0	0	0	0	0	0	0	0	0	0	0	0	0	0	0	0	0	0	0	0	0	0	0	0	0
ORNDEG-PWY: superpathway of ornithine degradation|unclassified	0	0	0	0	0	0	0	0	0	0	0	0	0	0	0	0	0	0	0	0	0	0	0	0	0	0	0	0	0	0	101.6241614185	0	0	0	0	0	0	0	0	0	0	0	0	0	0	0	0	0	0	0	0	0	0	0	0	0	0	0	0	0	0	0	0	0	0	0	0	0	0	0	0	0	0	0	0	0	0	0	0	0	0	0	0	0	0	0	0	0	0	0	0	0	0	0	0	0	1404.0030399206	0	0	0	0	0	0	0	0	0	0	0	0	0	0	0	0	0	0	0	0	0	0	0	0	0	0	0	0	0	0	0	0	0	0	0	0	0	0	0	0	0	0	0	0	0	0	0
P105-PWY: TCA cycle IV (2-oxoglutarate decarboxylase)	0	0	0	0	0	0	0	0	0	0	0	0	0	0	0	0	0	0	0	0	0	0	0	0	0	0	0	0	0	0	0	0	0	0	0	0	0	323.0850307923	0	0	0	0	0	160.4911270908	0	0	0	0	0	0	0	0	0	0	0	0	0	0	0	0	0	0	0	0	0	0	0	0	0	0	0	0	0	0	0	0	0	0	0	0	0	0	0	0	0	0	0	0	0	0	0	0	0	0	0	0	723.0958735345	0	0	0	0	0	0	0	117.9278516846	0	0	0	0	0	0	0	0	0	0	0	0	0	0	0	0	0	0	0	0	0	0	0	0	0	0	0	0	0	0	0	0	0	0	0	0	0	0	0
P105-PWY: TCA cycle IV (2-oxoglutarate decarboxylase)|unclassified	0	0	0	0	0	0	0	0	0	0	0	0	0	0	0	0	0	0	0	0	0	0	0	0	0	0	0	0	0	0	0	0	0	0	0	0	0	323.0850307923	0	0	0	0	0	160.4911270908	0	0	0	0	0	0	0	0	0	0	0	0	0	0	0	0	0	0	0	0	0	0	0	0	0	0	0	0	0	0	0	0	0	0	0	0	0	0	0	0	0	0	0	0	0	0	0	0	0	0	0	0	723.0958735345	0	0	0	0	0	0	0	117.9278516846	0	0	0	0	0	0	0	0	0	0	0	0	0	0	0	0	0	0	0	0	0	0	0	0	0	0	0	0	0	0	0	0	0	0	0	0	0	0	0
P108-PWY: pyruvate fermentation to propanoate I	0	0	0	0	0	0	0	0	0	0	0	0	0	0	0	0	0	0	0	0	0	0	0	0	0	0	0	0	0	0	0	0	0	0	0	0	0	0	0	0	0	0	0	0	0	0	0	0	0	0	0	0	0	0	0	0	0	0	0	0	0	0	0	0	0	0	0	0	0	0	0	0	0	0	0	0	0	0	0	0	0	0	0	0	0	0	0	0	0	0	0	0	42.2644639652	0	0	0	0	0	0	0	0	0	0	0	0	0	0	0	0	0	0	0	0	0	0	0	0	0	0	0	0	0	0	0	0	0	0	0	0	0	0	0	0	0	0	0	0	0	0	0	0	0	0	0
P108-PWY: pyruvate fermentation to propanoate I|unclassified	0	0	0	0	0	0	0	0	0	0	0	0	0	0	0	0	0	0	0	0	0	0	0	0	0	0	0	0	0	0	0	0	0	0	0	0	0	0	0	0	0	0	0	0	0	0	0	0	0	0	0	0	0	0	0	0	0	0	0	0	0	0	0	0	0	0	0	0	0	0	0	0	0	0	0	0	0	0	0	0	0	0	0	0	0	0	0	0	0	0	0	0	42.2644639652	0	0	0	0	0	0	0	0	0	0	0	0	0	0	0	0	0	0	0	0	0	0	0	0	0	0	0	0	0	0	0	0	0	0	0	0	0	0	0	0	0	0	0	0	0	0	0	0	0	0	0
P122-PWY: heterolactic fermentation	0	0	0	0	722.0923530812	0	0	140.9180846260	0	0	0	0	0	0	0	0	0	0	0	0	0	0	0	0	0	284.3115260550	0	0	0	0	0	0	0	0	0	0	0	0	0	0	0	0	0	0	0	0	0	0	0	0	0	0	0	0	0	0	0	0	0	0	0	0	0	0	30.7732654734	0	0	0	0	0	0	0	0	0	0	0	0	0	0	0	0	0	0	411.8840652277	0	0	0	0	0	0	0	0	0	0	0	0	210.7665435636	0	0	0	0	0	0	0	96.5387931017	0	0	0	0	0	0	0	0	0	0	0	0	0	0	0	0	0	0	0	0	0	0	0	0	0	0	0	0	0	0	0	0	0	0	0	0	0	0	0
P122-PWY: heterolactic fermentation|unclassified	0	0	0	0	722.0923530812	0	0	140.8614204358	0	0	0	0	0	0	0	0	0	0	0	0	0	0	0	0	0	284.2659371975	0	0	0	0	0	0	0	0	0	0	0	0	0	0	0	0	0	0	0	0	0	0	0	0	0	0	0	0	0	0	0	0	0	0	0	0	0	0	30.7732654734	0	0	0	0	0	0	0	0	0	0	0	0	0	0	0	0	0	0	411.8840652277	0	0	0	0	0	0	0	0	0	0	0	0	210.7665435636	0	0	0	0	0	0	0	96.5387931017	0	0	0	0	0	0	0	0	0	0	0	0	0	0	0	0	0	0	0	0	0	0	0	0	0	0	0	0	0	0	0	0	0	0	0	0	0	0	0
P124-PWY: Bifidobacterium shunt	0	0	0	0	907.7070057160	0	0	103.2283504909	0	0	0	0	0	0	0	0	0	0	0	0	0	0	0	0	0	1234.4515927143	0	0	0	49.0364291462	0	0	0	0	0	0	0	0	0	0	0	0	0	84.9960601523	0	0	0	0	0	0	433.9205578380	937.4279951344	373.4373778015	0	0	0	687.6178120928	0	0	0	0	0	0	0	285.0682959855	0	0	0	0	0	0	0	0	190.0130675821	0	0	0	0	0	0	0	0	0	934.8873596404	0	0	0	0	0	0	0	0	0	0	0	0	0	0	0	0	0	0	0	0	0	0	0	0	0	0	0	0	0	0	0	0	0	0	0	0	0	321.0565777119	0	0	0	0	0	0	0	0	0	0	0	0	0	0	0	0	0	0	0	0	0	0
P124-PWY: Bifidobacterium shunt|unclassified	0	0	0	0	907.7070057160	0	0	103.2283504909	0	0	0	0	0	0	0	0	0	0	0	0	0	0	0	0	0	1234.4515927143	0	0	0	49.0364291462	0	0	0	0	0	0	0	0	0	0	0	0	0	84.9960601523	0	0	0	0	0	0	433.9205578380	937.4279951344	373.4373778015	0	0	0	687.6178120928	0	0	0	0	0	0	0	285.0682959855	0	0	0	0	0	0	0	0	190.0130675821	0	0	0	0	0	0	0	0	0	934.8873596404	0	0	0	0	0	0	0	0	0	0	0	0	0	0	0	0	0	0	0	0	0	0	0	0	0	0	0	0	0	0	0	0	0	0	0	0	0	317.2108280473	0	0	0	0	0	0	0	0	0	0	0	0	0	0	0	0	0	0	0	0	0	0
P125-PWY: superpathway of (R,R)-butanediol biosynthesis	0	0	0	0	0	0	0	0	0	0	0	0	0	0	0	0	0	0	0	0	0	0	0	0	0	89.3546096636	0	0	0	0	0	0	0	0	0	0	0	0	0	0	0	0	0	0	0	0	0	0	0	0	0	0	0	0	0	0	0	0	0	0	0	0	0	0	0	0	0	0	0	0	0	0	0	0	0	0	0	0	0	0	0	0	0	0	0	0	0	0	0	0	0	0	0	0	0	0	0	0	0	0	0	0	0	0	0	0	0	0	0	0	0	0	0	0	0	0	0	0	0	0	0	0	0	0	0	0	0	0	0	0	0	0	0	0	0	0	0	0	0	0	0	0	0	0
P125-PWY: superpathway of (R,R)-butanediol biosynthesis|unclassified	0	0	0	0	0	0	0	0	0	0	0	0	0	0	0	0	0	0	0	0	0	0	0	0	0	89.3546096636	0	0	0	0	0	0	0	0	0	0	0	0	0	0	0	0	0	0	0	0	0	0	0	0	0	0	0	0	0	0	0	0	0	0	0	0	0	0	0	0	0	0	0	0	0	0	0	0	0	0	0	0	0	0	0	0	0	0	0	0	0	0	0	0	0	0	0	0	0	0	0	0	0	0	0	0	0	0	0	0	0	0	0	0	0	0	0	0	0	0	0	0	0	0	0	0	0	0	0	0	0	0	0	0	0	0	0	0	0	0	0	0	0	0	0	0	0	0
P161-PWY: acetylene degradation (anaerobic)	0	0	0	0	1449.5036921454	0	0	76.6891477025	0	0	0	0	0	0	0	0	0	0	0	357.7971830659	0	0	0	0	0	2341.0623992128	0	1733.7381925819	0	63.6459635011	0	0	0	0	0	0	0	91.5266443718	0	431.0258295062	0	0	608.1918077338	246.9794195310	80.6592378610	0	0	819.2956724461	0	0	1257.5106806635	400.2457897312	111.9112975537	0	0	546.5334655377	0	0	1188.5354896234	33.1203741055	0	0	244.0713732615	361.1283719394	1066.0258997123	238.4551656195	0	0	0	227.2618676855	7051.1088770455	0	0	575.7011989610	0	0	0	0	972.8594156252	275.3988571192	0	0	0	5026.8040177769	0	0	634.4749778626	0	227.3833666538	0	0	0	560.2883364605	0	0	0	192.9320618368	0	0	0	0	0	0	0	502.0806130023	0	0	0	0	3.2505082380	0	0	223.6081908058	0	0	0	0	0	0	0	0	3901.4396135977	0	0	0	0	0	0	0	0	0	0	0	0	0	0	0	0	0	0	0	0	0	0
P161-PWY: acetylene degradation (anaerobic)|unclassified	0	0	0	0	1449.5036921454	0	0	76.6891477025	0	0	0	0	0	0	0	0	0	0	0	357.7971830659	0	0	0	0	0	2341.0623992128	0	1733.7381925819	0	63.6459635011	0	0	0	0	0	0	0	91.5266443718	0	431.0258295062	0	0	608.1918077338	246.9794195310	80.6592378610	0	0	819.2956724461	0	0	1257.5106806635	400.2457897312	111.9112975537	0	0	546.5334655377	0	0	1188.5354896234	33.1203741055	0	0	244.0713732615	361.1283719394	1066.0258997123	238.4551656195	0	0	0	210.3154617523	7051.1088770455	0	0	575.7011989610	0	0	0	0	972.8594156252	275.3988571192	0	0	0	5026.8040177769	0	0	634.4749778626	0	227.3833666538	0	0	0	560.2883364605	0	0	0	192.9320618368	0	0	0	0	0	0	0	502.0806130023	0	0	0	0	3.2505082380	0	0	223.6081908058	0	0	0	0	0	0	0	0	2595.7181774547	0	0	0	0	0	0	0	0	0	0	0	0	0	0	0	0	0	0	0	0	0	0
P164-PWY: purine nucleobases degradation I (anaerobic)	0	0	0	0	0	0	0	0	0	0	0	0	0	0	0	0	0	0	0	0	0	0	0	0	0	0	0	327.4993470836	0	0	326.6788896663	0	0	0	0	0	0	98.6358054679	0	0	0	0	0	0	196.1426935790	0	0	272.5624976947	0	0	309.9286240226	593.7937848679	0	0	0	0	309.2315584073	0	0	0	0	0	0	0	0	0	0	0	0	258.4545951999	191.8110776570	0	0	0	0	0	50.7209084874	0	901.3573844508	85.5542454635	0	0	0	0	0	0	0	0	0	0	0	0	0	0	0	0	0	0	0	0	0	0	0	0	0	0	0	0	0	0	0	0	0	0	0	0	0	0	0	0	0	808.0155833646	0	0	0	0	0	0	0	0	0	0	0	0	0	0	0	0	0	0	0	0	0	0
P164-PWY: purine nucleobases degradation I (anaerobic)|unclassified	0	0	0	0	0	0	0	0	0	0	0	0	0	0	0	0	0	0	0	0	0	0	0	0	0	0	0	327.4993470836	0	0	326.6788896663	0	0	0	0	0	0	98.6358054679	0	0	0	0	0	0	196.1426935790	0	0	272.5624976947	0	0	309.9286240226	593.7937848679	0	0	0	0	309.2315584073	0	0	0	0	0	0	0	0	0	0	0	0	256.8740010778	191.8110776570	0	0	0	0	0	50.7209084874	0	901.3573844508	85.5542454635	0	0	0	0	0	0	0	0	0	0	0	0	0	0	0	0	0	0	0	0	0	0	0	0	0	0	0	0	0	0	0	0	0	0	0	0	0	0	0	0	0	797.0662457495	0	0	0	0	0	0	0	0	0	0	0	0	0	0	0	0	0	0	0	0	0	0
P185-PWY: formaldehyde assimilation III (dihydroxyacetone cycle)	0	0	0	0	0	0	0	0	0	0	0	0	0	0	0	0	0	0	0	0	0	0	0	0	0	234.2144313114	0	0	0	0	0	0	0	0	0	0	0	0	0	0	0	0	0	0	0	0	0	203.8866345910	0	0	42.3296728749	0	0	0	0	0	0	0	0	0	0	0	0	0	0	0	0	0	0	336.7829335068	0	0	0	0	0	0	0	0	0	0	0	0	0	0	0	0	0	0	0	0	0	0	0	0	0	0	0	0	0	0	0	0	0	0	0	0	0	0	0	0	0	0	0	0	0	0	0	0	0	0	0	0	0	0	0	0	0	0	0	0	0	0	0	0	0	0	0	0	0	0	0	0	0	0
P185-PWY: formaldehyde assimilation III (dihydroxyacetone cycle)|unclassified	0	0	0	0	0	0	0	0	0	0	0	0	0	0	0	0	0	0	0	0	0	0	0	0	0	234.2144313114	0	0	0	0	0	0	0	0	0	0	0	0	0	0	0	0	0	0	0	0	0	203.8866345910	0	0	42.3296728749	0	0	0	0	0	0	0	0	0	0	0	0	0	0	0	0	0	0	336.5129113610	0	0	0	0	0	0	0	0	0	0	0	0	0	0	0	0	0	0	0	0	0	0	0	0	0	0	0	0	0	0	0	0	0	0	0	0	0	0	0	0	0	0	0	0	0	0	0	0	0	0	0	0	0	0	0	0	0	0	0	0	0	0	0	0	0	0	0	0	0	0	0	0	0	0
P221-PWY: octane oxidation	0	0	0	0	0	0	0	0	0	0	0	0	0	0	0	0	0	0	0	0	0	0	0	0	0	0	0	0	0	0	13.2352644155	0	0	0	0	0	0	0	0	0	0	0	0	0	0	0	0	0	0	0	0	0	0	0	0	0	0	0	0	0	0	0	0	0	0	0	0	0	0	0	0	0	0	0	0	0	0	0	0	0	0	0	0	0	0	0	0	0	0	0	0	0	0	0	0	0	98.8187842452	0	0	0	0	0	0	0	6.4600998412	0	0	0	0	0	0	0	0	0	0	0	0	0	0	0	0	0	0	0	0	0	0	0	0	0	0	0	0	0	0	0	0	0	0	0	0	0	0	0
P221-PWY: octane oxidation|unclassified	0	0	0	0	0	0	0	0	0	0	0	0	0	0	0	0	0	0	0	0	0	0	0	0	0	0	0	0	0	0	13.2352644155	0	0	0	0	0	0	0	0	0	0	0	0	0	0	0	0	0	0	0	0	0	0	0	0	0	0	0	0	0	0	0	0	0	0	0	0	0	0	0	0	0	0	0	0	0	0	0	0	0	0	0	0	0	0	0	0	0	0	0	0	0	0	0	0	0	98.8187842452	0	0	0	0	0	0	0	6.4600998412	0	0	0	0	0	0	0	0	0	0	0	0	0	0	0	0	0	0	0	0	0	0	0	0	0	0	0	0	0	0	0	0	0	0	0	0	0	0	0
P23-PWY: reductive TCA cycle I	0	0	0	0	0	0	0	0	0	0	0	0	0	0	0	0	0	0	0	0	0	0	0	0	0	0	0	0	0	0	0	0	0	0	0	0	0	0	0	0	0	0	0	87.4909489876	0	0	0	0	0	0	0	0	0	0	0	0	0	0	0	0	0	0	0	0	0	0	0	0	0	0	0	0	0	0	0	0	0	0	0	0	0	0	0	0	0	0	0	0	0	0	0	0	0	0	0	0	0	0	0	0	0	0	0	0	0	0	0	0	0	0	0	0	0	0	0	0	0	0	0	0	0	0	0	0	0	0	0	0	0	0	0	0	0	0	0	0	0	0	0	0	0	0	0	0
P23-PWY: reductive TCA cycle I|unclassified	0	0	0	0	0	0	0	0	0	0	0	0	0	0	0	0	0	0	0	0	0	0	0	0	0	0	0	0	0	0	0	0	0	0	0	0	0	0	0	0	0	0	0	87.4909489876	0	0	0	0	0	0	0	0	0	0	0	0	0	0	0	0	0	0	0	0	0	0	0	0	0	0	0	0	0	0	0	0	0	0	0	0	0	0	0	0	0	0	0	0	0	0	0	0	0	0	0	0	0	0	0	0	0	0	0	0	0	0	0	0	0	0	0	0	0	0	0	0	0	0	0	0	0	0	0	0	0	0	0	0	0	0	0	0	0	0	0	0	0	0	0	0	0	0	0	0
P4-PWY: superpathway of L-lysine, L-threonine and L-methionine biosynthesis I	0	0	0	0	0	0	0	0	0	0	0	0	0	0	0	0	0	0	0	0	0	0	0	0	0	0	0	0	0	0	51.2984562137	0	0	0	0	0	0	155.8645503193	0	0	0	0	0	0	0	0	0	0	0	0	0	0	0	0	0	0	0	0	0	0	0	0	0	0	107.9826503265	0	0	0	0	0	0	0	0	0	0	0	0	0	0	0	0	0	0	0	0	0	0	0	0	0	0	0	0	0	0	0	825.6974147348	0	0	0	0	0	0	0	0	0	0	0	0	0	0	0	0	0	0	0	0	0	0	0	0	0	0	0	0	0	0	0	0	0	0	0	0	0	0	0	0	0	0	0	0	0	0	0
P4-PWY: superpathway of L-lysine, L-threonine and L-methionine biosynthesis I|unclassified	0	0	0	0	0	0	0	0	0	0	0	0	0	0	0	0	0	0	0	0	0	0	0	0	0	0	0	0	0	0	51.2984562137	0	0	0	0	0	0	155.8645503193	0	0	0	0	0	0	0	0	0	0	0	0	0	0	0	0	0	0	0	0	0	0	0	0	0	0	107.9826503265	0	0	0	0	0	0	0	0	0	0	0	0	0	0	0	0	0	0	0	0	0	0	0	0	0	0	0	0	0	0	0	825.6974147348	0	0	0	0	0	0	0	0	0	0	0	0	0	0	0	0	0	0	0	0	0	0	0	0	0	0	0	0	0	0	0	0	0	0	0	0	0	0	0	0	0	0	0	0	0	0	0
P41-PWY: pyruvate fermentation to acetate and (S)-lactate I	0	0	0	0	4960.8955713145	0	0	1488.0090783225	0	0	1109.7776149045	386.2654634436	0	0	0	2313.8181073676	0	0	0	801.2481061642	0	0	0	0	0	4516.4696571926	31.8706477780	1800.8525100669	0	593.9764581946	70.1271715029	0	0	0	0	0	0	455.6462621611	0	799.3996829433	0	0	2375.2806436361	452.6926424025	715.0946810823	41.5323777042	0	4036.9372795729	0	0	3670.5880906894	3457.9456712998	2635.7896765136	24.4145894241	0	503.6958738895	0	0	2733.3812145232	35.8640246736	0	0	3129.3115888240	942.8229067317	1161.3807565311	550.4374650594	0	16.5346841676	0	4135.0042225955	6562.1737079103	0	0	1144.7136713564	4750.2671662154	0	571.7434444173	0	6620.6893517714	3400.2596949505	0	0	0	4642.0091996452	0	225.9844341114	4037.5939753145	0	880.5443410744	0	0	0	1331.0263784014	0	0	0	335.2506890054	0	0	0	0	0	0	0	510.4454792820	0	0	0	0	129.3220585620	0	0	469.4238826481	0	0	84.2208482485	0	0	0	0	0	6092.8568718194	0	76.0920132248	0	0	0	0	0	0	0	0	0	0	0	0	0	0	0	0	0	0	0	0
P41-PWY: pyruvate fermentation to acetate and (S)-lactate I|unclassified	0	0	0	0	4960.8955713145	0	0	1488.0090783225	0	0	1109.7776149045	386.2654634436	0	0	0	2313.8181073676	0	0	0	801.2481061642	0	0	0	0	0	4516.4696571926	31.8706477780	1800.8525100669	0	593.9764581946	70.1271715029	0	0	0	0	0	0	455.6462621611	0	799.3996829433	0	0	2375.2806436361	452.6926424025	715.0946810823	41.5323777042	0	4036.9372795729	0	0	3670.5880906894	3457.9456712998	2635.7896765136	24.4145894241	0	503.6958738895	0	0	2733.3812145232	35.8640246736	0	0	3129.3115888240	942.8229067317	1161.3807565311	550.4374650594	0	16.5346841676	0	3753.4482753815	6562.1737079103	0	0	1144.7136713564	4750.2671662154	0	571.7434444173	0	6620.6893517714	2746.0835034947	0	0	0	4642.0091996452	0	225.9844341114	4037.5939753145	0	880.5443410744	0	0	0	1331.0263784014	0	0	0	335.2506890054	0	0	0	0	0	0	0	510.4454792820	0	0	0	0	129.3220585620	0	0	469.4238826481	0	0	84.2208482485	0	0	0	0	0	2757.5168911694	0	76.0920132248	0	0	0	0	0	0	0	0	0	0	0	0	0	0	0	0	0	0	0	0
P42-PWY: incomplete reductive TCA cycle	0	0	0	0	0	0	0	0	0	0	0	0	0	0	0	0	0	0	0	0	0	0	0	0	0	0	0	354.7526029819	0	77.6335969753	0	0	0	0	0	0	0	0	0	0	0	0	0	88.9318083710	0	0	0	0	0	0	215.9577504468	0	0	0	0	0	0	0	0	0	0	0	0	0	139.2146635221	0	0	0	0	88.0918402666	0	0	0	0	0	0	67.1260036224	0	225.4898911296	0	0	0	0	0	0	0	0	0	0	0	0	0	191.3688386279	0	0	0	0	0	0	0	0	0	0	0	167.1551600891	0	0	0	0	0	0	0	0	0	0	0	0	0	0	0	0	0	0	0	0	0	0	0	0	0	0	0	0	0	0	0	0	0	0	0	0	0	0	0
P42-PWY: incomplete reductive TCA cycle|unclassified	0	0	0	0	0	0	0	0	0	0	0	0	0	0	0	0	0	0	0	0	0	0	0	0	0	0	0	354.7526029819	0	77.6335969753	0	0	0	0	0	0	0	0	0	0	0	0	0	88.9318083710	0	0	0	0	0	0	215.9577504468	0	0	0	0	0	0	0	0	0	0	0	0	0	139.2146635221	0	0	0	0	88.0918402666	0	0	0	0	0	0	67.1260036224	0	225.4898911296	0	0	0	0	0	0	0	0	0	0	0	0	0	191.3688386279	0	0	0	0	0	0	0	0	0	0	0	167.1551600891	0	0	0	0	0	0	0	0	0	0	0	0	0	0	0	0	0	0	0	0	0	0	0	0	0	0	0	0	0	0	0	0	0	0	0	0	0	0	0
P441-PWY: superpathway of N-acetylneuraminate degradation	0	0	0	0	234.1264468819	0	0	0	0	0	0	0	0	0	0	0	0	0	0	0	0	0	0	0	0	721.8068581108	0	0	0	0	109.6416775947	0	0	0	0	0	0	426.7595770383	0	0	0	0	0	0	0	0	0	587.7587279714	0	0	142.1474133229	0	0	0	0	0	0	0	211.9366918627	0	0	0	0	0	1003.0438277643	0	0	0	0	130.2944841707	1055.1723237625	0	0	0	0	0	0	0	434.9321834518	608.4449140001	0	0	0	856.7818018886	0	0	0	0	0	0	0	0	0	0	0	0	658.1409400271	0	0	0	0	0	0	0	70.5703332571	0	0	0	0	0	0	0	0	0	0	0	0	0	0	0	0	1564.6586574119	0	0	0	0	0	0	0	0	0	0	0	0	0	0	0	0	0	0	0	0	0	0
P441-PWY: superpathway of N-acetylneuraminate degradation|unclassified	0	0	0	0	234.1264468819	0	0	0	0	0	0	0	0	0	0	0	0	0	0	0	0	0	0	0	0	721.5994675660	0	0	0	0	109.6416775947	0	0	0	0	0	0	426.7595770383	0	0	0	0	0	0	0	0	0	587.7587279714	0	0	142.1413688423	0	0	0	0	0	0	0	211.9366918627	0	0	0	0	0	1003.0438277643	0	0	0	0	129.2669141388	1055.1723237625	0	0	0	0	0	0	0	434.9321834518	597.5347152391	0	0	0	856.7818018886	0	0	0	0	0	0	0	0	0	0	0	0	658.1409400271	0	0	0	0	0	0	0	70.5292095532	0	0	0	0	0	0	0	0	0	0	0	0	0	0	0	0	1424.3888347301	0	0	0	0	0	0	0	0	0	0	0	0	0	0	0	0	0	0	0	0	0	0
P461-PWY: hexitol fermentation to lactate, formate, ethanol and acetate	0	0	0	0	162.9631868386	0	0	0	0	0	0	0	0	0	0	0	0	0	0	0	0	0	0	0	0	218.0733063630	0	0	0	0	253.8582806931	0	0	0	0	0	0	0	0	0	0	0	113.4627636019	58.1370825768	0	0	0	0	0	0	0	0	0	0	0	0	0	0	0	0	0	0	0	0	0	0	0	30.5585565903	0	0	0	0	0	0	0	0	0	0	110.3500481879	0	0	0	0	929.2620941072	0	0	0	0	0	0	0	0	0	0	0	0	1925.6583575749	0	0	0	0	0	0	0	87.3962429796	0	0	0	0	0	0	0	0	0	0	0	0	0	0	0	0	0	0	0	0	0	0	0	0	0	0	0	0	0	0	0	0	0	0	0	0	0	0	0
P461-PWY: hexitol fermentation to lactate, formate, ethanol and acetate|unclassified	0	0	0	0	162.9631868386	0	0	0	0	0	0	0	0	0	0	0	0	0	0	0	0	0	0	0	0	218.0733063630	0	0	0	0	253.8582806931	0	0	0	0	0	0	0	0	0	0	0	113.4627636019	58.1370825768	0	0	0	0	0	0	0	0	0	0	0	0	0	0	0	0	0	0	0	0	0	0	0	30.5585565903	0	0	0	0	0	0	0	0	0	0	110.3500481879	0	0	0	0	929.2620941072	0	0	0	0	0	0	0	0	0	0	0	0	1925.6583575749	0	0	0	0	0	0	0	87.3962429796	0	0	0	0	0	0	0	0	0	0	0	0	0	0	0	0	0	0	0	0	0	0	0	0	0	0	0	0	0	0	0	0	0	0	0	0	0	0	0
PANTO-PWY: phosphopantothenate biosynthesis I	0	0	0	0	0	0	0	0	0	0	0	0	0	0	0	0	0	0	0	56.5713549399	0	0	0	0	0	213.1593724249	0	878.7026199723	0	0	73.5775268502	97.5070935290	0	0	0	0	0	169.8195870974	0	0	0	0	262.6720455274	44.6458239797	125.0126000083	0	0	152.1201887315	0	0	745.1694487642	428.2246517248	0	0	0	452.9877836010	0	0	0	28.7504376667	0	0	0	0	0	0	0	0	0	820.5432289394	754.5008011848	0	0	231.5042378928	0	0	0	0	1152.4417210874	0	0	0	0	319.0322361783	0	0	0	0	0	0	0	0	0	0	0	0	998.3090797233	0	0	0	0	0	0	0	41.3745254186	0	0	0	0	0	0	0	0	0	0	69.5103795067	0	0	0	0	0	620.9641676006	0	0	0	0	0	0	0	0	0	0	0	0	0	0	0	0	0	0	0	0	0	0
PANTO-PWY: phosphopantothenate biosynthesis I|unclassified	0	0	0	0	0	0	0	0	0	0	0	0	0	0	0	0	0	0	0	56.5713549399	0	0	0	0	0	213.1593724249	0	0	0	0	73.5775268502	97.5070935290	0	0	0	0	0	169.8195870974	0	0	0	0	262.6720455274	44.6458239797	125.0126000083	0	0	152.1201887315	0	0	745.1694487642	428.2246517248	0	0	0	452.9877836010	0	0	0	28.7504376667	0	0	0	0	0	0	0	0	0	820.5432289394	754.5008011848	0	0	231.5042378928	0	0	0	0	1152.4417210874	0	0	0	0	319.0322361783	0	0	0	0	0	0	0	0	0	0	0	0	998.3090797233	0	0	0	0	0	0	0	41.3745254186	0	0	0	0	0	0	0	0	0	0	69.5103795067	0	0	0	0	0	620.9641676006	0	0	0	0	0	0	0	0	0	0	0	0	0	0	0	0	0	0	0	0	0	0
PANTOSYN-PWY: superpathway of coenzyme A biosynthesis I (bacteria)	0	0	0	0	0	0	0	0	0	0	0	0	0	0	0	0	0	0	0	98.4470356992	0	0	0	0	0	167.6684056656	0	1492.0402202280	0	0	18.6749658288	117.5568902189	0	0	0	0	0	87.5903922935	0	0	0	0	387.8780377350	87.0708058859	202.0192491888	0	0	306.2073677487	0	0	759.7533661342	729.4083196171	0	0	0	0	0	0	0	39.7696638559	0	0	0	0	0	0	0	0	0	1296.7295666942	0	0	0	358.4017016701	0	0	0	0	1729.1736724857	0	0	0	0	0	0	0	0	0	0	0	0	0	0	0	0	0	484.5100115482	0	0	0	0	0	0	0	0	0	0	0	0	0	0	0	0	0	0	133.8984843655	0	0	0	0	0	1114.3300841328	0	0	0	0	0	0	0	0	0	0	0	0	0	0	0	0	0	0	0	0	0	0
PANTOSYN-PWY: superpathway of coenzyme A biosynthesis I (bacteria)|unclassified	0	0	0	0	0	0	0	0	0	0	0	0	0	0	0	0	0	0	0	98.4470356992	0	0	0	0	0	167.6684056656	0	0	0	0	18.6749658288	117.5568902189	0	0	0	0	0	87.5903922935	0	0	0	0	359.9909493095	87.0708058859	202.0192491888	0	0	304.1639319696	0	0	759.7533661342	729.4083196171	0	0	0	0	0	0	0	39.7696638559	0	0	0	0	0	0	0	0	0	1145.0541632395	0	0	0	358.4017016701	0	0	0	0	1729.1736724857	0	0	0	0	0	0	0	0	0	0	0	0	0	0	0	0	0	484.5100115482	0	0	0	0	0	0	0	0	0	0	0	0	0	0	0	0	0	0	133.8984843655	0	0	0	0	0	1050.4707174128	0	0	0	0	0	0	0	0	0	0	0	0	0	0	0	0	0	0	0	0	0	0
PENTOSE-P-PWY: pentose phosphate pathway	0	0	0	0	1478.0409598849	0	157.8660447348	293.5326127113	0	0	0	0	0	0	0	1450.8256614861	107.8015162890	0	0	275.3272072624	0	0	0	0	0	1067.9272554557	0	507.7916328989	0	36.3362986691	132.0150602949	0	0	0	0	0	0	483.7411133157	0	42.0964899580	0	0	304.2246950154	119.7793602092	205.4030305970	0	0	1526.3238149925	0	0	1967.9296637124	1495.7329348475	1250.4410467960	0	0	623.8179967922	152.6499383799	0	890.4405018769	0	0	0	1346.0313281340	249.5078874096	731.9282485829	125.5517786712	0	33.6339379534	0	1055.8395719272	2413.8005108593	0	0	530.7678676464	3073.5819593680	0	74.9306047966	0	2947.1651053836	666.4714034052	0	0	0	1056.4234408654	0	0	1876.9566412161	0	240.8496158946	0	0	0	447.8692955265	0	0	0	1520.2959411051	0	0	0	0	0	0	0	546.9807604344	0	0	0	0	0	0	0	0	0	0	52.5768112069	0	0	0	0	0	792.4253401788	0	0	0	0	0	0	0	0	0	0	0	0	0	0	0	0	0	0	0	0	0	0
PENTOSE-P-PWY: pentose phosphate pathway|unclassified	0	0	0	0	1478.0409598849	0	157.8660447348	293.5326127113	0	0	0	0	0	0	0	1450.8256614861	107.8015162890	0	0	275.3272072624	0	0	0	0	0	1067.9272554557	0	507.7916328989	0	36.3362986691	132.0150602949	0	0	0	0	0	0	483.7411133157	0	42.0964899580	0	0	304.2246950154	119.7793602092	205.4030305970	0	0	1526.3238149925	0	0	1967.9296637124	1495.7329348475	1250.4410467960	0	0	623.8179967922	152.6499383799	0	890.4405018769	0	0	0	1346.0313281340	249.5078874096	731.9282485829	125.5517786712	0	33.6339379534	0	736.9125953313	2413.8005108593	0	0	530.7678676464	3073.5819593680	0	74.9306047966	0	2947.1651053836	666.4714034052	0	0	0	1056.4234408654	0	0	1876.9566412161	0	240.8496158946	0	0	0	447.8692955265	0	0	0	1520.2959411051	0	0	0	0	0	0	0	546.9807604344	0	0	0	0	0	0	0	0	0	0	52.5768112069	0	0	0	0	0	739.7404597850	0	0	0	0	0	0	0	0	0	0	0	0	0	0	0	0	0	0	0	0	0	0
PEPTIDOGLYCANSYN-PWY: peptidoglycan biosynthesis I (meso-diaminopimelate containing)	0	0	0	0	1619.6624815806	0	170.4534117013	280.9906351309	0	0	0	0	0	0	0	184.8077130332	0	0	0	337.9190612814	0	0	0	0	0	2421.3720698916	0	3784.7062803481	0	746.8173790540	154.9920358979	0	0	0	0	0	0	0	0	59.2339019776	0	0	946.0812107589	471.1853246304	739.5277271827	0	0	3111.2816411926	0	0	3012.5783108436	2075.4262146724	1573.1146661532	0	0	374.0613456199	451.0810257774	0	1899.1268345277	0	0	0	0	1080.6554086169	562.3245777291	389.1184346407	0	0	0	3091.8852789868	4991.8999422442	0	0	595.7748670845	563.2156114421	0	310.0196840750	0	7824.7583788813	2240.0716150989	0	0	0	2311.3319323697	0	0	3243.2366398589	0	414.9042602675	0	0	0	381.5072929644	0	0	0	1197.7730792523	0	0	0	0	0	0	0	0	0	0	0	0	0	0	0	300.3953012349	0	0	598.7689549247	0	0	0	0	0	4673.5671673990	0	0	0	0	0	0	0	0	0	0	0	0	0	0	0	0	0	0	0	0	0	0
PEPTIDOGLYCANSYN-PWY: peptidoglycan biosynthesis I (meso-diaminopimelate containing)|unclassified	0	0	0	0	1619.6624815806	0	170.4534117013	280.9906351309	0	0	0	0	0	0	0	184.8077130332	0	0	0	337.9190612814	0	0	0	0	0	2421.3720698916	0	1922.3226758035	0	746.8173790540	154.9920358979	0	0	0	0	0	0	0	0	59.2339019776	0	0	946.0812107589	471.1853246304	739.5277271827	0	0	3111.2816411926	0	0	3012.5783108436	2075.4262146724	1573.1146661532	0	0	374.0613456199	451.0810257774	0	1899.1268345277	0	0	0	0	1080.6554086169	562.3245777291	389.1184346407	0	0	0	2891.1911058048	4991.8999422442	0	0	595.7748670845	563.2156114421	0	310.0196840750	0	7824.7583788813	2240.0716150989	0	0	0	2311.3319323697	0	0	3243.2366398589	0	414.9042602675	0	0	0	381.5072929644	0	0	0	1197.7730792523	0	0	0	0	0	0	0	0	0	0	0	0	0	0	0	300.3953012349	0	0	506.9496613680	0	0	0	0	0	3537.1598210762	0	0	0	0	0	0	0	0	0	0	0	0	0	0	0	0	0	0	0	0	0	0
PHOSLIPSYN-PWY: superpathway of phospholipid biosynthesis I (bacteria)	0	0	0	0	0	0	0	0	0	0	0	0	0	0	0	210.8345912508	0	0	0	0	0	0	0	0	0	263.0878223195	0	0	0	0	211.7492524441	0	58.4295609294	0	0	0	0	105.1374581834	0	0	0	0	0	146.1611907542	0	0	0	211.9114043988	0	0	0	0	0	0	0	0	0	0	0	0	0	0	70.1985069019	0	234.4392932978	0	0	0	0	225.9992886903	0	0	0	56.5460576852	429.9318797295	0	125.7164048945	0	122.4702917844	0	0	0	0	0	0	0	0	0	0	0	0	0	24.7524612107	0	0	0	1033.7339102143	0	0	0	0	0	0	0	38.1211649590	0	0	0	0	0	0	0	0	0	0	0	0	0	0	0	0	89.5009373375	0	0	0	0	0	0	0	0	0	0	0	0	0	0	0	0	0	0	0	0	0	0
PHOSLIPSYN-PWY: superpathway of phospholipid biosynthesis I (bacteria)|unclassified	0	0	0	0	0	0	0	0	0	0	0	0	0	0	0	210.8345912508	0	0	0	0	0	0	0	0	0	263.0878223195	0	0	0	0	211.7492524441	0	58.4295609294	0	0	0	0	105.1374581834	0	0	0	0	0	146.1611907542	0	0	0	211.9114043988	0	0	0	0	0	0	0	0	0	0	0	0	0	0	70.1985069019	0	234.4392932978	0	0	0	0	225.2635942363	0	0	0	56.5460576852	429.9318797295	0	125.7164048945	0	122.4702917844	0	0	0	0	0	0	0	0	0	0	0	0	0	24.7524612107	0	0	0	1033.7339102143	0	0	0	0	0	0	0	38.1211649590	0	0	0	0	0	0	0	0	0	0	0	0	0	0	0	0	89.1134288360	0	0	0	0	0	0	0	0	0	0	0	0	0	0	0	0	0	0	0	0	0	0
POLYAMSYN-PWY: superpathway of polyamine biosynthesis I	0	0	0	0	0	0	0	0	0	0	0	0	0	0	0	0	0	0	0	0	0	0	0	0	0	0	0	0	0	0	95.1594759475	0	0	0	0	0	0	0	0	0	0	0	0	0	0	0	0	0	0	0	0	0	0	0	0	0	0	0	0	0	0	0	0	0	0	0	0	0	0	0	0	0	0	0	0	0	0	0	0	0	0	0	0	0	0	0	0	0	0	0	0	0	0	0	0	0	1008.1442794975	0	0	0	0	0	0	0	49.4674206504	0	0	0	0	0	0	0	0	0	0	0	0	0	0	0	0	0	0	0	0	0	0	0	0	0	0	0	0	0	0	0	0	0	0	0	0	0	0	0
POLYAMSYN-PWY: superpathway of polyamine biosynthesis I|unclassified	0	0	0	0	0	0	0	0	0	0	0	0	0	0	0	0	0	0	0	0	0	0	0	0	0	0	0	0	0	0	95.1594759475	0	0	0	0	0	0	0	0	0	0	0	0	0	0	0	0	0	0	0	0	0	0	0	0	0	0	0	0	0	0	0	0	0	0	0	0	0	0	0	0	0	0	0	0	0	0	0	0	0	0	0	0	0	0	0	0	0	0	0	0	0	0	0	0	0	1008.1442794975	0	0	0	0	0	0	0	49.4674206504	0	0	0	0	0	0	0	0	0	0	0	0	0	0	0	0	0	0	0	0	0	0	0	0	0	0	0	0	0	0	0	0	0	0	0	0	0	0	0
POLYISOPRENSYN-PWY: polyisoprenoid biosynthesis (E. coli)	0	0	0	0	0	0	0	77.5362246581	0	0	0	0	0	0	0	72.3960015467	0	0	0	0	0	0	0	0	0	243.0052454555	0	0	0	0	0	0	0	0	0	0	0	0	0	0	0	0	0	0	0	0	0	600.1384603514	0	0	315.2327143510	188.7418529171	0	0	0	0	0	0	0	0	0	0	0	0	42.8606474885	0	0	0	0	418.7493786055	918.2823387650	0	0	0	0	0	0	0	873.6471749836	0	0	0	0	0	0	0	670.4086640298	0	642.2737015910	0	0	0	0	0	0	0	689.1136689043	0	0	0	0	0	0	0	52.5505250823	0	0	0	0	0	0	0	193.3719251314	0	0	0	0	0	0	0	0	161.0953544061	0	0	0	0	0	0	0	0	0	0	0	0	0	0	0	0	0	0	0	0	0	0
POLYISOPRENSYN-PWY: polyisoprenoid biosynthesis (E. coli)|unclassified	0	0	0	0	0	0	0	77.5362246581	0	0	0	0	0	0	0	72.3960015467	0	0	0	0	0	0	0	0	0	243.0052454555	0	0	0	0	0	0	0	0	0	0	0	0	0	0	0	0	0	0	0	0	0	600.1384603514	0	0	315.2327143510	188.7418529171	0	0	0	0	0	0	0	0	0	0	0	0	42.8606474885	0	0	0	0	418.7493786055	918.2823387650	0	0	0	0	0	0	0	873.6471749836	0	0	0	0	0	0	0	670.4086640298	0	642.2737015910	0	0	0	0	0	0	0	689.1136689043	0	0	0	0	0	0	0	52.5505250823	0	0	0	0	0	0	0	193.3719251314	0	0	0	0	0	0	0	0	159.6297479429	0	0	0	0	0	0	0	0	0	0	0	0	0	0	0	0	0	0	0	0	0	0
PPGPPMET-PWY: ppGpp metabolism	0	0	0	0	478.6071983054	0	0	0	0	0	13.0837211880	0	0	0	0	577.7457269677	0	0	0	0	0	0	0	0	0	0	0	490.9914549880	0	112.5265885290	24.4685572666	0	0	0	0	0	0	546.7094218579	0	0	0	0	440.6196338719	120.6596288978	71.5623878913	0	0	1825.1033460848	0	0	306.4000938077	1684.4278616095	626.4344344460	0	0	0	0	0	0	24.8423601092	0	0	0	0	171.3036490315	0	0	0	0	935.7067921896	62.9082686346	0	0	0	462.4131130056	0	0	0	1499.7245957467	44.0352434336	0	0	0	0	0	0	0	0	0	0	0	0	0	0	0	0	205.8642756907	0	0	0	0	0	0	0	2.5489705079	0	0	0	0	0	0	0	0	0	0	191.3258852081	0	0	0	0	0	84.0127965592	0	0	0	0	0	0	0	0	0	0	0	0	0	0	0	0	0	0	0	0	0	0
PPGPPMET-PWY: ppGpp metabolism|unclassified	0	0	0	0	478.6071983054	0	0	0	0	0	13.0837211880	0	0	0	0	577.7457269677	0	0	0	0	0	0	0	0	0	0	0	490.9914549880	0	112.5265885290	24.4685572666	0	0	0	0	0	0	546.7094218579	0	0	0	0	440.6196338719	120.6596288978	71.5623878913	0	0	1825.1033460848	0	0	306.4000938077	1684.4278616095	626.4344344460	0	0	0	0	0	0	24.8423601092	0	0	0	0	171.3036490315	0	0	0	0	935.7067921896	62.8904725832	0	0	0	462.4131130056	0	0	0	1499.7245957467	44.0352434336	0	0	0	0	0	0	0	0	0	0	0	0	0	0	0	0	205.8642756907	0	0	0	0	0	0	0	2.5489705079	0	0	0	0	0	0	0	0	0	0	191.3258852081	0	0	0	0	0	81.8955646956	0	0	0	0	0	0	0	0	0	0	0	0	0	0	0	0	0	0	0	0	0	0
PRPP-PWY: superpathway of histidine, purine, and pyrimidine biosynthesis	0	0	0	0	0	0	0	0	0	0	0	0	0	0	0	0	0	0	0	0	0	0	0	0	0	0	0	0	0	0	0	0	0	0	0	0	0	0	0	0	0	0	0	0	0	0	0	0	0	0	0	0	0	0	0	0	0	0	0	0	0	0	0	0	0	0	0	0	0	0	0	0	0	0	0	0	0	0	0	0	0	0	0	0	0	0	0	0	0	0	0	0	0	0	0	0	212.1314244381	0	0	0	0	0	0	0	0	0	0	0	0	0	0	0	0	0	0	0	0	0	0	0	0	0	0	0	0	0	0	0	0	0	0	0	0	0	0	0	0	0	0	0	0	0	0	0
PRPP-PWY: superpathway of histidine, purine, and pyrimidine biosynthesis|unclassified	0	0	0	0	0	0	0	0	0	0	0	0	0	0	0	0	0	0	0	0	0	0	0	0	0	0	0	0	0	0	0	0	0	0	0	0	0	0	0	0	0	0	0	0	0	0	0	0	0	0	0	0	0	0	0	0	0	0	0	0	0	0	0	0	0	0	0	0	0	0	0	0	0	0	0	0	0	0	0	0	0	0	0	0	0	0	0	0	0	0	0	0	0	0	0	0	212.1314244381	0	0	0	0	0	0	0	0	0	0	0	0	0	0	0	0	0	0	0	0	0	0	0	0	0	0	0	0	0	0	0	0	0	0	0	0	0	0	0	0	0	0	0	0	0	0	0
PWY-1042: glycolysis IV	258.6533298859	0	0	0	10330.6614434955	0	3886.3161070703	3968.8019443694	0	0	821.9085279450	489.6208406171	0	0	0	2014.8445093435	828.8090475213	0	0	1969.7066121349	0	0	0	0	0	10040.3673727919	284.9565510155	14259.2627899801	0	3490.9164812229	636.4983585850	600.5965406984	30.6025494562	0	0	0	0	1530.8230131771	1758.1116838451	2169.4307993044	301.9885103027	0	3299.8375711565	1863.1790633996	5388.8997944065	777.7471979879	0	7545.9425843401	0	1216.6002762016	16780.3270257677	11610.6851565936	5291.5688113035	0	1021.5135308034	7832.5946979067	5525.1516217809	854.3376196956	12264.0252950634	126.5209345314	423.6151431265	0	1947.1759104536	3675.2538338151	3450.9549664738	2495.0523760455	0	107.8896014052	277.8209596601	7930.2656594903	35516.5655826373	0	0	3817.0479559642	1338.5456208946	0	2085.9090195894	0	22972.0856910354	8531.5023927513	0	0	0	11944.9442834210	0	0	11804.5177592840	0	7259.1484671388	0	0	715.8247883219	1019.2752435084	0	0	0	1487.7815757731	0	0	0	0	0	0	0	3532.9182048668	0	0	701.2702040210	0	0	2022.1362370977	0	7488.9396263160	0	0	2060.4076123009	0	0	43.5246416157	0	0	12152.7763507622	0	1951.2677204791	0	0	0	0	0	0	0	0	0	0	0	0	0	0	0	0	0	0	0	0
PWY-1042: glycolysis IV|g__Prevotella.s__Prevotella_salivae	0	0	0	0	0	0	0	0	0	0	0	0	0	0	0	0	0	0	0	0	0	0	0	0	0	0	0	0	0	0	0	0	0	0	0	0	0	0	0	0	0	0	0	0	0	0	0	0	0	0	0	0	0	0	0	0	0	0	0	0	0	0	0	0	0	0	0	0	0	0	0	0	0	0	0	0	0	0	0	0	0	0	0	0	0	0	0	0	0	0	0	0	0	0	0	0	0	0	0	0	0	0	0	0	0	0	0	0	0	0	0	0	0	0	0	0	0	0	0	0	0	2493.1265500350	0	0	0	0	0	0	0	0	0	0	0	0	0	0	0	0	0	0	0	0	0	0
PWY-1042: glycolysis IV|unclassified	258.6533298859	0	0	0	10330.6614434955	0	3886.3161070703	3968.8019443694	0	0	821.9085279450	489.6208406171	0	0	0	2014.8445093435	828.8090475213	0	0	1969.7066121349	0	0	0	0	0	10040.3673727919	284.9565510155	14259.2627899801	0	3490.9164812229	636.4983585850	600.5965406984	30.6025494562	0	0	0	0	1530.8230131771	1758.1116838451	2169.4307993044	301.9885103027	0	3299.8375711565	1863.1790633996	5388.8997944065	777.7471979879	0	7545.9425843401	0	1216.6002762016	16780.3270257677	11610.6851565936	5291.5688113035	0	1021.5135308034	7832.5946979067	5525.1516217809	854.3376196956	12264.0252950634	126.5209345314	423.6151431265	0	1947.1759104536	3675.2538338151	3450.9549664738	2495.0523760455	0	107.8896014052	277.8209596601	7350.9250133994	35516.5655826373	0	0	3817.0479559642	1338.5456208946	0	2085.9090195894	0	22972.0856910354	7635.5446795803	0	0	0	11944.9442834210	0	0	11804.5177592840	0	7259.1484671388	0	0	715.8247883219	1019.2752435084	0	0	0	1487.7815757731	0	0	0	0	0	0	0	3532.9182048668	0	0	701.2702040210	0	0	2022.1362370977	0	7488.9396263160	0	0	1816.0405978166	0	0	43.5246416157	0	0	10071.9280536088	0	1951.2677204791	0	0	0	0	0	0	0	0	0	0	0	0	0	0	0	0	0	0	0	0
PWY-1269: CMP-3-deoxy-D-manno-octulosonate biosynthesis	0	0	0	0	0	0	0	0	0	0	0	0	0	0	0	0	0	0	0	110.8148678130	0	0	0	0	0	0	0	0	0	0	0	0	64.9368973809	0	0	0	0	290.9993535738	0	0	0	0	0	236.2076427701	0	0	0	141.3545554947	0	0	0	103.7074030296	0	0	0	0	0	0	44.8841494142	0	0	0	84.6077495196	0	232.0259621534	0	0	0	0	38.0671006539	0	0	0	165.1373654929	208.0208684107	0	0	0	48.8459183714	558.7745174185	0	0	0	0	0	0	0	0	0	0	0	0	0	0	0	0	1262.7341127486	0	0	0	0	0	0	0	121.4907310419	0	0	0	0	0	0	0	0	0	0	209.4651011782	0	0	0	0	0	1386.4519086388	0	0	0	0	0	0	0	0	0	0	0	0	0	0	0	0	0	0	0	0	0	0
PWY-1269: CMP-3-deoxy-D-manno-octulosonate biosynthesis|unclassified	0	0	0	0	0	0	0	0	0	0	0	0	0	0	0	0	0	0	0	110.8148678130	0	0	0	0	0	0	0	0	0	0	0	0	64.9368973809	0	0	0	0	290.9993535738	0	0	0	0	0	236.2076427701	0	0	0	141.3545554947	0	0	0	103.7074030296	0	0	0	0	0	0	44.8841494142	0	0	0	84.6077495196	0	232.0259621534	0	0	0	0	38.0671006539	0	0	0	165.1373654929	208.0208684107	0	0	0	48.8459183714	558.7745174185	0	0	0	0	0	0	0	0	0	0	0	0	0	0	0	0	1262.7341127486	0	0	0	0	0	0	0	121.4907310419	0	0	0	0	0	0	0	0	0	0	209.4651011782	0	0	0	0	0	90.9046457041	0	0	0	0	0	0	0	0	0	0	0	0	0	0	0	0	0	0	0	0	0	0
PWY-1861: formaldehyde assimilation II (assimilatory RuMP Cycle)	0	0	0	0	0	0	0	0	0	0	0	0	0	0	0	0	0	0	0	0	0	0	0	0	0	0	0	0	0	0	91.4042351542	0	0	0	0	0	0	0	0	0	0	0	0	0	0	0	0	0	0	0	0	0	0	0	0	0	0	0	0	0	0	0	0	0	0	0	0	0	0	0	0	0	0	0	0	0	0	0	0	0	0	0	0	0	0	0	0	0	0	0	0	0	385.1512738187	0	0	0	941.2727032932	0	0	0	0	0	0	0	0	0	0	0	0	0	0	0	0	0	0	0	0	0	0	0	0	0	0	0	0	0	0	0	0	0	0	0	0	0	0	0	0	0	0	0	0	0	0	0
PWY-1861: formaldehyde assimilation II (assimilatory RuMP Cycle)|unclassified	0	0	0	0	0	0	0	0	0	0	0	0	0	0	0	0	0	0	0	0	0	0	0	0	0	0	0	0	0	0	91.4042351542	0	0	0	0	0	0	0	0	0	0	0	0	0	0	0	0	0	0	0	0	0	0	0	0	0	0	0	0	0	0	0	0	0	0	0	0	0	0	0	0	0	0	0	0	0	0	0	0	0	0	0	0	0	0	0	0	0	0	0	0	0	385.1512738187	0	0	0	941.2727032932	0	0	0	0	0	0	0	0	0	0	0	0	0	0	0	0	0	0	0	0	0	0	0	0	0	0	0	0	0	0	0	0	0	0	0	0	0	0	0	0	0	0	0	0	0	0	0
PWY-2201: folate transformations I	0	0	0	0	0	0	0	0	0	0	0	0	0	0	0	0	0	0	0	0	0	0	0	0	0	0	0	0	0	0	0	0	0	0	0	0	0	0	0	0	0	0	0	0	0	0	0	0	0	0	0	273.2034630585	0	0	0	0	0	0	0	0	0	0	0	0	0	0	0	0	0	0	0	0	0	0	0	0	0	0	0	0	0	0	0	0	0	0	0	0	0	0	0	0	0	0	0	0	0	0	0	0	0	0	0	0	0	0	0	0	0	0	0	0	0	0	0	0	0	0	0	0	0	0	0	0	0	0	0	0	0	0	0	0	0	0	0	0	0	0	0	0	0	0	0	0
PWY-2201: folate transformations I|unclassified	0	0	0	0	0	0	0	0	0	0	0	0	0	0	0	0	0	0	0	0	0	0	0	0	0	0	0	0	0	0	0	0	0	0	0	0	0	0	0	0	0	0	0	0	0	0	0	0	0	0	0	273.2034630585	0	0	0	0	0	0	0	0	0	0	0	0	0	0	0	0	0	0	0	0	0	0	0	0	0	0	0	0	0	0	0	0	0	0	0	0	0	0	0	0	0	0	0	0	0	0	0	0	0	0	0	0	0	0	0	0	0	0	0	0	0	0	0	0	0	0	0	0	0	0	0	0	0	0	0	0	0	0	0	0	0	0	0	0	0	0	0	0	0	0	0	0
PWY-241: C4 photosynthetic carbon assimilation cycle, NADP-ME type	0	0	0	0	243.9621122951	0	0	456.6041199237	0	0	0	0	0	0	0	0	0	0	0	0	0	0	0	0	0	0	0	794.8785769581	0	331.2714296342	68.6033104155	0	0	0	0	0	0	0	0	0	0	0	284.5120300564	252.8674895691	335.0279048224	0	0	12.3559652202	0	0	1111.8031657975	24.4495549239	0	0	0	0	0	0	108.7157839622	0	0	0	0	0	29.9253621134	0	0	0	0	0	506.0692103812	0	0	0	0	0	0	0	1943.6713382376	307.6600646473	0	0	0	307.3136396448	0	0	0	0	0	0	0	0	0	0	0	0	48.3876294031	0	0	0	0	0	0	0	0	0	0	0	0	0	0	0	0	0	0	0	0	0	0	0	0	2072.7033628204	0	0	0	0	0	0	0	0	0	0	0	0	0	0	0	0	0	0	0	0	0	0
PWY-241: C4 photosynthetic carbon assimilation cycle, NADP-ME type|unclassified	0	0	0	0	243.9621122951	0	0	456.6041199237	0	0	0	0	0	0	0	0	0	0	0	0	0	0	0	0	0	0	0	794.8785769581	0	331.2714296342	68.6033104155	0	0	0	0	0	0	0	0	0	0	0	284.5120300564	252.8674895691	335.0279048224	0	0	12.3559652202	0	0	1111.8031657975	24.4495549239	0	0	0	0	0	0	108.7157839622	0	0	0	0	0	29.9253621134	0	0	0	0	0	506.0692103812	0	0	0	0	0	0	0	1943.6713382376	307.6600646473	0	0	0	307.3136396448	0	0	0	0	0	0	0	0	0	0	0	0	48.3876294031	0	0	0	0	0	0	0	0	0	0	0	0	0	0	0	0	0	0	0	0	0	0	0	0	1667.5529726254	0	0	0	0	0	0	0	0	0	0	0	0	0	0	0	0	0	0	0	0	0	0
PWY-2941: L-lysine biosynthesis II	0	0	0	0	1726.0886810466	0	0	34.8322561132	0	0	0	0	0	0	0	0	0	0	0	162.3988018824	0	0	0	0	0	1398.0530522027	0	1341.2653301887	0	43.7516955295	0	0	0	0	0	0	0	0	0	0	0	0	261.5306398796	0	0	0	0	538.6957858816	0	0	1852.2670016242	399.5258922166	0	0	0	31.5823046373	0	0	2350.4932412275	0	0	0	0	456.3994941402	451.4539659646	64.2837622024	0	0	0	497.1154997590	4857.7011445420	0	0	196.4493946321	0	0	313.6276721074	0	2752.5396638697	168.4710392118	0	0	0	2215.3895547300	0	0	2261.2811191315	0	260.7825210152	0	0	0	0	0	0	0	27.5538518909	0	0	0	0	0	0	0	0	0	0	0	0	0	0	0	247.0664318273	0	0	0	0	0	0	0	0	1572.4883102300	0	0	0	0	0	0	0	0	0	0	0	0	0	0	0	0	0	0	0	0	0	0
PWY-2941: L-lysine biosynthesis II|unclassified	0	0	0	0	1726.0886810466	0	0	34.8322561132	0	0	0	0	0	0	0	0	0	0	0	162.3988018824	0	0	0	0	0	1398.0530522027	0	1085.1993197643	0	43.7516955295	0	0	0	0	0	0	0	0	0	0	0	0	261.5306398796	0	0	0	0	529.7792357821	0	0	1852.2670016242	399.5258922166	0	0	0	31.5823046373	0	0	2350.4932412275	0	0	0	0	456.3994941402	451.4539659646	64.2837622024	0	0	0	471.4819497120	4857.7011445420	0	0	196.4493946321	0	0	313.6276721074	0	2752.5396638697	168.1511549838	0	0	0	2215.3895547300	0	0	2261.2811191315	0	260.7825210152	0	0	0	0	0	0	0	27.5538518909	0	0	0	0	0	0	0	0	0	0	0	0	0	0	0	247.0664318273	0	0	0	0	0	0	0	0	1548.1677570482	0	0	0	0	0	0	0	0	0	0	0	0	0	0	0	0	0	0	0	0	0	0
PWY-2942: L-lysine biosynthesis III	0	0	0	0	1044.3202888837	0	0	53.7275352632	0	0	0	0	0	0	0	0	90.8564736224	0	0	343.3273647520	0	0	0	0	0	333.2896042215	0	2931.5160867240	0	550.1593324351	0	0	0	0	0	0	0	509.8954122890	0	0	0	0	809.2893674048	288.3328651613	404.4844373976	0	0	691.6546284705	0	0	1556.3792080545	875.0340025063	0	0	0	0	0	0	0	0	0	0	0	493.1677965717	534.8829271279	81.2152207737	0	0	0	1484.3920371534	0	0	0	335.4650312339	0	0	0	0	3381.9447093848	3279.9946216944	0	0	0	1100.8954227695	0	0	0	0	0	0	0	0	0	0	0	0	62.6211139659	0	0	0	0	0	0	0	0	0	0	0	0	0	0	0	246.8611812491	0	0	737.7211245730	0	0	0	0	0	4018.8338230826	0	0	0	0	0	0	0	0	0	0	0	0	0	0	0	0	0	0	0	0	0	0
PWY-2942: L-lysine biosynthesis III|unclassified	0	0	0	0	1044.3202888837	0	0	53.7275352632	0	0	0	0	0	0	0	0	90.8564736224	0	0	343.3273647520	0	0	0	0	0	333.2896042215	0	1978.0513835665	0	550.1593324351	0	0	0	0	0	0	0	509.8954122890	0	0	0	0	809.2893674048	288.3328651613	404.4844373976	0	0	691.6546284705	0	0	1556.3792080545	875.0340025063	0	0	0	0	0	0	0	0	0	0	0	493.1677965717	534.8829271279	81.2152207737	0	0	0	1220.2574858696	0	0	0	335.4650312339	0	0	0	0	3381.9447093848	3125.6403709716	0	0	0	1100.8954227695	0	0	0	0	0	0	0	0	0	0	0	0	62.6211139659	0	0	0	0	0	0	0	0	0	0	0	0	0	0	0	246.8611812491	0	0	723.3649850327	0	0	0	0	0	3814.6320790817	0	0	0	0	0	0	0	0	0	0	0	0	0	0	0	0	0	0	0	0	0	0
PWY-3001: superpathway of L-isoleucine biosynthesis I	0	0	0	0	2372.4151212542	0	0	107.4049972404	0	0	0	0	0	0	0	1043.2639018856	0	0	0	0	0	0	0	0	0	3374.7795029543	0	795.4061384057	0	122.2784949614	114.4334933916	0	34.6661205588	0	0	0	0	187.7334735043	0	0	0	0	238.9713294166	0	0	0	0	492.8297799768	0	0	2417.5749015889	737.8160362740	236.8651175629	0	0	0	0	0	1134.3398770928	0	0	0	916.2567574492	521.8712379566	287.1564865080	0	0	0	0	339.5996494509	4014.1953744903	0	0	389.3008640742	1192.7996918557	0	0	0	1244.9446003118	482.6124005747	0	0	0	2594.3768807720	0	0	2303.0097466598	0	0	0	0	0	0	0	0	0	1361.0283442336	0	0	0	0	0	0	0	259.1740903145	0	0	0	0	0	0	0	0	0	0	0	0	0	0	0	0	1494.0499663669	0	0	0	0	0	0	0	0	0	0	0	0	0	0	0	0	0	0	0	0	0	0
PWY-3001: superpathway of L-isoleucine biosynthesis I|unclassified	0	0	0	0	2372.4151212542	0	0	107.4049972404	0	0	0	0	0	0	0	1043.2639018856	0	0	0	0	0	0	0	0	0	3374.7795029543	0	779.5614960424	0	122.2784949614	114.4334933916	0	34.6661205588	0	0	0	0	187.7334735043	0	0	0	0	238.9713294166	0	0	0	0	492.8297799768	0	0	2417.5749015889	737.8160362740	236.8651175629	0	0	0	0	0	1134.3398770928	0	0	0	916.2567574492	521.8712379566	287.1564865080	0	0	0	0	321.1731251985	4014.1953744903	0	0	389.3008640742	1192.7996918557	0	0	0	1244.9446003118	482.6124005747	0	0	0	2594.3768807720	0	0	2303.0097466598	0	0	0	0	0	0	0	0	0	1361.0283442336	0	0	0	0	0	0	0	259.1740903145	0	0	0	0	0	0	0	0	0	0	0	0	0	0	0	0	1326.9493809020	0	0	0	0	0	0	0	0	0	0	0	0	0	0	0	0	0	0	0	0	0	0
PWY-3781: aerobic respiration I (cytochrome c)	0	212.0401485122	71.2205869950	0	89.4781232143	0	0	0	0	0	1397.9793449246	100.1821097913	0	0	0	982.8642380794	96.6993969361	0	0	0	0	0	0	0	0	312.7266662837	15.2124514073	0	0	165.1975165928	210.0035197129	0	0	0	234.3737810521	0	0	1593.7379384627	0	88.7360979709	45.9108272089	0	315.8284429676	91.8560418771	64.3261737366	0	0	2664.5556453334	0	192.9860018534	42.5834163384	1369.8212838035	463.9228588111	0	0	391.0470327582	0	36.8322129956	105.8050465641	76.3434596594	0	0	2188.4672311787	322.3108377104	554.3780011365	92.2245363316	0	24.3448852709	71.8802920785	315.2819699800	457.9718208697	0	0	524.8836058395	1773.2067797049	0	41.5571408607	0	812.7951775696	0	0	0	0	0	0	0	0	0	221.4716150617	0	0	0	927.7202864429	0	0	0	60.2753708466	0	0	0	104.8658815094	0	0	0	420.6070994277	0	49.3832316300	0	0	0	0	0	78.8586169821	0	0	0	0	0	0	0	49.9496515557	247.6746721608	14.3240383461	592.0134113529	0	0	0	0	0	0	0	0	0	0	0	0	0	0	0	0	0	0	0	0
PWY-3781: aerobic respiration I (cytochrome c)|unclassified	0	212.0401485122	71.2205869950	0	89.4781232143	0	0	0	0	0	1397.9793449246	100.1821097913	0	0	0	982.8642380794	96.6993969361	0	0	0	0	0	0	0	0	312.7266662837	15.2124514073	0	0	165.1975165928	210.0035197129	0	0	0	234.3737810521	0	0	1593.7379384627	0	88.7360979709	45.9108272089	0	315.8284429676	91.8560418771	64.3261737366	0	0	2151.6693118675	0	192.9860018534	42.5834163384	1369.8212838035	463.9228588111	0	0	391.0470327582	0	36.8322129956	105.8050465641	76.3434596594	0	0	2188.4672311787	322.3108377104	554.3780011365	92.2245363316	0	24.3448852709	71.8802920785	137.5785790075	457.9718208697	0	0	524.8836058395	1773.2067797049	0	41.5571408607	0	812.7951775696	0	0	0	0	0	0	0	0	0	221.4716150617	0	0	0	927.7202864429	0	0	0	60.2753708466	0	0	0	104.8658815094	0	0	0	420.6070994277	0	49.3832316300	0	0	0	0	0	78.8586169821	0	0	0	0	0	0	0	49.9496515557	247.6746721608	14.3240383461	592.0134113529	0	0	0	0	0	0	0	0	0	0	0	0	0	0	0	0	0	0	0	0
PWY-3841: folate transformations II (plants)	0	0	0	0	844.5070195114	0	0	1838.8467547796	0	0	0	0	0	0	0	224.9442541348	77.1374248434	0	0	510.4847753737	0	0	0	0	0	1728.9544692044	28.9141629274	2197.4770859223	0	986.3347980114	244.6182500581	0	0	0	0	0	0	445.0238667764	0	229.2386093317	0	0	506.3539894772	398.9912358627	0	0	0	2529.5794051411	0	0	1600.0722889456	2685.2207936427	1686.1299071963	0	0	246.6129584889	222.6391025270	131.4614845989	1152.3988886416	0	0	0	0	215.1306523712	359.2838742267	554.3866020955	0	0	0	3105.6611309987	3959.3365811736	0	0	1249.4000275124	513.4177990205	0	395.1388758728	0	4669.1147617375	2400.0648396324	0	0	0	1316.2006319537	0	0	3272.0493707596	0	281.4045069899	0	0	0	0	0	0	0	380.2110980050	0	0	0	0	0	0	0	11.2238692864	0	0	0	0	0	0	0	115.8817730913	0	0	522.5328311046	0	0	0	0	0	2986.9851185061	0	0	0	0	0	0	0	0	0	0	0	0	0	0	0	0	0	0	0	0	0	0
PWY-3841: folate transformations II (plants)|unclassified	0	0	0	0	844.5070195114	0	0	1838.8467547796	0	0	0	0	0	0	0	224.9442541348	77.1374248434	0	0	510.4847753737	0	0	0	0	0	1728.9544692044	28.9141629274	2197.4770859223	0	986.3347980114	244.6182500581	0	0	0	0	0	0	445.0238667764	0	229.2386093317	0	0	506.3539894772	398.9912358627	0	0	0	2529.5794051411	0	0	1600.0722889456	2685.2207936427	1686.1299071963	0	0	246.6129584889	222.6391025270	131.4614845989	1152.3988886416	0	0	0	0	215.1306523712	359.2838742267	554.3866020955	0	0	0	2882.3996975834	3959.3365811736	0	0	1249.4000275124	513.4177990205	0	395.1388758728	0	4669.1147617375	2400.0648396324	0	0	0	1316.2006319537	0	0	3272.0493707596	0	281.4045069899	0	0	0	0	0	0	0	380.2110980050	0	0	0	0	0	0	0	11.2238692864	0	0	0	0	0	0	0	115.8817730913	0	0	522.5328311046	0	0	0	0	0	2384.1987821991	0	0	0	0	0	0	0	0	0	0	0	0	0	0	0	0	0	0	0	0	0	0
PWY-4041: &gamma;-glutamyl cycle	0	0	0	0	397.8927506314	0	0	353.7864649845	0	0	0	0	0	0	0	29.1529763218	0	0	0	0	0	0	0	0	0	306.5420987895	10.2646315164	0	0	0	126.5039695037	0	0	0	0	0	0	1462.2462730420	0	0	0	0	80.6697868338	0	0	0	0	86.8346975011	0	0	72.2918902928	261.9687233982	596.5230686364	0	0	0	0	0	0	0	0	0	0	0	0	0	0	0	0	441.2789348805	126.8740599255	0	0	0	0	0	32.1153262796	0	204.2050522714	0	0	0	0	174.8106618484	0	0	0	0	0	0	0	0	0	0	0	0	1188.2261887523	0	0	0	0	0	0	0	749.2632435849	0	0	0	0	0	0	0	0	0	0	0	0	0	0	0	0	822.1606712151	0	0	0	0	0	0	0	0	0	0	0	0	0	0	0	0	0	0	0	0	0	0
PWY-4041: &gamma;-glutamyl cycle|unclassified	0	0	0	0	397.8927506314	0	0	353.7864649845	0	0	0	0	0	0	0	29.1529763218	0	0	0	0	0	0	0	0	0	306.5420987895	10.2646315164	0	0	0	126.5039695037	0	0	0	0	0	0	1462.2462730420	0	0	0	0	80.6697868338	0	0	0	0	86.8346975011	0	0	72.2918902928	261.9687233982	596.5230686364	0	0	0	0	0	0	0	0	0	0	0	0	0	0	0	0	441.2789348805	126.8740599255	0	0	0	0	0	32.1153262796	0	204.2050522714	0	0	0	0	174.8106618484	0	0	0	0	0	0	0	0	0	0	0	0	1188.2261887523	0	0	0	0	0	0	0	749.2632435849	0	0	0	0	0	0	0	0	0	0	0	0	0	0	0	0	822.1606712151	0	0	0	0	0	0	0	0	0	0	0	0	0	0	0	0	0	0	0	0	0	0
PWY-4984: urea cycle	0	0	0	0	0	0	0	0	0	0	0	0	0	0	0	285.1361970051	0	0	0	0	0	0	0	0	0	0	0	0	0	0	0	0	0	0	0	0	0	30.6274459982	0	0	0	0	0	0	0	0	0	101.3091289985	0	0	0	0	0	0	0	0	0	0	0	0	0	0	398.3298525471	0	0	0	0	0	0	0	49.3141745692	0	0	0	0	0	0	0	0	0	0	0	0	0	0	0	0	0	0	0	0	0	0	0	0	0	0	0	0	0	0	0	0	0	0	0	0	0	0	0	0	0	0	0	0	0	0	0	0	0	0	0	0	0	0	0	0	0	0	0	0	0	0	0	0	0	0	0	0	0	0	0	0	0
PWY-4984: urea cycle|unclassified	0	0	0	0	0	0	0	0	0	0	0	0	0	0	0	285.1361970051	0	0	0	0	0	0	0	0	0	0	0	0	0	0	0	0	0	0	0	0	0	30.6274459982	0	0	0	0	0	0	0	0	0	101.3091289985	0	0	0	0	0	0	0	0	0	0	0	0	0	0	398.3298525471	0	0	0	0	0	0	0	49.3141745692	0	0	0	0	0	0	0	0	0	0	0	0	0	0	0	0	0	0	0	0	0	0	0	0	0	0	0	0	0	0	0	0	0	0	0	0	0	0	0	0	0	0	0	0	0	0	0	0	0	0	0	0	0	0	0	0	0	0	0	0	0	0	0	0	0	0	0	0	0	0	0	0	0
PWY-5030: L-histidine degradation III	0	0	0	0	0	0	0	0	0	0	0	0	0	0	0	0	0	0	0	100.5967473520	0	0	0	0	0	62.2589010019	0	0	0	0	0	0	0	0	0	0	0	63.3793863843	0	0	0	0	129.8995056944	0	0	0	0	993.9666823989	0	0	132.5710488703	206.6851793562	0	0	0	0	0	0	0	0	0	0	0	0	149.5288273596	0	0	0	0	2497.9714738071	151.2909675892	0	0	0	0	0	0	0	1685.1349516198	705.6994070405	0	0	0	0	0	0	0	0	0	0	0	0	0	0	0	0	0	0	0	0	0	0	0	0	0	0	0	0	0	0	0	0	0	0	0	0	0	0	0	0	0	1261.0007533864	0	0	0	0	0	0	0	0	0	0	0	0	0	0	0	0	0	0	0	0	0	0
PWY-5030: L-histidine degradation III|unclassified	0	0	0	0	0	0	0	0	0	0	0	0	0	0	0	0	0	0	0	100.5967473520	0	0	0	0	0	62.2589010019	0	0	0	0	0	0	0	0	0	0	0	63.3793863843	0	0	0	0	129.8995056944	0	0	0	0	993.9666823989	0	0	132.5710488703	206.6851793562	0	0	0	0	0	0	0	0	0	0	0	0	149.5288273596	0	0	0	0	888.1150004840	151.2909675892	0	0	0	0	0	0	0	1685.1349516198	705.6994070405	0	0	0	0	0	0	0	0	0	0	0	0	0	0	0	0	0	0	0	0	0	0	0	0	0	0	0	0	0	0	0	0	0	0	0	0	0	0	0	0	0	1219.8658741249	0	0	0	0	0	0	0	0	0	0	0	0	0	0	0	0	0	0	0	0	0	0
PWY-5067: glycogen biosynthesis II (from UDP-D-Glucose)	0	20.1625395729	0	0	0	0	10.0434792363	0	0	0	0	0	0	0	0	36.9002442436	0	0	0	0	0	0	0	0	0	0	0	0	0	0	0	0	0	0	16.5292850883	0	0	0	0	0	0	0	0	0	0	0	0	29.8213950499	0	8.7406036389	0	6.5635283954	0	0	0	10.2351651302	0	0	0	0	0	0	0	0	0	0	0	0	0	0	10.3228816346	0	0	0	0	0	0	0	0	0	0	0	0	0	0	0	0	0	14.5192079445	0	0	0	0	0	0	0	0	0	0	0	0	0	0	0	0	0	0	0	0	0	0	0	9.6376963544	0	0	0	0	41.5650295416	0	0	0	0	0	0	0	0	0	0	0	0	0	0	0	0	0	0	0	0	0	0	0	0	0	0
PWY-5067: glycogen biosynthesis II (from UDP-D-Glucose)|unclassified	0	20.1625395729	0	0	0	0	10.0434792363	0	0	0	0	0	0	0	0	36.9002442436	0	0	0	0	0	0	0	0	0	0	0	0	0	0	0	0	0	0	16.5292850883	0	0	0	0	0	0	0	0	0	0	0	0	29.8213950499	0	8.7406036389	0	6.5635283954	0	0	0	10.2351651302	0	0	0	0	0	0	0	0	0	0	0	0	0	0	10.3228816346	0	0	0	0	0	0	0	0	0	0	0	0	0	0	0	0	0	14.5192079445	0	0	0	0	0	0	0	0	0	0	0	0	0	0	0	0	0	0	0	0	0	0	0	9.6376963544	0	0	0	0	41.5650295416	0	0	0	0	0	0	0	0	0	0	0	0	0	0	0	0	0	0	0	0	0	0	0	0	0	0
PWY-5097: L-lysine biosynthesis VI	0	0	0	0	0	0	0	0	0	0	0	0	0	0	0	0	106.3073131668	0	0	398.5404058352	0	0	0	0	0	0	0	3819.7742431973	0	0	51.7880006451	0	0	0	0	0	0	430.1690950153	0	0	0	0	285.1329708511	101.9213013882	0	239.4983218923	0	811.5980273603	0	0	0	0	0	0	0	0	0	0	1902.8658128154	0	0	0	0	622.2922672844	436.3116953002	63.5770421470	0	0	0	99.1234265281	141.6850367324	0	0	0	632.5719694137	0	290.3332856229	0	3511.6484402384	4376.3883058441	0	0	0	0	0	0	0	0	286.5488196758	0	0	0	71.5525223157	0	0	0	968.8259532778	0	0	0	0	0	0	0	146.2492637693	0	0	0	0	0	0	0	269.9809414190	0	0	777.5145122499	0	0	0	0	0	1891.8953584608	0	0	0	0	0	0	0	0	0	0	0	0	0	0	0	0	0	0	0	0	0	0
PWY-5097: L-lysine biosynthesis VI|unclassified	0	0	0	0	0	0	0	0	0	0	0	0	0	0	0	0	106.3073131668	0	0	398.5404058352	0	0	0	0	0	0	0	1808.9830538320	0	0	51.7880006451	0	0	0	0	0	0	430.1690950153	0	0	0	0	285.1329708511	101.9213013882	0	239.4983218923	0	788.7406960891	0	0	0	0	0	0	0	0	0	0	1902.8658128154	0	0	0	0	622.2922672844	436.3116953002	63.5770421470	0	0	0	97.9103636891	141.6850367324	0	0	0	632.5719694137	0	290.3332856229	0	3511.6484402384	4142.4339648205	0	0	0	0	0	0	0	0	286.5488196758	0	0	0	71.5525223157	0	0	0	968.8259532778	0	0	0	0	0	0	0	146.2492637693	0	0	0	0	0	0	0	269.9809414190	0	0	587.6560312015	0	0	0	0	0	1851.8941399381	0	0	0	0	0	0	0	0	0	0	0	0	0	0	0	0	0	0	0	0	0	0
PWY-5100: pyruvate fermentation to acetate and lactate II	0	0	0	0	4960.8955713145	0	0	1488.0090783225	0	0	810.9913642436	0	0	0	0	1913.1634803243	73.2451339306	0	0	801.2481061642	0	0	0	0	0	4516.4696571926	31.8706477780	1800.8525100669	0	593.9764581946	70.1271715029	0	0	0	0	0	0	443.6492052123	0	799.3996829433	0	0	2375.2806436361	452.6926424025	715.0946810823	41.5323777042	0	4036.9372795729	0	0	3670.5880906894	3457.9456712998	2635.7896765136	0	0	503.6958738895	0	72.9027673675	2733.3812145232	35.8640246736	0	0	2079.2778365303	942.8229067317	1161.3807565311	550.4374650594	0	16.5346841676	0	4135.0042225955	6562.1737079103	0	0	1144.7136713564	4013.5886129261	0	302.4178359334	0	6620.6893517714	3400.2596949505	0	0	0	4642.0091996452	0	225.9844341114	4037.5939753145	0	880.5443410744	0	0	0	1323.1715600735	0	0	0	549.3240776981	0	0	0	0	0	0	0	510.4454792820	0	0	0	0	129.3220585620	0	0	469.4238826481	0	0	84.2208482485	0	0	0	0	0	6092.8568718194	0	76.0920132248	0	0	0	0	0	0	0	0	0	0	0	0	0	0	0	0	0	0	0	0
PWY-5100: pyruvate fermentation to acetate and lactate II|unclassified	0	0	0	0	4960.8955713145	0	0	1488.0090783225	0	0	810.9913642436	0	0	0	0	1913.1634803243	73.2451339306	0	0	801.2481061642	0	0	0	0	0	4516.4696571926	31.8706477780	1800.8525100669	0	593.9764581946	70.1271715029	0	0	0	0	0	0	443.6492052123	0	799.3996829433	0	0	2375.2806436361	452.6926424025	715.0946810823	41.5323777042	0	4036.9372795729	0	0	3670.5880906894	3457.9456712998	2635.7896765136	0	0	503.6958738895	0	72.9027673675	2733.3812145232	35.8640246736	0	0	2079.2778365303	942.8229067317	1161.3807565311	550.4374650594	0	16.5346841676	0	3753.4482753815	6562.1737079103	0	0	1144.7136713564	4013.5886129261	0	302.4178359334	0	6620.6893517714	2746.0835034947	0	0	0	4642.0091996452	0	225.9844341114	4037.5939753145	0	880.5443410744	0	0	0	1323.1715600735	0	0	0	549.3240776981	0	0	0	0	0	0	0	510.4454792820	0	0	0	0	129.3220585620	0	0	469.4238826481	0	0	84.2208482485	0	0	0	0	0	2757.5168911694	0	76.0920132248	0	0	0	0	0	0	0	0	0	0	0	0	0	0	0	0	0	0	0	0
PWY-5103: L-isoleucine biosynthesis III	0	0	0	0	2085.3302045196	0	35.8680731925	34.6197570700	0	0	0	0	0	0	0	1067.8493900205	0	0	0	179.4914949429	0	0	0	0	0	5286.9979930548	0	669.9127986511	0	69.4882549818	118.3406343895	0	58.7657826989	0	0	0	0	397.6628912018	0	0	0	0	233.9280903677	88.5573254170	0	0	0	872.1951450032	0	0	2077.1746026770	542.0911781177	145.1991888687	0	0	0	0	0	560.0627370505	0	0	0	735.7413996492	449.2086221778	532.9657316335	0	0	0	0	304.4747989545	2083.4143974352	0	0	621.6745469181	2007.6540769250	0	114.0712553314	0	733.7618223707	456.0057776020	0	0	0	2265.0717415636	0	0	2362.4248894537	0	0	0	0	0	0	0	0	0	1124.8773620850	0	0	0	0	0	0	0	378.3605151310	0	0	14.1620243320	0	14.7841330007	0	0	0	0	0	485.4075897722	0	0	0	0	0	3585.3696369234	0	0	0	0	0	0	0	0	0	0	0	0	0	0	0	0	0	0	0	0	0	0
PWY-5103: L-isoleucine biosynthesis III|unclassified	0	0	0	0	2085.3302045196	0	35.8680731925	34.6197570700	0	0	0	0	0	0	0	1067.8493900205	0	0	0	179.4914949429	0	0	0	0	0	5286.9979930548	0	669.9127986511	0	69.4882549818	118.3406343895	0	58.7657826989	0	0	0	0	397.6628912018	0	0	0	0	233.9280903677	88.5573254170	0	0	0	872.1951450032	0	0	2077.1746026770	542.0911781177	145.1991888687	0	0	0	0	0	560.0627370505	0	0	0	735.7413996492	449.2086221778	532.9657316335	0	0	0	0	276.0732119321	2083.4143974352	0	0	621.6745469181	2007.6540769250	0	114.0712553314	0	733.7618223707	456.0057776020	0	0	0	2265.0717415636	0	0	2362.4248894537	0	0	0	0	0	0	0	0	0	1124.8773620850	0	0	0	0	0	0	0	378.3605151310	0	0	14.1620243320	0	14.7841330007	0	0	0	0	0	485.4075897722	0	0	0	0	0	1688.9458601832	0	0	0	0	0	0	0	0	0	0	0	0	0	0	0	0	0	0	0	0	0	0
PWY-5121: superpathway of geranylgeranyl diphosphate biosynthesis II (via MEP)	0	0	0	0	0	0	0	0	0	0	0	0	0	0	0	0	0	0	0	0	0	0	0	0	0	92.8521771883	0	0	0	0	0	0	0	0	0	0	0	0	0	0	0	0	0	0	0	0	0	748.1263849641	0	0	184.4712318880	287.8448954645	0	0	0	0	0	0	0	0	0	0	0	0	0	0	0	0	0	647.8430804910	183.7714074872	0	0	0	0	0	0	0	1027.8857888844	0	0	0	0	0	0	0	0	0	0	0	0	0	0	0	0	0	293.2496648742	0	0	0	0	0	0	0	0	0	0	0	0	0	0	0	0	0	0	0	0	0	0	0	0	232.1645724539	0	0	0	0	0	0	0	0	0	0	0	0	0	0	0	0	0	0	0	0	0	0
PWY-5121: superpathway of geranylgeranyl diphosphate biosynthesis II (via MEP)|unclassified	0	0	0	0	0	0	0	0	0	0	0	0	0	0	0	0	0	0	0	0	0	0	0	0	0	92.8521771883	0	0	0	0	0	0	0	0	0	0	0	0	0	0	0	0	0	0	0	0	0	748.1263849641	0	0	184.4712318880	285.7490744981	0	0	0	0	0	0	0	0	0	0	0	0	0	0	0	0	0	613.3986736969	183.7714074872	0	0	0	0	0	0	0	1027.8857888844	0	0	0	0	0	0	0	0	0	0	0	0	0	0	0	0	0	293.2496648742	0	0	0	0	0	0	0	0	0	0	0	0	0	0	0	0	0	0	0	0	0	0	0	0	230.2152437710	0	0	0	0	0	0	0	0	0	0	0	0	0	0	0	0	0	0	0	0	0	0
PWY-5130: 2-oxobutanoate degradation I	0	0	0	0	0	0	0	0	0	0	0	0	0	0	0	0	0	0	0	0	0	0	0	0	0	0	0	0	0	0	0	0	0	0	0	0	0	0	0	0	0	0	0	0	0	0	0	0	0	0	0	0	0	0	0	0	0	91.3754311583	0	0	0	0	0	0	0	0	0	0	0	53.5197034005	0	0	0	0	0	0	0	0	112.7707401241	0	0	0	0	0	0	0	0	0	0	0	0	0	0	0	0	0	0	0	0	0	0	0	0	0	108.7085312755	0	0	0	0	0	0	0	0	0	0	0	0	0	0	0	0	0	0	0	0	0	0	0	0	0	0	0	0	0	0	0	0	0	0	0	0	0	0	0
PWY-5130: 2-oxobutanoate degradation I|unclassified	0	0	0	0	0	0	0	0	0	0	0	0	0	0	0	0	0	0	0	0	0	0	0	0	0	0	0	0	0	0	0	0	0	0	0	0	0	0	0	0	0	0	0	0	0	0	0	0	0	0	0	0	0	0	0	0	0	91.3754311583	0	0	0	0	0	0	0	0	0	0	0	51.1187714518	0	0	0	0	0	0	0	0	112.7707401241	0	0	0	0	0	0	0	0	0	0	0	0	0	0	0	0	0	0	0	0	0	0	0	0	0	108.7085312755	0	0	0	0	0	0	0	0	0	0	0	0	0	0	0	0	0	0	0	0	0	0	0	0	0	0	0	0	0	0	0	0	0	0	0	0	0	0	0
PWY-5136: fatty acid &beta;-oxidation II (plant peroxisome)	0	0	0	0	0	0	0	0	0	0	0	0	0	0	0	0	0	0	0	0	0	0	0	0	0	0	0	0	0	0	80.4318166399	0	0	0	0	0	0	532.3385835734	0	0	0	0	0	0	0	0	0	0	0	0	0	0	0	0	0	0	0	0	0	0	0	0	0	0	0	0	0	0	0	0	0	0	0	0	0	0	0	0	0	0	0	0	0	0	0	0	0	0	0	0	0	0	0	0	0	0	1405.1104862099	0	0	0	0	0	0	0	42.8717145190	0	0	0	0	27.6956753014	0	0	0	0	0	0	0	0	0	0	0	0	0	0	0	0	0	0	0	0	0	0	0	0	0	0	0	0	0	0	0	0	0	0
PWY-5136: fatty acid &beta;-oxidation II (plant peroxisome)|unclassified	0	0	0	0	0	0	0	0	0	0	0	0	0	0	0	0	0	0	0	0	0	0	0	0	0	0	0	0	0	0	80.4318166399	0	0	0	0	0	0	532.3385835734	0	0	0	0	0	0	0	0	0	0	0	0	0	0	0	0	0	0	0	0	0	0	0	0	0	0	0	0	0	0	0	0	0	0	0	0	0	0	0	0	0	0	0	0	0	0	0	0	0	0	0	0	0	0	0	0	0	0	1405.1104862099	0	0	0	0	0	0	0	42.8717145190	0	0	0	0	27.6956753014	0	0	0	0	0	0	0	0	0	0	0	0	0	0	0	0	0	0	0	0	0	0	0	0	0	0	0	0	0	0	0	0	0	0
PWY-5138: fatty acid &beta;-oxidation IV (unsaturated, even number)	0	0	0	0	0	0	0	0	0	0	0	0	0	0	0	0	0	0	0	0	0	0	0	0	0	0	0	0	0	0	30.0003204165	0	0	0	0	0	0	222.9088244159	0	0	0	0	0	0	0	0	0	0	0	0	0	0	0	0	0	0	0	0	0	0	0	0	0	0	0	0	0	0	0	0	0	0	0	0	0	0	0	0	0	0	0	0	0	0	0	0	0	0	0	0	0	0	0	0	0	0	554.4784480059	0	0	0	0	0	0	0	16.6492486397	0	0	0	0	24.9973390280	0	0	0	0	0	0	0	0	0	0	0	0	0	0	0	0	0	0	0	0	0	0	0	0	0	0	0	0	0	0	0	0	0	0
PWY-5138: fatty acid &beta;-oxidation IV (unsaturated, even number)|unclassified	0	0	0	0	0	0	0	0	0	0	0	0	0	0	0	0	0	0	0	0	0	0	0	0	0	0	0	0	0	0	30.0003204165	0	0	0	0	0	0	222.9088244159	0	0	0	0	0	0	0	0	0	0	0	0	0	0	0	0	0	0	0	0	0	0	0	0	0	0	0	0	0	0	0	0	0	0	0	0	0	0	0	0	0	0	0	0	0	0	0	0	0	0	0	0	0	0	0	0	0	0	554.4784480059	0	0	0	0	0	0	0	16.6492486397	0	0	0	0	24.9973390280	0	0	0	0	0	0	0	0	0	0	0	0	0	0	0	0	0	0	0	0	0	0	0	0	0	0	0	0	0	0	0	0	0	0
PWY-5154: L-arginine biosynthesis III (via N-acetyl-L-citrulline)	0	0	0	0	0	0	0	0	0	0	0	0	0	0	0	0	0	0	0	0	0	0	0	0	0	0	0	0	0	0	26.0055486147	0	0	0	0	0	0	187.9127626908	0	0	0	0	0	0	0	0	0	0	0	0	0	0	0	0	0	0	0	0	0	0	0	0	0	0	0	0	0	0	0	0	0	0	0	0	0	0	0	0	0	0	0	0	0	0	0	0	0	0	0	0	0	0	0	0	0	0	1222.0800109259	0	0	0	0	0	0	0	0	0	0	0	0	0	0	0	0	0	0	0	0	0	0	0	0	0	0	0	0	0	0	0	0	0	0	0	0	0	0	0	0	0	0	0	0	0	0	0
PWY-5154: L-arginine biosynthesis III (via N-acetyl-L-citrulline)|unclassified	0	0	0	0	0	0	0	0	0	0	0	0	0	0	0	0	0	0	0	0	0	0	0	0	0	0	0	0	0	0	26.0055486147	0	0	0	0	0	0	187.9127626908	0	0	0	0	0	0	0	0	0	0	0	0	0	0	0	0	0	0	0	0	0	0	0	0	0	0	0	0	0	0	0	0	0	0	0	0	0	0	0	0	0	0	0	0	0	0	0	0	0	0	0	0	0	0	0	0	0	0	1222.0800109259	0	0	0	0	0	0	0	0	0	0	0	0	0	0	0	0	0	0	0	0	0	0	0	0	0	0	0	0	0	0	0	0	0	0	0	0	0	0	0	0	0	0	0	0	0	0	0
PWY-5188: tetrapyrrole biosynthesis I (from glutamate)	0	0	0	0	0	0	0	0	0	0	0	0	0	0	0	0	0	0	0	0	0	0	0	0	0	82.6650073596	0	0	0	0	59.1185494290	0	0	0	0	0	0	0	0	0	0	0	0	46.8758267437	0	0	0	0	0	0	0	49.6436962531	0	0	0	0	0	0	0	0	0	0	0	0	0	0	0	0	0	124.0705145640	101.0082598113	0	0	136.9530101024	0	0	0	0	294.7060834524	0	0	0	0	0	0	0	0	0	0	0	0	0	0	0	0	0	844.8283516811	0	0	0	0	0	0	0	70.6213779070	0	0	0	0	0	0	0	0	0	0	133.6682622595	0	0	0	0	0	27.9779777689	0	0	0	0	0	0	0	0	0	0	0	0	0	0	0	0	0	0	0	0	0	0
PWY-5188: tetrapyrrole biosynthesis I (from glutamate)|unclassified	0	0	0	0	0	0	0	0	0	0	0	0	0	0	0	0	0	0	0	0	0	0	0	0	0	82.6650073596	0	0	0	0	59.1185494290	0	0	0	0	0	0	0	0	0	0	0	0	46.8758267437	0	0	0	0	0	0	0	49.6436962531	0	0	0	0	0	0	0	0	0	0	0	0	0	0	0	0	0	124.0705145640	101.0082598113	0	0	136.9530101024	0	0	0	0	294.7060834524	0	0	0	0	0	0	0	0	0	0	0	0	0	0	0	0	0	844.8283516811	0	0	0	0	0	0	0	70.6213779070	0	0	0	0	0	0	0	0	0	0	133.6682622595	0	0	0	0	0	27.4158477705	0	0	0	0	0	0	0	0	0	0	0	0	0	0	0	0	0	0	0	0	0	0
PWY-5189: tetrapyrrole biosynthesis II (from glycine)	0	0	0	0	0	0	0	0	0	0	0	0	0	0	0	0	0	0	0	0	0	0	0	0	0	71.0802949504	0	0	0	0	45.3876906805	0	0	0	0	0	0	0	0	0	0	0	0	248.8691529577	0	0	0	0	0	0	0	0	0	0	0	0	0	0	0	0	0	0	0	0	0	0	0	0	0	88.3160874931	111.5068741220	0	0	35.1021564679	0	0	0	0	556.0233914253	0	0	0	0	0	0	0	0	0	0	0	0	0	0	0	0	0	832.7349413259	0	0	0	0	0	0	0	18.2619076379	0	0	0	0	0	0	0	0	0	0	103.2169329732	0	0	0	0	0	0	0	0	0	0	0	0	0	0	0	0	0	0	0	0	0	0	0	0	0	0	0	0
PWY-5189: tetrapyrrole biosynthesis II (from glycine)|unclassified	0	0	0	0	0	0	0	0	0	0	0	0	0	0	0	0	0	0	0	0	0	0	0	0	0	71.0802949504	0	0	0	0	45.3876906805	0	0	0	0	0	0	0	0	0	0	0	0	248.8691529577	0	0	0	0	0	0	0	0	0	0	0	0	0	0	0	0	0	0	0	0	0	0	0	0	0	88.3160874931	111.5068741220	0	0	35.1021564679	0	0	0	0	556.0233914253	0	0	0	0	0	0	0	0	0	0	0	0	0	0	0	0	0	832.7349413259	0	0	0	0	0	0	0	18.2619076379	0	0	0	0	0	0	0	0	0	0	103.2169329732	0	0	0	0	0	0	0	0	0	0	0	0	0	0	0	0	0	0	0	0	0	0	0	0	0	0	0	0
PWY-5265: peptidoglycan biosynthesis II (staphylococci)	0	0	0	0	1866.2812613642	0	0	0	0	0	0	0	0	0	0	0	0	0	0	0	0	0	0	0	0	2026.8149246795	0	0	0	0	0	0	0	0	0	0	0	0	0	0	0	0	0	0	0	0	0	2170.7380713486	0	0	865.9481306182	332.9701713832	0	0	0	0	338.2415527765	0	2534.9328368151	0	0	0	0	0	0	0	0	0	0	0	7041.8727020307	0	0	0	0	0	0	0	4056.0349029968	0	0	0	0	2106.6416389110	0	0	3440.8184457520	0	0	0	0	0	0	0	0	0	0	0	0	0	0	0	0	0	0	0	0	0	0	0	0	0	0	0	0	0	0	0	0	0	0	0	0	0	0	0	0	0	0	0	0	0	0	0	0	0	0	0	0	0	0	0	0	0
PWY-5265: peptidoglycan biosynthesis II (staphylococci)|unclassified	0	0	0	0	1866.2812613642	0	0	0	0	0	0	0	0	0	0	0	0	0	0	0	0	0	0	0	0	2026.8149246795	0	0	0	0	0	0	0	0	0	0	0	0	0	0	0	0	0	0	0	0	0	2170.7380713486	0	0	865.9481306182	332.9701713832	0	0	0	0	338.2415527765	0	2534.9328368151	0	0	0	0	0	0	0	0	0	0	0	7041.8727020307	0	0	0	0	0	0	0	4056.0349029968	0	0	0	0	2106.6416389110	0	0	3440.8184457520	0	0	0	0	0	0	0	0	0	0	0	0	0	0	0	0	0	0	0	0	0	0	0	0	0	0	0	0	0	0	0	0	0	0	0	0	0	0	0	0	0	0	0	0	0	0	0	0	0	0	0	0	0	0	0	0	0
PWY-5345: superpathway of L-methionine biosynthesis (by sulfhydrylation)	0	0	0	0	0	0	0	0	0	0	0	0	0	0	0	0	0	0	0	0	0	0	0	0	0	0	0	0	0	0	74.8867678444	0	0	0	0	0	0	0	0	0	0	0	0	0	0	0	0	0	0	0	79.7458690205	0	0	0	0	0	0	0	0	0	0	0	0	0	0	0	0	0	0	0	0	0	0	0	0	0	0	0	0	0	0	0	0	0	0	0	0	0	0	0	0	0	0	0	0	0	135.6872843083	0	0	0	0	0	0	0	0	0	0	0	0	0	0	0	0	0	0	0	0	0	0	0	0	0	0	0	0	0	0	0	0	0	0	0	0	0	0	0	0	0	0	0	0	0	0	0
PWY-5345: superpathway of L-methionine biosynthesis (by sulfhydrylation)|unclassified	0	0	0	0	0	0	0	0	0	0	0	0	0	0	0	0	0	0	0	0	0	0	0	0	0	0	0	0	0	0	74.8867678444	0	0	0	0	0	0	0	0	0	0	0	0	0	0	0	0	0	0	0	79.7458690205	0	0	0	0	0	0	0	0	0	0	0	0	0	0	0	0	0	0	0	0	0	0	0	0	0	0	0	0	0	0	0	0	0	0	0	0	0	0	0	0	0	0	0	0	0	135.6872843083	0	0	0	0	0	0	0	0	0	0	0	0	0	0	0	0	0	0	0	0	0	0	0	0	0	0	0	0	0	0	0	0	0	0	0	0	0	0	0	0	0	0	0	0	0	0	0
PWY-5347: superpathway of L-methionine biosynthesis (transsulfuration)	0	0	0	0	0	0	0	0	0	0	0	0	0	0	0	323.0718812611	0	0	0	0	0	0	0	0	0	52.8397595414	0	316.7201251005	0	59.0367457597	100.0414936437	0	0	0	0	0	0	183.5384779503	0	0	0	0	0	0	0	0	0	268.9166897889	0	0	740.3182981567	0	0	0	0	0	0	0	540.9019792199	0	0	0	0	382.0542075390	104.4393128815	0	0	0	0	0	0	0	0	0	716.4845389037	0	0	0	252.0421672627	0	0	0	0	0	0	0	0	0	0	0	0	0	0	0	0	0	1389.8805345877	0	0	0	0	0	0	0	54.8888925932	0	0	0	0	0	0	0	0	0	0	0	0	0	0	0	0	644.1426817600	0	0	0	0	0	0	0	0	0	0	0	0	0	0	0	0	0	0	0	0	0	0
PWY-5347: superpathway of L-methionine biosynthesis (transsulfuration)|unclassified	0	0	0	0	0	0	0	0	0	0	0	0	0	0	0	323.0718812611	0	0	0	0	0	0	0	0	0	52.8397595414	0	313.5481263645	0	59.0367457597	100.0414936437	0	0	0	0	0	0	183.5384779503	0	0	0	0	0	0	0	0	0	268.9166897889	0	0	740.3182981567	0	0	0	0	0	0	0	540.9019792199	0	0	0	0	382.0542075390	104.4393128815	0	0	0	0	0	0	0	0	0	716.4845389037	0	0	0	252.0421672627	0	0	0	0	0	0	0	0	0	0	0	0	0	0	0	0	0	1389.8805345877	0	0	0	0	0	0	0	54.8888925932	0	0	0	0	0	0	0	0	0	0	0	0	0	0	0	0	628.6805359981	0	0	0	0	0	0	0	0	0	0	0	0	0	0	0	0	0	0	0	0	0	0
PWY-5367: petroselinate biosynthesis	0	0	0	0	748.1276689337	0	0	86.0795113119	0	0	0	0	0	0	0	0	0	0	0	0	0	0	0	0	0	1131.7502481998	0	181.9841212124	0	0	0	0	0	0	0	0	0	0	0	0	0	0	0	0	0	0	0	0	0	0	953.5218413438	0	0	0	0	0	0	0	1891.1750941566	0	0	0	0	0	0	0	0	0	0	0	2420.2637787962	0	0	565.2899557805	0	0	0	0	0	0	0	0	0	859.9603635685	0	0	760.2549008229	0	0	0	0	0	0	0	0	0	174.3440398656	0	0	0	0	0	0	0	115.4533206000	0	0	0	0	0	0	0	0	0	0	0	0	0	0	0	0	522.7172747078	0	0	0	0	0	0	0	0	0	0	0	0	0	0	0	0	0	0	0	0	0	0
PWY-5367: petroselinate biosynthesis|unclassified	0	0	0	0	748.1276689337	0	0	86.0795113119	0	0	0	0	0	0	0	0	0	0	0	0	0	0	0	0	0	1131.7502481998	0	178.7085297191	0	0	0	0	0	0	0	0	0	0	0	0	0	0	0	0	0	0	0	0	0	0	953.5218413438	0	0	0	0	0	0	0	1891.1750941566	0	0	0	0	0	0	0	0	0	0	0	2420.2637787962	0	0	565.2899557805	0	0	0	0	0	0	0	0	0	851.6047171643	0	0	760.2549008229	0	0	0	0	0	0	0	0	0	174.3440398656	0	0	0	0	0	0	0	115.4533206000	0	0	0	0	0	0	0	0	0	0	0	0	0	0	0	0	517.7300375528	0	0	0	0	0	0	0	0	0	0	0	0	0	0	0	0	0	0	0	0	0	0
PWY-5381: NAD salvage (plants)	0	0	0	0	0	0	0	0	0	0	0	0	0	0	0	0	0	0	0	0	0	0	0	0	0	0	0	0	0	0	0	0	0	0	0	0	0	0	0	0	0	0	0	0	0	0	0	19.7399891067	0	0	0	0	0	0	0	0	0	0	0	0	0	0	0	0	0	0	0	0	0	0	0	0	0	0	0	0	0	0	0	0	0	0	0	0	0	0	0	0	0	0	0	0	0	0	0	0	0	0	0	0	0	0	0	0	0	0	0	0	0	0	0	0	0	0	0	0	0	0	0	0	0	0	0	0	0	0	0	0	0	0	0	0	0	0	0	0	0	0	0	0	0	0	0	0
PWY-5381: NAD salvage (plants)|unclassified	0	0	0	0	0	0	0	0	0	0	0	0	0	0	0	0	0	0	0	0	0	0	0	0	0	0	0	0	0	0	0	0	0	0	0	0	0	0	0	0	0	0	0	0	0	0	0	19.7399891067	0	0	0	0	0	0	0	0	0	0	0	0	0	0	0	0	0	0	0	0	0	0	0	0	0	0	0	0	0	0	0	0	0	0	0	0	0	0	0	0	0	0	0	0	0	0	0	0	0	0	0	0	0	0	0	0	0	0	0	0	0	0	0	0	0	0	0	0	0	0	0	0	0	0	0	0	0	0	0	0	0	0	0	0	0	0	0	0	0	0	0	0	0	0	0	0
PWY-5384: sucrose degradation IV (sucrose phosphorylase)	0	0	0	0	415.4394592639	0	0	234.1895991814	0	0	0	0	0	0	0	0	0	0	0	0	0	0	0	0	0	598.5936125904	0	0	0	85.4646474657	95.4866738286	0	0	0	275.5525712099	0	0	0	0	0	0	0	0	0	0	0	0	0	0	0	2109.9148511656	0	0	0	0	0	0	0	604.6514514065	0	0	0	0	0	0	0	0	0	0	44.5764770344	5954.1993707562	0	0	110.5705817815	0	0	0	0	109.5751475891	311.8624313730	0	0	0	385.7320020494	0	0	1145.7220915127	0	0	0	0	0	0	0	0	0	1465.2166263441	0	0	0	0	0	0	0	51.8988806558	0	0	0	0	0	88.5882268644	0	0	0	0	390.9674114620	0	0	0	0	0	1861.1591569295	0	0	0	0	0	0	0	0	0	0	0	0	0	0	0	0	0	0	0	0	0	0
PWY-5384: sucrose degradation IV (sucrose phosphorylase)|unclassified	0	0	0	0	415.4394592639	0	0	234.1895991814	0	0	0	0	0	0	0	0	0	0	0	0	0	0	0	0	0	598.5936125904	0	0	0	85.4646474657	95.4866738286	0	0	0	275.5525712099	0	0	0	0	0	0	0	0	0	0	0	0	0	0	0	2109.9148511656	0	0	0	0	0	0	0	604.6514514065	0	0	0	0	0	0	0	0	0	0	44.5205258103	5954.1993707562	0	0	110.5705817815	0	0	0	0	109.5751475891	311.8624313730	0	0	0	385.7320020494	0	0	1145.7220915127	0	0	0	0	0	0	0	0	0	1465.2166263441	0	0	0	0	0	0	0	51.8988806558	0	0	0	0	0	88.5882268644	0	0	0	0	390.9674114620	0	0	0	0	0	1791.9211051950	0	0	0	0	0	0	0	0	0	0	0	0	0	0	0	0	0	0	0	0	0	0
PWY-5484: glycolysis II (from fructose 6-phosphate)	0	0	0	0	1829.8026278509	0	0	614.5466342929	0	0	158.4639603068	0	0	0	0	792.8790530311	0	0	0	997.5683652982	0	0	0	0	0	1190.4973247270	46.8915331419	4426.3151766404	0	1488.9688811144	437.5852495930	457.7429631968	0	0	0	0	0	666.4263030822	0	0	0	0	1514.1561504342	1729.2100824599	2216.0751590468	0	0	4735.4517825905	0	0	3649.8405808838	5896.4868305184	3261.0473935621	0	0	1175.3096045082	0	0	261.5359776239	56.4167740901	0	0	639.9969289478	937.9742537618	2224.4473731694	0	0	27.3443504091	0	6890.0365704024	3828.9532560704	0	0	593.9411543046	1706.8202097365	0	896.4262492357	0	16839.0517790923	1707.4250722569	0	0	0	340.4716110423	0	0	0	0	0	0	0	0	0	0	0	0	1017.2701660224	0	0	0	0	0	0	0	1568.0847807933	0	0	0	0	0	0	0	2679.3428018714	0	0	646.2952426547	0	0	0	0	0	5025.8787965451	0	0	0	0	0	0	0	0	0	0	0	0	0	0	0	0	0	0	0	0	0	0
PWY-5484: glycolysis II (from fructose 6-phosphate)|unclassified	0	0	0	0	1829.8026278509	0	0	608.8500593299	0	0	158.4639603068	0	0	0	0	792.8790530311	0	0	0	997.5683652982	0	0	0	0	0	1186.2487589909	46.8915331419	3523.3574110252	0	1488.9688811144	437.5852495930	457.7429631968	0	0	0	0	0	666.4263030822	0	0	0	0	1514.1561504342	1729.2100824599	2216.0751590468	0	0	4735.4517825905	0	0	3619.9767434923	5896.4868305184	3261.0473935621	0	0	1175.3096045082	0	0	261.5359776239	56.4167740901	0	0	639.9969289478	929.5132979465	2224.4473731694	0	0	27.3443504091	0	4877.6182439206	3828.9532560704	0	0	593.9411543046	1706.8202097365	0	896.4262492357	0	16839.0517790923	1643.1148090844	0	0	0	340.4716110423	0	0	0	0	0	0	0	0	0	0	0	0	1017.2701660224	0	0	0	0	0	0	0	1568.0847807933	0	0	0	0	0	0	0	2679.3428018714	0	0	605.8702024668	0	0	0	0	0	4199.8416065534	0	0	0	0	0	0	0	0	0	0	0	0	0	0	0	0	0	0	0	0	0	0
PWY-5497: purine nucleobases degradation II (anaerobic)	0	0	0	0	0	0	0	0	0	0	0	0	0	0	0	0	0	0	0	0	0	0	0	0	0	0	0	0	0	0	0	0	0	0	0	0	0	0	0	0	0	0	0	0	0	0	0	0	0	0	0	0	0	0	0	0	0	0	0	0	0	0	0	0	0	0	0	0	0	0	0	0	0	0	0	0	0	0	0	0	0	0	0	0	0	0	0	0	0	0	0	0	0	0	0	0	188.1840344116	0	0	0	0	0	0	0	0	0	0	0	0	0	0	0	0	0	0	0	0	0	0	0	0	0	0	0	0	0	0	0	0	0	0	0	0	0	0	0	0	0	0	0	0	0	0	0
PWY-5497: purine nucleobases degradation II (anaerobic)|unclassified	0	0	0	0	0	0	0	0	0	0	0	0	0	0	0	0	0	0	0	0	0	0	0	0	0	0	0	0	0	0	0	0	0	0	0	0	0	0	0	0	0	0	0	0	0	0	0	0	0	0	0	0	0	0	0	0	0	0	0	0	0	0	0	0	0	0	0	0	0	0	0	0	0	0	0	0	0	0	0	0	0	0	0	0	0	0	0	0	0	0	0	0	0	0	0	0	188.1840344116	0	0	0	0	0	0	0	0	0	0	0	0	0	0	0	0	0	0	0	0	0	0	0	0	0	0	0	0	0	0	0	0	0	0	0	0	0	0	0	0	0	0	0	0	0	0	0
PWY-5514: UDP-N-acetyl-D-galactosamine biosynthesis II	0	0	0	0	0	0	0	0	0	0	0	0	0	0	0	0	0	0	0	0	0	0	0	0	0	0	0	0	0	0	0	0	0	0	0	0	0	0	0	0	0	0	0	0	0	0	0	0	0	0	0	0	0	0	0	0	0	0	0	0	0	0	0	0	0	0	0	0	0	0	0	0	0	0	0	0	0	0	0	0	0	0	0	0	0	0	0	0	0	0	0	0	0	0	0	0	13.9910871737	0	0	0	0	0	0	0	0	0	0	0	0	0	0	0	0	0	0	0	0	0	0	0	0	0	0	0	0	0	0	0	0	0	0	0	0	0	0	0	0	0	0	0	0	0	0	0
PWY-5514: UDP-N-acetyl-D-galactosamine biosynthesis II|unclassified	0	0	0	0	0	0	0	0	0	0	0	0	0	0	0	0	0	0	0	0	0	0	0	0	0	0	0	0	0	0	0	0	0	0	0	0	0	0	0	0	0	0	0	0	0	0	0	0	0	0	0	0	0	0	0	0	0	0	0	0	0	0	0	0	0	0	0	0	0	0	0	0	0	0	0	0	0	0	0	0	0	0	0	0	0	0	0	0	0	0	0	0	0	0	0	0	13.9910871737	0	0	0	0	0	0	0	0	0	0	0	0	0	0	0	0	0	0	0	0	0	0	0	0	0	0	0	0	0	0	0	0	0	0	0	0	0	0	0	0	0	0	0	0	0	0	0
PWY-561: superpathway of glyoxylate cycle and fatty acid degradation	0	0	0	0	0	0	0	0	0	0	0	0	0	0	0	0	0	0	0	0	0	0	0	0	0	0	0	0	0	0	118.3225867138	0	0	0	0	0	0	0	0	0	0	0	0	0	0	0	0	0	0	0	0	0	0	0	0	0	0	0	0	0	0	0	0	0	0	0	0	0	0	0	0	0	0	0	0	0	0	0	0	0	0	0	0	0	0	0	0	0	0	0	0	0	0	0	0	0	1109.2839609085	0	0	0	0	0	0	0	89.8629629818	0	0	0	0	0	0	0	0	0	0	0	0	0	0	0	0	0	0	0	0	0	0	0	0	0	0	0	0	0	0	0	0	0	0	0	0	0	0	0
PWY-561: superpathway of glyoxylate cycle and fatty acid degradation|unclassified	0	0	0	0	0	0	0	0	0	0	0	0	0	0	0	0	0	0	0	0	0	0	0	0	0	0	0	0	0	0	118.3225867138	0	0	0	0	0	0	0	0	0	0	0	0	0	0	0	0	0	0	0	0	0	0	0	0	0	0	0	0	0	0	0	0	0	0	0	0	0	0	0	0	0	0	0	0	0	0	0	0	0	0	0	0	0	0	0	0	0	0	0	0	0	0	0	0	0	1109.2839609085	0	0	0	0	0	0	0	89.8629629818	0	0	0	0	0	0	0	0	0	0	0	0	0	0	0	0	0	0	0	0	0	0	0	0	0	0	0	0	0	0	0	0	0	0	0	0	0	0	0
PWY-5656: mannosylglycerate biosynthesis I	0	0	0	0	0	0	0	0	0	0	0	0	0	0	0	0	0	0	0	0	0	0	0	0	0	0	0	0	0	0	8.2055871022	0	0	0	0	0	0	0	0	0	0	0	0	0	0	0	0	0	0	0	0	0	0	0	0	0	0	0	0	0	0	0	0	0	0	0	0	0	0	0	0	0	0	0	0	0	0	0	0	0	0	0	0	0	0	0	0	0	0	0	0	0	0	0	0	0	492.3714633565	0	0	0	0	0	0	0	0	0	0	0	0	0	0	0	0	0	0	0	0	0	0	0	0	0	0	0	0	0	0	0	0	0	0	0	0	0	0	0	0	0	0	0	0	0	0	0
PWY-5656: mannosylglycerate biosynthesis I|unclassified	0	0	0	0	0	0	0	0	0	0	0	0	0	0	0	0	0	0	0	0	0	0	0	0	0	0	0	0	0	0	8.2055871022	0	0	0	0	0	0	0	0	0	0	0	0	0	0	0	0	0	0	0	0	0	0	0	0	0	0	0	0	0	0	0	0	0	0	0	0	0	0	0	0	0	0	0	0	0	0	0	0	0	0	0	0	0	0	0	0	0	0	0	0	0	0	0	0	0	492.3714633565	0	0	0	0	0	0	0	0	0	0	0	0	0	0	0	0	0	0	0	0	0	0	0	0	0	0	0	0	0	0	0	0	0	0	0	0	0	0	0	0	0	0	0	0	0	0	0
PWY-5659: GDP-mannose biosynthesis	0	0	0	0	24.9595589401	0	134.5051823997	90.6486779005	0	0	0	0	0	0	0	74.7446394570	0	0	0	0	0	0	0	0	0	828.1282326254	0	349.6583646327	0	35.6565412541	86.9509846376	0	0	0	0	0	0	374.1625346924	0	0	0	0	373.2804308002	0	18.4048034182	0	0	899.3105135883	0	0	1292.6129803478	495.8684276976	103.5973847496	0	0	0	0	0	270.6634914743	0	0	0	0	554.3785450145	328.9893083021	121.6995647286	0	0	0	1285.5683657332	3250.4614227661	0	0	79.8921296638	0	0	0	0	2303.7314739063	265.5353833075	0	0	0	1110.7853723692	0	0	1548.6922651170	0	1634.5494549209	0	0	0	121.8702722388	0	0	0	1220.3390492032	0	0	0	0	0	0	0	157.2279588481	0	0	0	0	91.0680682664	0	0	0	0	0	76.3765378317	0	0	0	0	0	1368.5944288173	0	0	0	0	0	0	0	0	0	0	0	0	0	0	0	0	0	0	0	0	0	0
PWY-5659: GDP-mannose biosynthesis|unclassified	0	0	0	0	24.9595589401	0	134.5051823997	90.6486779005	0	0	0	0	0	0	0	74.7446394570	0	0	0	0	0	0	0	0	0	828.1282326254	0	349.6583646327	0	35.6565412541	86.9509846376	0	0	0	0	0	0	374.1625346924	0	0	0	0	373.2804308002	0	18.4048034182	0	0	899.3105135883	0	0	1292.6129803478	495.8684276976	103.5973847496	0	0	0	0	0	270.6634914743	0	0	0	0	554.3785450145	328.9893083021	121.6995647286	0	0	0	823.4795027573	3250.4614227661	0	0	79.8921296638	0	0	0	0	2303.7314739063	265.5353833075	0	0	0	1110.7853723692	0	0	1548.6922651170	0	1634.5494549209	0	0	0	121.8702722388	0	0	0	1220.3390492032	0	0	0	0	0	0	0	157.2279588481	0	0	0	0	91.0680682664	0	0	0	0	0	76.3765378317	0	0	0	0	0	302.1290534531	0	0	0	0	0	0	0	0	0	0	0	0	0	0	0	0	0	0	0	0	0	0
PWY-5667: CDP-diacylglycerol biosynthesis I	32.9641650267	0	0	0	419.6156404355	0	117.9452056976	0	0	0	0	0	0	0	0	246.8590026044	234.5043448146	0	0	0	0	0	0	0	0	592.8267533853	0	234.7753977631	0	0	188.9153186195	50.4043188633	115.4893114349	0	20.5584167068	0	0	440.8654957189	0	61.4860706202	0	0	248.5458433657	169.4640262369	903.7823435846	46.7224124697	0	355.2499367377	0	0	0	291.7768874162	390.8184242748	0	0	0	0	0	0	16.2719673587	0	0	520.3473018203	34.8775660986	479.3399608874	192.3821248635	0	22.2489217716	0	415.9066244740	164.0877265711	0	0	45.6024248351	1011.2698348415	0	267.4635417700	0	1526.9297629041	143.0809511291	0	0	0	657.5273292328	0	0	0	0	0	0	0	0	174.3757505539	0	0	0	1108.6387525451	0	0	0	0	0	0	0	124.5380042724	0	0	20.8806712734	0	0	0	0	30.8558996894	0	0	129.7104657132	0	0	0	0	0	866.4425183915	0	0	0	0	0	0	0	0	0	0	0	0	0	0	0	0	0	0	0	0	0	0
PWY-5667: CDP-diacylglycerol biosynthesis I|unclassified	32.9641650267	0	0	0	419.6156404355	0	117.9452056976	0	0	0	0	0	0	0	0	246.8590026044	234.5043448146	0	0	0	0	0	0	0	0	592.8267533853	0	234.7753977631	0	0	188.9153186195	50.4043188633	115.4893114349	0	20.5584167068	0	0	440.8654957189	0	61.4860706202	0	0	248.5458433657	169.4640262369	903.7823435846	46.7224124697	0	355.2499367377	0	0	0	291.7768874162	390.8184242748	0	0	0	0	0	0	16.2719673587	0	0	520.3473018203	34.8775660986	479.3399608874	192.3821248635	0	22.2489217716	0	412.8052765422	164.0877265711	0	0	45.6024248351	1011.2698348415	0	267.4635417700	0	1526.9297629041	142.7505203337	0	0	0	657.5273292328	0	0	0	0	0	0	0	0	174.3757505539	0	0	0	1108.6387525451	0	0	0	0	0	0	0	124.5380042724	0	0	20.8806712734	0	0	0	0	30.8558996894	0	0	126.3031756567	0	0	0	0	0	823.1285541827	0	0	0	0	0	0	0	0	0	0	0	0	0	0	0	0	0	0	0	0	0	0
PWY-5675: nitrate reduction V (assimilatory)	0	0	0	0	0	0	0	24.1988311213	0	0	0	0	0	0	0	0	0	0	0	0	0	0	0	0	0	57.8837452543	0	0	0	0	108.6087808329	0	0	0	0	0	0	0	0	0	0	0	0	52.6453239475	0	0	0	0	0	0	0	0	0	0	0	0	0	0	57.5505105600	0	0	0	0	0	0	0	0	19.0792844993	0	0	0	0	0	0	12.1653099196	0	0	0	0	0	0	0	0	0	0	0	0	0	0	0	0	0	0	0	0	0	1348.1312943304	0	0	0	0	0	0	0	598.3734787475	0	0	0	0	0	0	0	0	0	0	0	0	0	0	0	0	0	0	0	0	0	0	0	0	0	0	0	0	0	0	0	0	0	0	0	0	0	0	0
PWY-5675: nitrate reduction V (assimilatory)|unclassified	0	0	0	0	0	0	0	24.1988311213	0	0	0	0	0	0	0	0	0	0	0	0	0	0	0	0	0	57.8837452543	0	0	0	0	108.6087808329	0	0	0	0	0	0	0	0	0	0	0	0	52.6453239475	0	0	0	0	0	0	0	0	0	0	0	0	0	0	57.5505105600	0	0	0	0	0	0	0	0	19.0792844993	0	0	0	0	0	0	12.1653099196	0	0	0	0	0	0	0	0	0	0	0	0	0	0	0	0	0	0	0	0	0	1348.1312943304	0	0	0	0	0	0	0	598.3734787475	0	0	0	0	0	0	0	0	0	0	0	0	0	0	0	0	0	0	0	0	0	0	0	0	0	0	0	0	0	0	0	0	0	0	0	0	0	0	0
PWY-5676: acetyl-CoA fermentation to butanoate II	0	0	0	0	0	0	0	0	0	0	0	0	0	0	0	0	0	0	0	0	0	0	0	0	0	220.3469677874	0	0	0	0	0	0	0	0	0	0	0	0	0	0	0	0	0	0	0	0	0	0	0	0	318.6949587936	85.7341093864	0	0	0	0	0	0	0	0	0	0	0	0	0	0	0	0	0	105.7029696017	176.4194712924	0	0	0	0	0	0	0	0	0	0	0	0	288.0413431138	0	0	0	0	0	0	0	0	0	0	0	0	0	0	0	0	0	0	0	0	0	0	0	0	0	0	0	0	0	0	0	0	0	0	0	0	0	0	0	0	0	0	0	0	0	0	0	0	0	0	0	0	0	0	0	0	0	0	0	0
PWY-5676: acetyl-CoA fermentation to butanoate II|unclassified	0	0	0	0	0	0	0	0	0	0	0	0	0	0	0	0	0	0	0	0	0	0	0	0	0	220.3469677874	0	0	0	0	0	0	0	0	0	0	0	0	0	0	0	0	0	0	0	0	0	0	0	0	318.6949587936	85.7341093864	0	0	0	0	0	0	0	0	0	0	0	0	0	0	0	0	0	103.7298448069	176.4194712924	0	0	0	0	0	0	0	0	0	0	0	0	288.0413431138	0	0	0	0	0	0	0	0	0	0	0	0	0	0	0	0	0	0	0	0	0	0	0	0	0	0	0	0	0	0	0	0	0	0	0	0	0	0	0	0	0	0	0	0	0	0	0	0	0	0	0	0	0	0	0	0	0	0	0	0
PWY-5686: UMP biosynthesis I	0	0	0	0	968.6673869275	0	306.0405757258	0	0	0	0	0	0	0	0	0	0	0	0	148.6897872066	0	0	0	0	0	669.5725546022	0	1922.7755682402	0	310.2904373461	72.4379918665	34.8623416689	0	0	0	0	0	185.5933132213	0	0	0	0	234.2043552692	132.0158901991	0	0	0	1319.1795373152	0	0	1858.0136931938	1158.6380916092	434.0432329188	0	0	282.8234330642	0	0	779.6562660823	0	0	0	0	0	442.0759961838	0	0	0	0	1852.2112768162	1484.6633135155	0	0	179.5919916193	0	0	0	0	4105.6042388974	837.3989626618	0	0	0	1969.1035707808	0	0	81.7704643654	0	170.7864216289	0	0	0	68.1692762556	0	0	0	1016.2489696974	0	0	0	0	0	0	0	100.0373458157	0	0	0	0	12.6950492838	0	0	765.4173534191	0	0	832.1868744560	0	0	0	0	0	2905.2201663820	0	0	0	0	0	0	0	0	0	0	0	0	0	0	0	0	0	0	0	0	0	0
PWY-5686: UMP biosynthesis I|unclassified	0	0	0	0	968.6673869275	0	306.0405757258	0	0	0	0	0	0	0	0	0	0	0	0	148.6897872066	0	0	0	0	0	669.5725546022	0	1922.7755682402	0	310.2904373461	72.4379918665	34.8623416689	0	0	0	0	0	185.5933132213	0	0	0	0	234.2043552692	132.0158901991	0	0	0	1319.1795373152	0	0	1858.0136931938	1158.6380916092	434.0432329188	0	0	282.8234330642	0	0	779.6562660823	0	0	0	0	0	442.0759961838	0	0	0	0	1774.3780282199	1484.6633135155	0	0	179.5919916193	0	0	0	0	4105.6042388974	837.3989626618	0	0	0	1969.1035707808	0	0	81.7704643654	0	170.7864216289	0	0	0	68.1692762556	0	0	0	1016.2489696974	0	0	0	0	0	0	0	100.0373458157	0	0	0	0	12.6950492838	0	0	765.4173534191	0	0	832.1868744560	0	0	0	0	0	2133.8966777805	0	0	0	0	0	0	0	0	0	0	0	0	0	0	0	0	0	0	0	0	0	0
PWY-5692: allantoin degradation to glyoxylate II	0	0	0	0	0	0	0	0	0	0	0	0	0	0	0	0	0	0	0	0	0	0	0	0	0	0	0	0	0	0	0	0	0	0	0	0	0	0	0	0	0	0	0	0	0	0	0	0	0	0	0	0	0	0	0	0	0	0	0	0	0	0	0	0	0	0	0	0	0	0	0	0	0	0	0	0	0	0	0	0	0	0	0	0	0	0	0	0	0	0	0	0	0	0	0	0	65.1742739484	0	0	0	0	0	0	0	0	0	0	0	0	0	0	0	0	0	0	0	0	0	0	0	0	0	0	0	0	0	0	0	0	0	0	0	0	0	0	0	0	0	0	0	0	0	0	0
PWY-5692: allantoin degradation to glyoxylate II|unclassified	0	0	0	0	0	0	0	0	0	0	0	0	0	0	0	0	0	0	0	0	0	0	0	0	0	0	0	0	0	0	0	0	0	0	0	0	0	0	0	0	0	0	0	0	0	0	0	0	0	0	0	0	0	0	0	0	0	0	0	0	0	0	0	0	0	0	0	0	0	0	0	0	0	0	0	0	0	0	0	0	0	0	0	0	0	0	0	0	0	0	0	0	0	0	0	0	65.1742739484	0	0	0	0	0	0	0	0	0	0	0	0	0	0	0	0	0	0	0	0	0	0	0	0	0	0	0	0	0	0	0	0	0	0	0	0	0	0	0	0	0	0	0	0	0	0	0
PWY-5695: inosine 5'-phosphate degradation	0	0	0	0	1802.6769569804	0	0	1033.2474230261	0	0	0	0	0	0	0	471.1776756431	0	0	0	459.4326731433	0	0	0	0	0	1097.4467788575	0	1191.6335486691	0	185.9351851574	160.7743012293	253.8369747160	0	0	0	0	0	911.0937043730	0	402.0064446867	0	0	441.8878380862	507.2653804661	319.6150115735	0	0	1470.1758002125	0	0	3243.3144043919	2818.6491970864	1513.7622258106	0	0	289.0246666339	237.5794241067	0	1143.5772215034	0	124.5698257145	0	21.5766889849	175.9848039272	1018.0652667828	120.1060267270	0	0	0	2337.8836540324	3625.8039437019	0	0	1099.4462419375	355.8428550273	0	1085.7894590784	0	2887.5480424421	1692.2162530350	0	0	0	1883.6990253496	0	0	3935.2624926981	0	341.6431345742	0	0	0	379.2887058021	0	0	0	1868.7059259725	0	0	0	0	0	0	0	262.2725708638	0	0	0	0	0	0	0	256.2220228269	0	0	96.7510436490	0	0	0	0	0	2964.7072405247	0	0	0	0	0	0	0	0	0	0	0	0	0	0	0	0	0	0	0	0	0	0
PWY-5695: inosine 5'-phosphate degradation|unclassified	0	0	0	0	1802.6769569804	0	0	1033.2474230261	0	0	0	0	0	0	0	471.1776756431	0	0	0	459.4326731433	0	0	0	0	0	1097.4467788575	0	1191.6335486691	0	185.9351851574	160.7743012293	253.8369747160	0	0	0	0	0	911.0937043730	0	402.0064446867	0	0	441.8878380862	507.2653804661	319.6150115735	0	0	1470.1758002125	0	0	3243.3144043919	2818.6491970864	1513.7622258106	0	0	289.0246666339	237.5794241067	0	1143.5772215034	0	124.5698257145	0	21.5766889849	175.9848039272	1018.0652667828	120.1060267270	0	0	0	1654.0744883173	3625.8039437019	0	0	1099.4462419375	355.8428550273	0	1085.7894590784	0	2887.5480424421	1658.1472341155	0	0	0	1883.6990253496	0	0	3935.2624926981	0	341.6431345742	0	0	0	379.2887058021	0	0	0	1868.7059259725	0	0	0	0	0	0	0	262.2725708638	0	0	0	0	0	0	0	256.2220228269	0	0	96.6658584095	0	0	0	0	0	1860.9948492352	0	0	0	0	0	0	0	0	0	0	0	0	0	0	0	0	0	0	0	0	0	0
PWY-5705: allantoin degradation to glyoxylate III	0	0	0	0	0	0	0	0	0	0	0	0	0	0	0	0	0	0	0	0	0	0	0	0	0	0	0	0	0	0	0	0	0	0	0	0	0	0	0	0	0	0	0	0	0	0	0	0	0	0	0	0	0	0	0	0	0	0	0	0	0	0	0	0	0	0	0	0	0	0	0	0	0	0	0	0	0	0	0	0	0	0	0	0	0	0	0	0	0	0	0	0	0	0	0	0	100.5478771578	0	0	0	0	0	0	0	0	0	0	0	0	0	0	0	0	0	0	0	0	0	0	0	0	0	0	0	0	0	0	0	0	0	0	0	0	0	0	0	0	0	0	0	0	0	0	0
PWY-5705: allantoin degradation to glyoxylate III|unclassified	0	0	0	0	0	0	0	0	0	0	0	0	0	0	0	0	0	0	0	0	0	0	0	0	0	0	0	0	0	0	0	0	0	0	0	0	0	0	0	0	0	0	0	0	0	0	0	0	0	0	0	0	0	0	0	0	0	0	0	0	0	0	0	0	0	0	0	0	0	0	0	0	0	0	0	0	0	0	0	0	0	0	0	0	0	0	0	0	0	0	0	0	0	0	0	0	100.5478771578	0	0	0	0	0	0	0	0	0	0	0	0	0	0	0	0	0	0	0	0	0	0	0	0	0	0	0	0	0	0	0	0	0	0	0	0	0	0	0	0	0	0	0	0	0	0	0
PWY-5723: Rubisco shunt	0	0	0	0	0	0	0	0	0	0	0	0	0	0	0	0	0	0	0	0	0	0	0	0	0	0	0	0	0	0	147.1964107324	0	0	0	0	0	0	322.5622136364	0	0	0	0	0	0	0	0	0	0	0	0	0	0	0	0	0	0	0	0	0	0	0	0	0	0	0	0	0	0	0	0	0	0	0	0	0	0	0	0	0	0	0	0	0	252.2490469081	0	0	0	0	0	0	0	0	0	0	0	0	1272.9012268322	0	0	0	0	0	0	0	109.2045691734	0	0	0	0	0	0	0	0	0	0	0	0	0	0	0	0	0	0	0	0	0	0	0	0	0	0	0	0	0	0	0	0	0	0	0	0	0	0	0
PWY-5723: Rubisco shunt|unclassified	0	0	0	0	0	0	0	0	0	0	0	0	0	0	0	0	0	0	0	0	0	0	0	0	0	0	0	0	0	0	147.1964107324	0	0	0	0	0	0	322.5622136364	0	0	0	0	0	0	0	0	0	0	0	0	0	0	0	0	0	0	0	0	0	0	0	0	0	0	0	0	0	0	0	0	0	0	0	0	0	0	0	0	0	0	0	0	0	252.2490469081	0	0	0	0	0	0	0	0	0	0	0	0	1272.9012268322	0	0	0	0	0	0	0	109.2045691734	0	0	0	0	0	0	0	0	0	0	0	0	0	0	0	0	0	0	0	0	0	0	0	0	0	0	0	0	0	0	0	0	0	0	0	0	0	0	0
PWY-5747: 2-methylcitrate cycle II	0	0	0	0	0	0	0	0	0	0	0	0	0	0	0	0	0	0	0	0	0	0	0	0	0	0	0	0	0	0	0	0	0	0	0	0	0	0	0	0	0	0	0	0	0	0	0	0	0	0	0	0	0	0	0	0	0	0	0	0	0	0	0	0	0	0	0	0	0	0	0	0	0	0	0	0	0	0	0	0	0	0	0	0	0	0	0	0	0	0	0	0	0	0	0	0	208.6241070358	0	0	0	0	0	0	0	0	0	0	0	0	0	0	0	0	0	0	0	0	0	0	0	0	0	0	0	0	0	0	0	0	0	0	0	0	0	0	0	0	0	0	0	0	0	0	0
PWY-5747: 2-methylcitrate cycle II|unclassified	0	0	0	0	0	0	0	0	0	0	0	0	0	0	0	0	0	0	0	0	0	0	0	0	0	0	0	0	0	0	0	0	0	0	0	0	0	0	0	0	0	0	0	0	0	0	0	0	0	0	0	0	0	0	0	0	0	0	0	0	0	0	0	0	0	0	0	0	0	0	0	0	0	0	0	0	0	0	0	0	0	0	0	0	0	0	0	0	0	0	0	0	0	0	0	0	208.6241070358	0	0	0	0	0	0	0	0	0	0	0	0	0	0	0	0	0	0	0	0	0	0	0	0	0	0	0	0	0	0	0	0	0	0	0	0	0	0	0	0	0	0	0	0	0	0	0
PWY-5837: 2-carboxy-1,4-naphthoquinol biosynthesis	0	0	0	0	0	0	0	0	0	0	0	0	0	0	0	0	0	0	0	0	0	0	0	0	0	0	0	0	0	0	0	0	0	0	0	0	0	0	0	0	0	0	0	0	0	0	0	0	0	0	0	0	0	0	0	0	0	0	0	0	0	0	0	0	50.2806333600	0	0	0	0	0	0	0	0	0	265.7701530689	0	0	0	0	0	0	0	0	0	0	0	0	0	0	0	0	0	0	0	0	0	457.4301410856	0	0	0	0	0	0	0	0	0	0	0	0	0	0	0	0	0	0	0	0	0	0	0	0	0	0	0	0	0	0	0	0	0	0	0	0	0	0	0	0	0	0	0	0	0	0	0
PWY-5837: 2-carboxy-1,4-naphthoquinol biosynthesis|unclassified	0	0	0	0	0	0	0	0	0	0	0	0	0	0	0	0	0	0	0	0	0	0	0	0	0	0	0	0	0	0	0	0	0	0	0	0	0	0	0	0	0	0	0	0	0	0	0	0	0	0	0	0	0	0	0	0	0	0	0	0	0	0	0	0	50.2806333600	0	0	0	0	0	0	0	0	0	265.7701530689	0	0	0	0	0	0	0	0	0	0	0	0	0	0	0	0	0	0	0	0	0	457.4301410856	0	0	0	0	0	0	0	0	0	0	0	0	0	0	0	0	0	0	0	0	0	0	0	0	0	0	0	0	0	0	0	0	0	0	0	0	0	0	0	0	0	0	0	0	0	0	0
PWY-5838: superpathway of menaquinol-8 biosynthesis I	0	0	0	0	0	0	0	0	0	0	0	0	0	0	0	0	0	0	0	0	0	0	0	0	0	0	0	0	0	0	0	0	0	0	0	0	0	0	0	0	0	0	0	0	0	0	0	0	0	0	0	0	0	0	0	0	0	0	0	0	0	0	0	0	33.4823199503	0	0	0	0	0	0	0	0	0	0	0	0	0	0	0	0	0	0	0	0	0	0	0	0	0	0	0	0	0	0	0	813.5411117458	0	0	0	0	0	0	0	0	0	0	0	0	0	0	0	0	0	0	0	0	0	0	0	0	0	0	0	0	0	0	0	0	0	0	0	0	0	0	0	0	0	0	0	0	0	0	0
PWY-5838: superpathway of menaquinol-8 biosynthesis I|unclassified	0	0	0	0	0	0	0	0	0	0	0	0	0	0	0	0	0	0	0	0	0	0	0	0	0	0	0	0	0	0	0	0	0	0	0	0	0	0	0	0	0	0	0	0	0	0	0	0	0	0	0	0	0	0	0	0	0	0	0	0	0	0	0	0	33.4823199503	0	0	0	0	0	0	0	0	0	0	0	0	0	0	0	0	0	0	0	0	0	0	0	0	0	0	0	0	0	0	0	813.5411117458	0	0	0	0	0	0	0	0	0	0	0	0	0	0	0	0	0	0	0	0	0	0	0	0	0	0	0	0	0	0	0	0	0	0	0	0	0	0	0	0	0	0	0	0	0	0	0
PWY-5840: superpathway of menaquinol-7 biosynthesis	0	0	0	0	0	0	0	0	0	0	0	0	0	0	0	0	0	0	0	0	0	0	0	0	0	0	0	0	0	0	0	0	0	0	0	0	0	0	0	0	0	0	0	0	0	0	0	0	0	0	0	0	0	0	0	0	0	0	0	0	0	0	0	0	0	0	0	0	0	0	0	0	0	0	0	0	0	0	0	0	0	0	0	0	0	0	0	0	0	0	0	0	0	0	0	0	441.2644564533	0	0	0	0	0	0	0	0	0	0	0	0	0	0	0	0	0	0	0	0	0	0	0	0	0	0	0	0	0	0	0	0	0	0	0	0	0	0	0	0	0	0	0	0	0	0	0
PWY-5840: superpathway of menaquinol-7 biosynthesis|unclassified	0	0	0	0	0	0	0	0	0	0	0	0	0	0	0	0	0	0	0	0	0	0	0	0	0	0	0	0	0	0	0	0	0	0	0	0	0	0	0	0	0	0	0	0	0	0	0	0	0	0	0	0	0	0	0	0	0	0	0	0	0	0	0	0	0	0	0	0	0	0	0	0	0	0	0	0	0	0	0	0	0	0	0	0	0	0	0	0	0	0	0	0	0	0	0	0	441.2644564533	0	0	0	0	0	0	0	0	0	0	0	0	0	0	0	0	0	0	0	0	0	0	0	0	0	0	0	0	0	0	0	0	0	0	0	0	0	0	0	0	0	0	0	0	0	0	0
PWY-5845: superpathway of menaquinol-9 biosynthesis	0	0	0	0	0	0	0	0	0	0	0	0	0	0	0	0	0	0	0	0	0	0	0	0	0	0	0	0	0	0	0	0	0	0	0	0	0	0	0	0	0	0	0	0	0	0	0	0	0	0	0	0	0	0	0	0	0	0	0	0	0	0	0	0	0	0	0	0	0	0	0	0	0	0	0	0	0	0	0	0	0	0	0	0	0	0	0	0	0	0	0	0	0	0	0	0	441.2644564533	0	0	0	0	0	0	0	0	0	0	0	0	0	0	0	0	0	0	0	0	0	0	0	0	0	0	0	0	0	0	0	0	0	0	0	0	0	0	0	0	0	0	0	0	0	0	0
PWY-5845: superpathway of menaquinol-9 biosynthesis|unclassified	0	0	0	0	0	0	0	0	0	0	0	0	0	0	0	0	0	0	0	0	0	0	0	0	0	0	0	0	0	0	0	0	0	0	0	0	0	0	0	0	0	0	0	0	0	0	0	0	0	0	0	0	0	0	0	0	0	0	0	0	0	0	0	0	0	0	0	0	0	0	0	0	0	0	0	0	0	0	0	0	0	0	0	0	0	0	0	0	0	0	0	0	0	0	0	0	441.2644564533	0	0	0	0	0	0	0	0	0	0	0	0	0	0	0	0	0	0	0	0	0	0	0	0	0	0	0	0	0	0	0	0	0	0	0	0	0	0	0	0	0	0	0	0	0	0	0
PWY-5850: superpathway of menaquinol-6 biosynthesis	0	0	0	0	0	0	0	0	0	0	0	0	0	0	0	0	0	0	0	0	0	0	0	0	0	0	0	0	0	0	0	0	0	0	0	0	0	0	0	0	0	0	0	0	0	0	0	0	0	0	0	0	0	0	0	0	0	0	0	0	0	0	0	0	0	0	0	0	0	0	0	0	0	0	0	0	0	0	0	0	0	0	0	0	0	0	0	0	0	0	0	0	0	0	0	0	441.2644564533	0	0	0	0	0	0	0	0	0	0	0	0	0	0	0	0	0	0	0	0	0	0	0	0	0	0	0	0	0	0	0	0	0	0	0	0	0	0	0	0	0	0	0	0	0	0	0
PWY-5850: superpathway of menaquinol-6 biosynthesis|unclassified	0	0	0	0	0	0	0	0	0	0	0	0	0	0	0	0	0	0	0	0	0	0	0	0	0	0	0	0	0	0	0	0	0	0	0	0	0	0	0	0	0	0	0	0	0	0	0	0	0	0	0	0	0	0	0	0	0	0	0	0	0	0	0	0	0	0	0	0	0	0	0	0	0	0	0	0	0	0	0	0	0	0	0	0	0	0	0	0	0	0	0	0	0	0	0	0	441.2644564533	0	0	0	0	0	0	0	0	0	0	0	0	0	0	0	0	0	0	0	0	0	0	0	0	0	0	0	0	0	0	0	0	0	0	0	0	0	0	0	0	0	0	0	0	0	0	0
PWY-5855: ubiquinol-7 biosynthesis (early decarboxylation)	0	0	0	0	0	0	0	0	0	0	0	0	0	0	0	0	0	0	0	0	0	0	0	0	0	0	0	0	0	0	14.9746842105	0	0	0	0	0	0	0	0	0	0	0	0	0	0	0	0	0	0	0	0	0	0	0	0	0	0	0	0	0	0	0	0	0	0	0	0	0	0	0	0	0	0	0	0	0	0	0	0	0	0	0	0	0	0	0	0	0	0	0	0	0	0	0	0	0	223.1081533102	0	0	0	0	0	0	0	0	0	0	0	0	0	0	0	0	0	0	0	0	0	0	0	0	0	0	0	0	0	0	0	0	0	0	0	0	0	0	0	0	0	0	0	0	0	0	0
PWY-5855: ubiquinol-7 biosynthesis (early decarboxylation)|unclassified	0	0	0	0	0	0	0	0	0	0	0	0	0	0	0	0	0	0	0	0	0	0	0	0	0	0	0	0	0	0	14.9746842105	0	0	0	0	0	0	0	0	0	0	0	0	0	0	0	0	0	0	0	0	0	0	0	0	0	0	0	0	0	0	0	0	0	0	0	0	0	0	0	0	0	0	0	0	0	0	0	0	0	0	0	0	0	0	0	0	0	0	0	0	0	0	0	0	0	223.1081533102	0	0	0	0	0	0	0	0	0	0	0	0	0	0	0	0	0	0	0	0	0	0	0	0	0	0	0	0	0	0	0	0	0	0	0	0	0	0	0	0	0	0	0	0	0	0	0
PWY-5860: superpathway of demethylmenaquinol-6 biosynthesis I	0	0	0	0	0	0	0	0	0	0	0	0	0	0	0	0	0	0	0	0	0	0	0	0	0	0	0	0	0	0	0	0	0	0	0	0	0	0	0	0	0	0	0	0	0	0	0	0	0	0	0	0	0	0	0	0	0	0	0	0	0	0	0	0	0	0	0	0	0	0	0	0	0	0	0	0	0	0	0	0	0	0	0	0	0	0	0	0	0	0	0	0	0	0	0	0	332.3859123263	0	0	0	0	0	0	0	0	0	0	0	0	0	0	0	0	0	0	0	0	0	0	0	0	0	0	0	0	0	0	0	0	0	0	0	0	0	0	0	0	0	0	0	0	0	0	0
PWY-5860: superpathway of demethylmenaquinol-6 biosynthesis I|unclassified	0	0	0	0	0	0	0	0	0	0	0	0	0	0	0	0	0	0	0	0	0	0	0	0	0	0	0	0	0	0	0	0	0	0	0	0	0	0	0	0	0	0	0	0	0	0	0	0	0	0	0	0	0	0	0	0	0	0	0	0	0	0	0	0	0	0	0	0	0	0	0	0	0	0	0	0	0	0	0	0	0	0	0	0	0	0	0	0	0	0	0	0	0	0	0	0	332.3859123263	0	0	0	0	0	0	0	0	0	0	0	0	0	0	0	0	0	0	0	0	0	0	0	0	0	0	0	0	0	0	0	0	0	0	0	0	0	0	0	0	0	0	0	0	0	0	0
PWY-5861: superpathway of demethylmenaquinol-8 biosynthesis I	0	0	0	0	0	0	0	0	0	0	0	0	0	0	0	0	0	0	0	0	0	0	0	0	0	0	0	0	0	0	0	0	0	0	0	0	0	0	0	0	0	0	0	0	0	0	0	0	0	0	0	0	0	0	0	0	0	0	0	0	0	0	0	0	70.8496214309	0	0	0	0	0	0	0	0	0	251.9829301037	0	0	0	0	0	0	0	0	0	0	0	0	0	0	0	0	0	0	0	0	0	688.2216274049	0	0	0	0	0	0	0	0	0	0	0	0	0	0	0	0	0	0	0	0	0	0	0	0	0	0	0	0	0	0	0	0	0	0	0	0	0	0	0	0	0	0	0	0	0	0	0
PWY-5861: superpathway of demethylmenaquinol-8 biosynthesis I|unclassified	0	0	0	0	0	0	0	0	0	0	0	0	0	0	0	0	0	0	0	0	0	0	0	0	0	0	0	0	0	0	0	0	0	0	0	0	0	0	0	0	0	0	0	0	0	0	0	0	0	0	0	0	0	0	0	0	0	0	0	0	0	0	0	0	70.8496214309	0	0	0	0	0	0	0	0	0	251.9829301037	0	0	0	0	0	0	0	0	0	0	0	0	0	0	0	0	0	0	0	0	0	688.2216274049	0	0	0	0	0	0	0	0	0	0	0	0	0	0	0	0	0	0	0	0	0	0	0	0	0	0	0	0	0	0	0	0	0	0	0	0	0	0	0	0	0	0	0	0	0	0	0
PWY-5862: superpathway of demethylmenaquinol-9 biosynthesis	0	0	0	0	0	0	0	0	0	0	0	0	0	0	0	0	0	0	0	0	0	0	0	0	0	0	0	0	0	0	0	0	0	0	0	0	0	0	0	0	0	0	0	0	0	0	0	0	0	0	0	0	0	0	0	0	0	0	0	0	0	0	0	0	0	0	0	0	0	0	0	0	0	0	0	0	0	0	0	0	0	0	0	0	0	0	0	0	0	0	0	0	0	0	0	0	332.3859123263	0	0	0	0	0	0	0	0	0	0	0	0	0	0	0	0	0	0	0	0	0	0	0	0	0	0	0	0	0	0	0	0	0	0	0	0	0	0	0	0	0	0	0	0	0	0	0
PWY-5862: superpathway of demethylmenaquinol-9 biosynthesis|unclassified	0	0	0	0	0	0	0	0	0	0	0	0	0	0	0	0	0	0	0	0	0	0	0	0	0	0	0	0	0	0	0	0	0	0	0	0	0	0	0	0	0	0	0	0	0	0	0	0	0	0	0	0	0	0	0	0	0	0	0	0	0	0	0	0	0	0	0	0	0	0	0	0	0	0	0	0	0	0	0	0	0	0	0	0	0	0	0	0	0	0	0	0	0	0	0	0	332.3859123263	0	0	0	0	0	0	0	0	0	0	0	0	0	0	0	0	0	0	0	0	0	0	0	0	0	0	0	0	0	0	0	0	0	0	0	0	0	0	0	0	0	0	0	0	0	0	0
PWY-5896: superpathway of menaquinol-10 biosynthesis	0	0	0	0	0	0	0	0	0	0	0	0	0	0	0	0	0	0	0	0	0	0	0	0	0	0	0	0	0	0	0	0	0	0	0	0	0	0	0	0	0	0	0	0	0	0	0	0	0	0	0	0	0	0	0	0	0	0	0	0	0	0	0	0	0	0	0	0	0	0	0	0	0	0	0	0	0	0	0	0	0	0	0	0	0	0	0	0	0	0	0	0	0	0	0	0	441.2644564533	0	0	0	0	0	0	0	0	0	0	0	0	0	0	0	0	0	0	0	0	0	0	0	0	0	0	0	0	0	0	0	0	0	0	0	0	0	0	0	0	0	0	0	0	0	0	0
PWY-5896: superpathway of menaquinol-10 biosynthesis|unclassified	0	0	0	0	0	0	0	0	0	0	0	0	0	0	0	0	0	0	0	0	0	0	0	0	0	0	0	0	0	0	0	0	0	0	0	0	0	0	0	0	0	0	0	0	0	0	0	0	0	0	0	0	0	0	0	0	0	0	0	0	0	0	0	0	0	0	0	0	0	0	0	0	0	0	0	0	0	0	0	0	0	0	0	0	0	0	0	0	0	0	0	0	0	0	0	0	441.2644564533	0	0	0	0	0	0	0	0	0	0	0	0	0	0	0	0	0	0	0	0	0	0	0	0	0	0	0	0	0	0	0	0	0	0	0	0	0	0	0	0	0	0	0	0	0	0	0
PWY-5897: superpathway of menaquinol-11 biosynthesis	0	0	0	0	0	0	0	0	0	0	0	0	0	0	0	0	0	0	0	0	0	0	0	0	0	0	0	0	0	0	0	0	0	0	0	0	0	0	0	0	0	0	0	0	0	0	0	0	0	0	0	0	0	0	0	0	0	0	0	0	0	0	0	0	32.5467706902	0	0	0	0	0	0	0	0	0	0	0	0	0	0	0	0	0	0	0	0	0	0	0	0	0	0	0	0	0	0	0	807.9770829329	0	0	0	0	0	0	0	0	0	0	0	0	0	0	0	0	0	0	0	0	0	0	0	0	0	0	0	0	0	0	0	0	0	0	0	0	0	0	0	0	0	0	0	0	0	0	0
PWY-5897: superpathway of menaquinol-11 biosynthesis|unclassified	0	0	0	0	0	0	0	0	0	0	0	0	0	0	0	0	0	0	0	0	0	0	0	0	0	0	0	0	0	0	0	0	0	0	0	0	0	0	0	0	0	0	0	0	0	0	0	0	0	0	0	0	0	0	0	0	0	0	0	0	0	0	0	0	32.5467706902	0	0	0	0	0	0	0	0	0	0	0	0	0	0	0	0	0	0	0	0	0	0	0	0	0	0	0	0	0	0	0	807.9770829329	0	0	0	0	0	0	0	0	0	0	0	0	0	0	0	0	0	0	0	0	0	0	0	0	0	0	0	0	0	0	0	0	0	0	0	0	0	0	0	0	0	0	0	0	0	0	0
PWY-5898: superpathway of menaquinol-12 biosynthesis	0	0	0	0	0	0	0	0	0	0	0	0	0	0	0	0	0	0	0	0	0	0	0	0	0	0	0	0	0	0	0	0	0	0	0	0	0	0	0	0	0	0	0	0	0	0	0	0	0	0	0	0	0	0	0	0	0	0	0	0	0	0	0	0	32.5467706902	0	0	0	0	0	0	0	0	0	0	0	0	0	0	0	0	0	0	0	0	0	0	0	0	0	0	0	0	0	0	0	807.9770829329	0	0	0	0	0	0	0	0	0	0	0	0	0	0	0	0	0	0	0	0	0	0	0	0	0	0	0	0	0	0	0	0	0	0	0	0	0	0	0	0	0	0	0	0	0	0	0
PWY-5898: superpathway of menaquinol-12 biosynthesis|unclassified	0	0	0	0	0	0	0	0	0	0	0	0	0	0	0	0	0	0	0	0	0	0	0	0	0	0	0	0	0	0	0	0	0	0	0	0	0	0	0	0	0	0	0	0	0	0	0	0	0	0	0	0	0	0	0	0	0	0	0	0	0	0	0	0	32.5467706902	0	0	0	0	0	0	0	0	0	0	0	0	0	0	0	0	0	0	0	0	0	0	0	0	0	0	0	0	0	0	0	807.9770829329	0	0	0	0	0	0	0	0	0	0	0	0	0	0	0	0	0	0	0	0	0	0	0	0	0	0	0	0	0	0	0	0	0	0	0	0	0	0	0	0	0	0	0	0	0	0	0
PWY-5899: superpathway of menaquinol-13 biosynthesis	0	0	0	0	0	0	0	0	0	0	0	0	0	0	0	0	0	0	0	0	0	0	0	0	0	0	0	0	0	0	0	0	0	0	0	0	0	0	0	0	0	0	0	0	0	0	0	0	0	0	0	0	0	0	0	0	0	0	0	0	0	0	0	0	32.5467706902	0	0	0	0	0	0	0	0	0	0	0	0	0	0	0	0	0	0	0	0	0	0	0	0	0	0	0	0	0	0	0	807.9770829329	0	0	0	0	0	0	0	0	0	0	0	0	0	0	0	0	0	0	0	0	0	0	0	0	0	0	0	0	0	0	0	0	0	0	0	0	0	0	0	0	0	0	0	0	0	0	0
PWY-5899: superpathway of menaquinol-13 biosynthesis|unclassified	0	0	0	0	0	0	0	0	0	0	0	0	0	0	0	0	0	0	0	0	0	0	0	0	0	0	0	0	0	0	0	0	0	0	0	0	0	0	0	0	0	0	0	0	0	0	0	0	0	0	0	0	0	0	0	0	0	0	0	0	0	0	0	0	32.5467706902	0	0	0	0	0	0	0	0	0	0	0	0	0	0	0	0	0	0	0	0	0	0	0	0	0	0	0	0	0	0	0	807.9770829329	0	0	0	0	0	0	0	0	0	0	0	0	0	0	0	0	0	0	0	0	0	0	0	0	0	0	0	0	0	0	0	0	0	0	0	0	0	0	0	0	0	0	0	0	0	0	0
PWY-5910: superpathway of geranylgeranyldiphosphate biosynthesis I (via mevalonate)	0	0	0	0	0	0	0	57.4673030961	0	0	0	0	0	0	0	0	0	0	0	0	0	0	0	0	0	167.4526337450	0	0	0	0	0	0	0	0	0	0	0	0	0	0	0	0	0	0	0	0	0	0	0	0	279.0537644559	86.4781411027	0	0	0	0	0	0	0	0	0	0	0	0	0	0	0	0	0	0	0	0	0	0	0	0	0	0	0	0	0	0	0	0	0	0	575.2089951641	0	0	0	0	0	0	0	0	0	0	0	0	0	0	0	0	0	0	0	0	0	0	0	0	0	0	0	0	0	0	0	0	0	0	51.6342982104	0	0	0	0	0	0	0	0	0	0	0	0	0	0	0	0	0	0	0	0	0	0
PWY-5910: superpathway of geranylgeranyldiphosphate biosynthesis I (via mevalonate)|unclassified	0	0	0	0	0	0	0	57.4673030961	0	0	0	0	0	0	0	0	0	0	0	0	0	0	0	0	0	167.4526337450	0	0	0	0	0	0	0	0	0	0	0	0	0	0	0	0	0	0	0	0	0	0	0	0	279.0537644559	86.4781411027	0	0	0	0	0	0	0	0	0	0	0	0	0	0	0	0	0	0	0	0	0	0	0	0	0	0	0	0	0	0	0	0	0	0	575.2089951641	0	0	0	0	0	0	0	0	0	0	0	0	0	0	0	0	0	0	0	0	0	0	0	0	0	0	0	0	0	0	0	0	0	0	51.6342982104	0	0	0	0	0	0	0	0	0	0	0	0	0	0	0	0	0	0	0	0	0	0
PWY-5913: partial TCA cycle (obligate autotrophs)	0	0	0	0	264.6065103262	0	0	0	0	0	0	0	0	0	0	0	0	0	0	0	0	0	0	0	0	139.6103749855	0	0	0	0	123.6663367153	0	0	0	0	0	0	347.6183199352	0	0	0	0	0	205.0023602527	0	0	0	708.6810812688	0	0	0	1049.9874870672	225.0711804575	0	0	0	0	0	0	0	0	0	0	0	0	0	0	0	0	0	0	0	0	0	0	0	0	0	0	0	0	0	0	0	0	0	0	0	0	0	0	0	0	0	0	0	1377.0765328679	0	0	0	0	0	0	0	829.8364724666	0	0	0	0	0	0	0	0	0	0	0	0	0	0	0	0	0	0	0	0	0	0	0	0	0	0	0	0	0	0	0	0	0	0	0	0	0	0	0
PWY-5913: partial TCA cycle (obligate autotrophs)|unclassified	0	0	0	0	264.6065103262	0	0	0	0	0	0	0	0	0	0	0	0	0	0	0	0	0	0	0	0	139.6103749855	0	0	0	0	120.5894073145	0	0	0	0	0	0	347.6183199352	0	0	0	0	0	205.0023602527	0	0	0	694.0148293155	0	0	0	1049.9874870672	225.0711804575	0	0	0	0	0	0	0	0	0	0	0	0	0	0	0	0	0	0	0	0	0	0	0	0	0	0	0	0	0	0	0	0	0	0	0	0	0	0	0	0	0	0	0	1377.0765328679	0	0	0	0	0	0	0	829.8364724666	0	0	0	0	0	0	0	0	0	0	0	0	0	0	0	0	0	0	0	0	0	0	0	0	0	0	0	0	0	0	0	0	0	0	0	0	0	0	0
PWY-5918: superpathway of heme b biosynthesis from glutamate	0	0	0	0	0	0	0	0	0	0	0	0	0	0	0	0	0	0	0	0	0	0	0	0	0	0	0	0	0	0	65.0158969950	0	0	0	0	0	0	0	0	0	0	0	0	0	0	0	0	0	0	0	0	0	0	0	0	0	0	0	0	0	0	0	0	0	0	0	0	0	0	0	0	0	0	0	0	0	0	0	387.2312100164	0	0	0	0	0	0	0	0	0	0	0	0	0	0	0	0	0	896.4616813078	0	0	0	0	0	0	0	30.0646174296	0	0	0	0	0	0	0	0	0	0	0	0	0	0	0	0	0	0	0	0	0	0	0	0	0	0	0	0	0	0	0	0	0	0	0	0	0	0	0
PWY-5918: superpathway of heme b biosynthesis from glutamate|unclassified	0	0	0	0	0	0	0	0	0	0	0	0	0	0	0	0	0	0	0	0	0	0	0	0	0	0	0	0	0	0	65.0158969950	0	0	0	0	0	0	0	0	0	0	0	0	0	0	0	0	0	0	0	0	0	0	0	0	0	0	0	0	0	0	0	0	0	0	0	0	0	0	0	0	0	0	0	0	0	0	0	387.2312100164	0	0	0	0	0	0	0	0	0	0	0	0	0	0	0	0	0	896.4616813078	0	0	0	0	0	0	0	30.0646174296	0	0	0	0	0	0	0	0	0	0	0	0	0	0	0	0	0	0	0	0	0	0	0	0	0	0	0	0	0	0	0	0	0	0	0	0	0	0	0
PWY-5920: superpathway of heme b biosynthesis from glycine	0	0	0	0	0	0	0	0	0	0	0	0	0	0	0	0	0	0	0	0	0	0	0	0	0	0	0	0	0	0	56.9609197520	0	0	0	0	0	0	0	0	0	0	0	0	0	0	0	0	0	0	0	0	0	0	0	0	0	0	0	0	0	0	0	0	0	0	0	0	0	0	0	0	0	0	0	0	0	0	0	626.4159581561	0	0	0	0	0	0	0	0	0	0	0	0	0	0	0	0	0	895.5441521545	0	0	0	0	0	0	0	15.3605654526	0	0	0	0	0	0	0	0	0	0	0	0	0	0	0	0	0	0	0	0	0	0	0	0	0	0	0	0	0	0	0	0	0	0	0	0	0	0	0
PWY-5920: superpathway of heme b biosynthesis from glycine|unclassified	0	0	0	0	0	0	0	0	0	0	0	0	0	0	0	0	0	0	0	0	0	0	0	0	0	0	0	0	0	0	56.9609197520	0	0	0	0	0	0	0	0	0	0	0	0	0	0	0	0	0	0	0	0	0	0	0	0	0	0	0	0	0	0	0	0	0	0	0	0	0	0	0	0	0	0	0	0	0	0	0	626.4159581561	0	0	0	0	0	0	0	0	0	0	0	0	0	0	0	0	0	895.5441521545	0	0	0	0	0	0	0	15.3605654526	0	0	0	0	0	0	0	0	0	0	0	0	0	0	0	0	0	0	0	0	0	0	0	0	0	0	0	0	0	0	0	0	0	0	0	0	0	0	0
PWY-5941: glycogen degradation II	0	0	0	0	6139.0739310082	0	1050.0811554143	1091.0134850601	0	0	0	0	0	0	0	0	138.6585517765	0	0	484.0524089433	0	0	0	0	0	8719.5157211171	0	1901.3656186861	0	914.3393247278	99.3749459102	0	0	0	0	0	248.2361838350	0	1461.0063889150	1199.4610218849	0	0	1032.1993994816	613.7533838069	278.2104201946	0	0	4047.3194222932	0	0	8302.5920901187	4781.4953639132	691.8061667746	0	0	943.2294360233	0	161.0921447786	15324.9712667184	0	0	0	0	2917.7991265130	1465.4079048082	192.2823935945	0	35.0123574314	0	3180.0393464081	44405.5307303677	0	0	549.4255562312	0	0	0	0	10065.2141949741	682.5434961583	0	0	0	14238.3925804608	0	62.8397980286	14522.8558293851	0	1630.4113369306	0	0	0	422.7867639696	0	0	0	1887.2707555366	0	0	0	0	0	0	0	122.3473954112	0	0	0	0	0	1821.2225944608	0	2098.5297694304	0	0	48.9849933999	0	0	0	0	0	6167.3741617249	0	0	0	0	0	0	0	0	0	0	0	0	0	0	0	0	0	0	0	0	0	0
PWY-5941: glycogen degradation II|unclassified	0	0	0	0	5392.7788481023	0	1050.0811554143	1091.0134850601	0	0	0	0	0	0	0	0	138.6585517765	0	0	484.0524089433	0	0	0	0	0	8719.5157211171	0	1859.2102185296	0	914.3393247278	99.3749459102	0	0	0	0	0	248.2361838350	0	1461.0063889150	1199.4610218849	0	0	1032.1993994816	613.7533838069	278.2104201946	0	0	4047.3194222932	0	0	8009.3971762290	1609.7829840209	691.8061667746	0	0	143.0985601546	0	161.0921447786	15324.9712667184	0	0	0	0	2917.7991265130	1465.4079048082	192.2823935945	0	35.0123574314	0	2174.5629119516	44405.5307303677	0	0	549.4255562312	0	0	0	0	6630.2069736622	682.5434961583	0	0	0	14238.3925804608	0	62.8397980286	14522.8558293851	0	1630.4113369306	0	0	0	422.7867639696	0	0	0	1887.2707555366	0	0	0	0	0	0	0	122.3473954112	0	0	0	0	0	1821.2225944608	0	2098.5297694304	0	0	48.9849933999	0	0	0	0	0	5623.1758613335	0	0	0	0	0	0	0	0	0	0	0	0	0	0	0	0	0	0	0	0	0	0
PWY-5971: palmitate biosynthesis (type II fatty acid synthase)	0	0	0	0	1301.0890597361	0	0	338.8303119424	0	0	0	0	0	0	0	0	0	0	0	0	0	0	0	0	0	569.5067446702	0	1920.5516592225	0	0	0	0	0	0	0	0	0	0	0	0	0	0	0	0	0	0	0	0	0	0	1804.5338750990	0	0	0	0	0	0	0	643.4909927409	0	0	0	0	0	0	0	0	0	0	0	5385.2945447938	0	0	532.8785261341	0	0	0	0	0	0	0	0	0	2825.6036628619	0	0	0	0	0	0	0	0	0	0	0	0	494.7934024634	0	0	0	0	0	0	0	613.6434996967	0	0	0	0	0	0	0	0	0	0	0	0	0	0	0	0	5399.1433210671	0	0	0	0	0	0	0	0	0	0	0	0	0	0	0	0	0	0	0	0	0	0
PWY-5971: palmitate biosynthesis (type II fatty acid synthase)|unclassified	0	0	0	0	1301.0890597361	0	0	338.8303119424	0	0	0	0	0	0	0	0	0	0	0	0	0	0	0	0	0	569.5067446702	0	1913.1502227029	0	0	0	0	0	0	0	0	0	0	0	0	0	0	0	0	0	0	0	0	0	0	1804.5338750990	0	0	0	0	0	0	0	643.4909927409	0	0	0	0	0	0	0	0	0	0	0	5385.2945447938	0	0	532.8785261341	0	0	0	0	0	0	0	0	0	1292.4544510216	0	0	0	0	0	0	0	0	0	0	0	0	494.7934024634	0	0	0	0	0	0	0	613.6434996967	0	0	0	0	0	0	0	0	0	0	0	0	0	0	0	0	2711.8493763415	0	0	0	0	0	0	0	0	0	0	0	0	0	0	0	0	0	0	0	0	0	0
PWY-5972: stearate biosynthesis I (animals)	0	0	0	0	0	0	0	0	0	0	0	0	0	0	0	0	0	0	0	0	0	0	0	0	0	0	0	0	0	0	0	0	0	0	0	0	0	0	0	0	0	0	0	0	0	0	0	0	0	0	0	39.2740094375	0	0	0	0	0	0	0	0	0	0	0	0	0	0	0	0	0	0	0	0	0	0	0	0	0	0	0	0	0	0	0	0	0	0	0	0	0	0	0	0	0	0	0	0	0	0	0	0	0	0	0	0	0	0	0	0	0	0	0	0	0	0	0	0	0	0	0	0	0	0	0	0	0	0	0	0	0	0	0	0	0	0	0	0	0	0	0	0	0	0	0	0
PWY-5972: stearate biosynthesis I (animals)|unclassified	0	0	0	0	0	0	0	0	0	0	0	0	0	0	0	0	0	0	0	0	0	0	0	0	0	0	0	0	0	0	0	0	0	0	0	0	0	0	0	0	0	0	0	0	0	0	0	0	0	0	0	39.2740094375	0	0	0	0	0	0	0	0	0	0	0	0	0	0	0	0	0	0	0	0	0	0	0	0	0	0	0	0	0	0	0	0	0	0	0	0	0	0	0	0	0	0	0	0	0	0	0	0	0	0	0	0	0	0	0	0	0	0	0	0	0	0	0	0	0	0	0	0	0	0	0	0	0	0	0	0	0	0	0	0	0	0	0	0	0	0	0	0	0	0	0	0
PWY-5973: cis-vaccenate biosynthesis	0	0	0	0	1816.1022633464	0	169.4859387332	374.0586268615	0	0	0	0	0	0	0	84.3647921295	0	0	0	695.1669986483	0	0	0	0	0	836.8188692136	0	2886.3405731376	0	460.7945849124	32.1284090475	0	0	0	0	0	0	678.1616191581	139.0182877462	246.3887597465	0	0	672.9935122210	783.5152050741	1487.1638515884	0	0	2410.5638318610	0	0	1922.7335062926	1929.6118078664	557.1851373957	0	0	810.5314608708	1236.6527454172	0	1891.2289943281	0	0	0	0	744.4567882321	1373.0074674006	525.7048832909	0	0	0	3483.5649880393	5159.0692576038	0	0	638.6616453535	136.2700058875	0	186.8694857224	0	5461.6087227401	3294.7209223884	0	0	0	3405.9626014730	0	0	832.6437220369	0	958.5704360535	0	0	0	0	0	0	0	376.3699311656	0	0	0	0	0	0	0	537.1330829174	0	0	16.1398037619	0	0	0	0	292.1509298253	0	0	1386.9376403638	0	0	0	0	0	6710.5761705893	0	188.3609744731	0	0	0	0	0	0	0	0	0	0	0	0	0	0	0	0	0	0	0	0
PWY-5973: cis-vaccenate biosynthesis|unclassified	0	0	0	0	1816.1022633464	0	167.5327609500	374.0586268615	0	0	0	0	0	0	0	84.3647921295	0	0	0	695.1669986483	0	0	0	0	0	836.8188692136	0	2341.7307432732	0	460.7945849124	32.1284090475	0	0	0	0	0	0	678.1616191581	139.0182877462	246.3887597465	0	0	653.1464678589	783.5152050741	1487.1638515884	0	0	2410.5638318610	0	0	1922.7335062926	1929.6118078664	557.1851373957	0	0	810.5314608708	1236.6527454172	0	1891.2289943281	0	0	0	0	744.4567882321	1373.0074674006	525.7048832909	0	0	0	1579.9984742894	5159.0692576038	0	0	638.6616453535	136.2700058875	0	186.8694857224	0	5461.6087227401	2983.3976293530	0	0	0	1210.8015821081	0	0	832.6437220369	0	958.5704360535	0	0	0	0	0	0	0	376.3699311656	0	0	0	0	0	0	0	537.1330829174	0	0	16.1398037619	0	0	0	0	292.1509298253	0	0	1386.9376403638	0	0	0	0	0	2513.5876797137	0	188.3609744731	0	0	0	0	0	0	0	0	0	0	0	0	0	0	0	0	0	0	0	0
PWY-5981: CDP-diacylglycerol biosynthesis III	0	0	0	0	279.3174696876	0	89.3154587259	49.2684225246	0	0	0	0	0	0	0	120.0031936816	142.6592557562	0	0	0	0	0	0	0	0	371.0179699010	0	134.4559975280	0	51.2255402595	0	0	0	0	0	0	0	278.1763865134	0	44.4876845583	0	0	131.7670587373	59.6779161995	0	0	0	433.9642493603	0	0	91.7332362155	214.1897476983	0	0	729.7281571839	0	0	0	325.0428194156	0	0	0	0	83.4215780460	140.2356697075	0	0	0	0	306.3865367529	2291.3453255147	0	0	29.5946744994	174.3323777064	0	83.8537911176	0	420.8975048533	0	0	0	0	398.1377040812	0	0	523.5906422578	0	13.1473188809	0	0	0	37.5298188022	0	0	0	82.4543279603	0	0	0	0	0	0	0	0	0	0	22.9283414894	0	0	0	0	0	0	0	0	0	0	0	0	0	0	0	0	0	0	0	0	0	0	0	0	0	0	0	0	0	0	0	0	0	0	0	0
PWY-5981: CDP-diacylglycerol biosynthesis III|unclassified	0	0	0	0	279.3174696876	0	89.3154587259	49.2684225246	0	0	0	0	0	0	0	120.0031936816	142.6592557562	0	0	0	0	0	0	0	0	371.0179699010	0	134.4559975280	0	51.2255402595	0	0	0	0	0	0	0	278.1763865134	0	44.4876845583	0	0	131.7670587373	59.6779161995	0	0	0	433.9642493603	0	0	91.7332362155	214.1897476983	0	0	729.7281571839	0	0	0	325.0428194156	0	0	0	0	83.4215780460	140.2356697075	0	0	0	0	305.5410269843	2291.3453255147	0	0	29.5946744994	174.3323777064	0	83.8537911176	0	420.8975048533	0	0	0	0	398.1377040812	0	0	523.5906422578	0	13.1473188809	0	0	0	37.5298188022	0	0	0	82.4543279603	0	0	0	0	0	0	0	0	0	0	22.9283414894	0	0	0	0	0	0	0	0	0	0	0	0	0	0	0	0	0	0	0	0	0	0	0	0	0	0	0	0	0	0	0	0	0	0	0	0
PWY-5989: stearate biosynthesis II (bacteria and plants)	0	0	0	0	855.8343689699	0	97.3172737084	110.2995747762	0	0	0	0	0	0	0	236.4295884555	0	0	0	447.0857681626	0	0	0	0	0	528.3304557454	0	1990.9666246221	0	203.7606825247	33.6131652531	0	49.1758435041	0	0	0	0	746.1416830377	120.5888982121	25.0545412129	0	0	425.8194792649	17.6991468070	755.3158487966	0	0	2200.7382866002	0	0	1171.5278997125	675.4145923287	486.2437158668	0	0	87.0550644326	540.8508663481	0	710.1123023727	0	0	0	0	717.2454098351	910.5273459144	0	0	0	0	1313.2266514628	2648.2762688319	0	0	512.5596937684	1000.7098000918	0	93.5738510308	0	1754.7946121228	2064.3958599101	0	0	0	1106.0886431427	0	0	539.2900907242	0	120.1335577940	0	0	0	0	0	0	0	439.1682764234	0	0	0	0	0	0	0	191.5669365817	0	0	0	0	0	0	0	0	0	0	551.7735637600	0	0	0	0	0	5628.5462481610	0	0	0	0	0	0	0	0	0	0	0	0	0	0	0	0	0	0	0	0	0	0
PWY-5989: stearate biosynthesis II (bacteria and plants)|unclassified	0	0	0	0	855.8343689699	0	96.7774014626	110.2995747762	0	0	0	0	0	0	0	236.4295884555	0	0	0	447.0857681626	0	0	0	0	0	528.3304557454	0	1990.9666246221	0	203.7606825247	33.6131652531	0	49.1758435041	0	0	0	0	746.1416830377	120.5888982121	25.0545412129	0	0	425.8194792649	17.6991468070	755.3158487966	0	0	2200.7382866002	0	0	1171.5278997125	675.4145923287	486.2437158668	0	0	87.0550644326	540.8508663481	0	710.1123023727	0	0	0	0	717.2454098351	910.5273459144	0	0	0	0	992.6188610074	2648.2762688319	0	0	512.5596937684	1000.7098000918	0	93.5738510308	0	1754.7946121228	1957.7251244939	0	0	0	852.3704307397	0	0	539.2900907242	0	120.1335577940	0	0	0	0	0	0	0	439.1682764234	0	0	0	0	0	0	0	191.5669365817	0	0	0	0	0	0	0	0	0	0	551.7735637600	0	0	0	0	0	2290.5802514604	0	0	0	0	0	0	0	0	0	0	0	0	0	0	0	0	0	0	0	0	0	0
PWY-6121: 5-aminoimidazole ribonucleotide biosynthesis I	0	0	0	0	38.1479456122	0	0	47.3842647125	0	0	0	0	0	0	0	206.2628083238	0	0	0	27.4551077465	0	0	0	0	0	222.7258570462	0	303.5936557438	0	85.6929903329	99.4289239055	0	65.5112225713	0	0	0	0	84.4878882268	0	0	0	0	0	0	0	0	0	1048.9442904701	0	0	604.6106696768	706.3530750036	264.2590265943	0	0	0	0	0	136.1170281098	0	0	0	0	0	272.0190254545	0	0	0	0	1473.0747602151	220.0737174044	0	0	101.1407836133	428.0884161724	0	0	0	599.4193067455	174.4402324182	0	0	0	131.2654173280	0	0	0	0	0	0	0	0	0	0	0	0	1225.5404059676	0	0	0	0	0	0	0	120.6829393937	0	0	0	0	23.0424214592	0	0	0	0	0	0	0	0	0	0	11.5491094666	784.1765057436	0	0	0	0	0	0	0	0	0	0	0	0	0	0	0	0	0	0	0	0	0	0
PWY-6121: 5-aminoimidazole ribonucleotide biosynthesis I|unclassified	0	0	0	0	38.1479456122	0	0	47.3842647125	0	0	0	0	0	0	0	206.2628083238	0	0	0	27.4551077465	0	0	0	0	0	222.7258570462	0	303.5936557438	0	85.6929903329	99.4289239055	0	65.5112225713	0	0	0	0	84.4878882268	0	0	0	0	0	0	0	0	0	1048.9442904701	0	0	604.6106696768	706.3530750036	264.2590265943	0	0	0	0	0	136.1170281098	0	0	0	0	0	272.0190254545	0	0	0	0	1473.0747602151	220.0737174044	0	0	101.1407836133	428.0884161724	0	0	0	599.4193067455	174.4402324182	0	0	0	131.2654173280	0	0	0	0	0	0	0	0	0	0	0	0	1225.5404059676	0	0	0	0	0	0	0	120.6829393937	0	0	0	0	23.0424214592	0	0	0	0	0	0	0	0	0	0	11.5491094666	692.3324630434	0	0	0	0	0	0	0	0	0	0	0	0	0	0	0	0	0	0	0	0	0	0
PWY-6122: 5-aminoimidazole ribonucleotide biosynthesis II	0	0	0	0	30.7052865691	0	0	39.1109269974	0	0	0	0	0	0	0	186.6813081599	0	0	0	39.8883788415	0	0	0	0	0	202.7684420757	0	361.4374056877	0	119.4890305255	216.1635311731	0	99.2409836686	0	0	0	0	213.6224222472	0	0	0	0	0	0	0	0	0	926.4257412434	0	0	684.5493673073	621.7617648387	220.3048508504	0	0	0	0	0	140.2903048868	0	0	0	0	0	451.1298154281	0	0	22.8820697443	0	1506.3765053942	276.1243970558	0	0	83.9064506270	443.2238286946	0	0	0	779.5062906932	692.3915626820	0	0	0	112.1037609974	0	0	0	0	0	0	0	0	0	0	0	0	1370.2582587971	0	0	0	0	0	0	0	151.9120726623	0	0	0	0	23.6818343521	0	0	0	0	0	0	0	0	0	0	10.7217964300	1207.8598003450	0	0	0	0	0	0	0	0	0	0	0	0	0	0	0	0	0	0	0	0	0	0
PWY-6122: 5-aminoimidazole ribonucleotide biosynthesis II|unclassified	0	0	0	0	30.7052865691	0	0	39.1109269974	0	0	0	0	0	0	0	186.6813081599	0	0	0	39.8883788415	0	0	0	0	0	202.7684420757	0	361.4374056877	0	119.4890305255	216.1635311731	0	99.2409836686	0	0	0	0	213.6224222472	0	0	0	0	0	0	0	0	0	926.4257412434	0	0	684.5493673073	621.7617648387	220.3048508504	0	0	0	0	0	140.2903048868	0	0	0	0	0	451.1298154281	0	0	22.8820697443	0	1506.3765053942	276.1243970558	0	0	83.9064506270	443.2238286946	0	0	0	779.5062906932	692.3915626820	0	0	0	112.1037609974	0	0	0	0	0	0	0	0	0	0	0	0	1370.2582587971	0	0	0	0	0	0	0	151.9120726623	0	0	0	0	23.6818343521	0	0	0	0	0	0	0	0	0	0	10.7217964300	962.1187599040	0	0	0	0	0	0	0	0	0	0	0	0	0	0	0	0	0	0	0	0	0	0
PWY-6123: inosine-5'-phosphate biosynthesis I	0	0	0	0	148.2577050151	0	0	344.3852825272	0	0	0	0	0	0	0	0	0	0	0	385.1169865051	0	0	0	0	0	313.0075168353	0	389.4681570627	0	299.3347207330	29.5582667345	0	31.5549148858	0	0	0	0	270.6294507761	0	0	0	0	915.9289890443	0	55.2424400043	0	0	852.2382650876	0	0	606.3045442755	724.5191506736	0	0	0	53.8613223253	71.2933721879	0	91.1166961636	134.7419095022	0	0	184.8858018658	91.0758647221	394.9525411180	99.9745639484	0	0	0	2649.5396639003	257.5243251485	0	0	239.9847737992	0	0	0	0	1566.1875879342	2029.3151827324	0	0	0	96.4109493336	0	0	0	0	0	0	0	0	0	0	0	0	634.5651697606	0	0	0	0	0	0	0	94.1828133145	0	0	0	0	0	0	0	0	0	0	1040.1230299590	0	0	0	0	0	3719.5341298412	0	0	0	0	0	0	0	0	0	0	0	0	0	0	0	0	0	0	0	0	0	0
PWY-6123: inosine-5'-phosphate biosynthesis I|unclassified	0	0	0	0	148.2577050151	0	0	344.3852825272	0	0	0	0	0	0	0	0	0	0	0	385.1169865051	0	0	0	0	0	313.0075168353	0	347.4825091654	0	299.3347207330	29.5582667345	0	31.5549148858	0	0	0	0	270.6294507761	0	0	0	0	915.9289890443	0	55.2424400043	0	0	852.2382650876	0	0	606.3045442755	724.5191506736	0	0	0	53.8613223253	71.2933721879	0	91.1166961636	134.7419095022	0	0	184.8858018658	91.0758647221	394.9525411180	99.9745639484	0	0	0	1510.5997965734	257.5243251485	0	0	239.9847737992	0	0	0	0	1566.1875879342	735.1102102816	0	0	0	96.4109493336	0	0	0	0	0	0	0	0	0	0	0	0	634.5651697606	0	0	0	0	0	0	0	94.1828133145	0	0	0	0	0	0	0	0	0	0	1040.1230299590	0	0	0	0	0	657.3649175334	0	0	0	0	0	0	0	0	0	0	0	0	0	0	0	0	0	0	0	0	0	0
PWY-6124: inosine-5'-phosphate biosynthesis II	60.7964373488	0	0	0	143.5984280547	0	0	361.9667513237	0	0	47.2917524346	0	0	0	0	508.3600131485	49.9814290551	0	0	360.2054352127	0	0	0	0	0	206.4055593433	0	333.9073894724	0	289.2009185906	24.9831955151	102.6387273381	41.8730030020	0	0	0	0	436.8024179622	0	0	0	0	1076.0353346355	0	0	0	0	844.0308342753	0	0	1227.4561409489	905.4407801850	0	0	0	49.7096762703	61.0482471288	0	268.5561087903	140.4766892034	0	0	185.2294108319	84.5708389874	403.5370129575	66.5545348577	0	0	0	3282.8246624386	286.5167045221	0	0	254.7235465977	443.8188664450	0	14.5067173710	0	1566.8783999891	3308.8343391047	0	0	0	147.4930925178	0	0	125.5589970785	0	41.4918149800	0	0	78.6278761269	0	0	0	0	630.6099272328	0	0	0	0	0	0	0	110.1997343413	0	0	0	0	0	0	0	0	0	0	1168.4711551068	0	0	0	0	10.9320216749	4491.2779269858	0	0	0	0	0	0	0	0	0	0	0	0	0	0	0	0	0	0	0	0	0	0
PWY-6124: inosine-5'-phosphate biosynthesis II|unclassified	60.7964373488	0	0	0	143.5984280547	0	0	361.9667513237	0	0	47.2917524346	0	0	0	0	508.3600131485	49.9814290551	0	0	360.2054352127	0	0	0	0	0	206.4055593433	0	296.9889358724	0	289.2009185906	24.9831955151	102.6387273381	41.8730030020	0	0	0	0	436.8024179622	0	0	0	0	1076.0353346355	0	0	0	0	844.0308342753	0	0	1227.4561409489	905.4407801850	0	0	0	49.7096762703	61.0482471288	0	268.5561087903	140.4766892034	0	0	185.2294108319	84.5708389874	403.5370129575	66.5545348577	0	0	0	1600.4753761967	286.5167045221	0	0	254.7235465977	443.8188664450	0	14.5067173710	0	1566.8783999891	690.7634370033	0	0	0	147.4930925178	0	0	125.5589970785	0	41.4918149800	0	0	78.6278761269	0	0	0	0	630.6099272328	0	0	0	0	0	0	0	110.1997343413	0	0	0	0	0	0	0	0	0	0	1168.4711551068	0	0	0	0	10.9320216749	600.6793060186	0	0	0	0	0	0	0	0	0	0	0	0	0	0	0	0	0	0	0	0	0	0
PWY-6125: superpathway of guanosine nucleotides de novo biosynthesis II	0	0	0	0	1487.7869536039	0	125.1115271291	413.6924250085	0	0	0	0	0	0	0	411.6061421120	0	0	0	0	0	0	0	0	0	649.1216669595	0	1290.1040490374	0	102.5986831103	43.5138568054	0	0	0	0	0	0	0	0	163.2015470640	0	0	564.3374502093	181.9024153475	46.5979434234	0	0	1364.3724360868	0	0	1446.6313683585	1789.5194612017	1626.9953743737	0	0	250.1093757362	0	0	1400.1025508572	17.7500982977	15.9056997891	0	0	298.4783976810	127.7116875509	0	0	0	0	864.5976028457	7605.8792150354	0	0	28.0399826932	450.8598360318	0	143.0520926623	0	2686.9506648959	21.9049291674	0	0	0	1160.1354461375	0	0	756.7407366023	0	1391.2060864515	0	0	0	0	0	0	0	394.5383972702	0	0	0	0	0	0	0	45.9976643379	0	0	88.9279580522	0	0	0	0	689.1099566558	0	0	448.6202587617	0	0	0	0	0	40.5428732179	0	0	0	0	0	0	0	0	0	0	0	0	0	0	0	0	0	0	0	0	0	0
PWY-6125: superpathway of guanosine nucleotides de novo biosynthesis II|unclassified	0	0	0	0	1487.7869536039	0	125.1115271291	413.6924250085	0	0	0	0	0	0	0	411.6061421120	0	0	0	0	0	0	0	0	0	649.1216669595	0	1290.1040490374	0	102.5986831103	43.5138568054	0	0	0	0	0	0	0	0	163.2015470640	0	0	564.3374502093	181.9024153475	46.5979434234	0	0	1364.2554138168	0	0	1446.6313683585	1789.5194612017	1611.0143274072	0	0	250.1093757362	0	0	1400.1025508572	17.7500982977	15.9056997891	0	0	298.4783976810	127.7116875509	0	0	0	0	843.7408062118	7605.8792150354	0	0	28.0399826932	450.8598360318	0	143.0520926623	0	2686.9506648959	21.8983013795	0	0	0	1009.4756145857	0	0	756.7407366023	0	1391.2060864515	0	0	0	0	0	0	0	394.5383972702	0	0	0	0	0	0	0	45.9976643379	0	0	88.9279580522	0	0	0	0	689.1099566558	0	0	447.5751958831	0	0	0	0	0	40.4887460443	0	0	0	0	0	0	0	0	0	0	0	0	0	0	0	0	0	0	0	0	0	0
PWY-6126: superpathway of adenosine nucleotides de novo biosynthesis II	0	0	0	0	1850.6430350696	0	163.5269634482	566.4521598527	0	0	0	0	0	0	0	875.9414022942	350.8005072599	0	0	0	0	0	0	0	0	930.5838920428	0	1612.5523939608	0	154.2508852643	194.2677106918	0	0	0	0	0	0	0	0	256.6665781487	0	0	854.4907119566	637.4760586798	76.6122059798	0	0	2023.9366508333	0	0	1979.2527199213	2589.8484906470	2633.9436126911	0	0	369.6605903841	0	30.9946345037	2644.4623815286	41.1236369856	0	0	0	403.3485242821	214.1035619960	0	0	0	0	1276.3491958343	12347.6505888013	0	0	41.8673504129	1640.0877953260	0	215.0833892715	0	3848.7888197076	32.8206495327	0	0	0	1498.9563989479	0	0	1011.4037140572	0	1786.7043718229	0	0	0	0	0	0	0	301.4264602038	0	0	0	0	0	0	0	204.2090279639	0	0	0	0	77.9541960112	0	0	891.1856208709	0	0	996.6456533302	0	0	0	0	0	60.5087259910	0	0	0	0	0	0	0	0	0	0	0	0	0	0	0	0	0	0	0	0	0	0
PWY-6126: superpathway of adenosine nucleotides de novo biosynthesis II|unclassified	0	0	0	0	1835.8028579990	0	163.5269634482	566.4521598527	0	0	0	0	0	0	0	875.9414022942	350.8005072599	0	0	0	0	0	0	0	0	930.5838920428	0	1070.8004843417	0	154.2508852643	194.2677106918	0	0	0	0	0	0	0	0	256.6665781487	0	0	854.4907119566	637.4760586798	76.6122059798	0	0	2019.9961364279	0	0	1979.2527199213	2589.3812586604	2592.3129419415	0	0	369.6605903841	0	30.9946345037	2644.4623815286	41.1236369856	0	0	0	403.3485242821	214.1035619960	0	0	0	0	1268.9919855378	12347.6505888013	0	0	41.8278171282	1640.0877953260	0	215.0833892715	0	3848.7888197076	32.8185365546	0	0	0	1498.9563989479	0	0	1011.4037140572	0	1786.7043718229	0	0	0	0	0	0	0	301.4264602038	0	0	0	0	0	0	0	204.2090279639	0	0	0	0	77.9541960112	0	0	891.1856208709	0	0	996.6456533302	0	0	0	0	0	60.4756333933	0	0	0	0	0	0	0	0	0	0	0	0	0	0	0	0	0	0	0	0	0	0
PWY-6147: 6-hydroxymethyl-dihydropterin diphosphate biosynthesis I	0	0	0	0	244.0715686106	0	0	0	0	0	0	0	0	0	0	27.2552018493	166.4719018235	0	0	63.0044986964	0	0	0	0	0	675.0469750089	0	1283.6336576027	0	130.8418680488	28.1218239398	0	0	0	0	0	0	43.9351032306	0	0	0	0	76.6002269083	68.5469367251	692.6586591962	0	0	364.1339803324	0	0	617.8895198791	152.4661304860	0	0	0	0	0	0	503.7203671255	0	0	0	0	351.8609082582	307.7412116563	0	0	0	0	680.1969188114	2044.6671209915	0	0	102.2999219297	568.4812249118	0	0	0	2935.9758544957	5415.0358331330	0	0	0	512.7856536138	0	0	0	0	82.2263556593	0	0	0	65.3905971510	0	0	0	380.9693172964	0	0	0	0	0	0	0	85.3602640385	0	0	0	0	0	0	0	0	0	0	319.6884547346	0	0	0	0	0	7798.9134263641	0	0	0	0	0	0	0	0	0	0	0	0	0	0	0	0	0	0	0	0	0	0
PWY-6147: 6-hydroxymethyl-dihydropterin diphosphate biosynthesis I|g__Prevotella.s__Prevotella_salivae	0	0	0	0	0	0	0	0	0	0	0	0	0	0	0	0	0	0	0	0	0	0	0	0	0	0	0	0	0	0	0	0	0	0	0	0	0	0	0	0	0	0	0	0	0	0	0	0	0	0	0	0	0	0	0	0	0	0	0	0	0	0	0	0	0	0	0	0	0	0	0	0	0	0	0	0	0	0	0	0	0	0	0	0	0	0	0	0	0	0	0	0	0	0	0	0	0	0	0	0	0	0	0	0	0	0	0	0	0	0	0	0	0	0	0	0	0	0	0	0	0	4428.9674015240	0	0	0	0	0	0	0	0	0	0	0	0	0	0	0	0	0	0	0	0	0	0
PWY-6147: 6-hydroxymethyl-dihydropterin diphosphate biosynthesis I|unclassified	0	0	0	0	244.0715686106	0	0	0	0	0	0	0	0	0	0	27.2552018493	166.4719018235	0	0	63.0044986964	0	0	0	0	0	675.0469750089	0	1283.6336576027	0	130.8418680488	28.1218239398	0	0	0	0	0	0	43.9351032306	0	0	0	0	76.6002269083	68.5469367251	692.6586591962	0	0	364.1339803324	0	0	617.8895198791	152.4661304860	0	0	0	0	0	0	503.7203671255	0	0	0	0	351.8609082582	307.7412116563	0	0	0	0	680.1969188114	2044.6671209915	0	0	102.2999219297	568.4812249118	0	0	0	2935.9758544957	5415.0358331330	0	0	0	512.7856536138	0	0	0	0	82.2263556593	0	0	0	65.3905971510	0	0	0	380.9693172964	0	0	0	0	0	0	0	85.3602640385	0	0	0	0	0	0	0	0	0	0	319.6884547346	0	0	0	0	0	3366.8279067049	0	0	0	0	0	0	0	0	0	0	0	0	0	0	0	0	0	0	0	0	0	0
PWY-6151: S-adenosyl-L-methionine salvage I	0	0	0	0	1534.4807644223	0	1003.3099757742	707.8084305016	0	0	0	0	0	0	0	587.9385056582	0	0	0	391.6447141258	0	0	0	0	0	1819.2042284436	0	2092.1656849861	0	522.8452304027	210.6892201864	89.2341881182	0	0	0	0	0	1835.1812116274	0	522.8939143168	0	0	586.8491162941	432.7446594300	322.4846604265	13.9086310262	0	1685.6543413980	0	0	2281.3967193533	2199.1942563779	694.3095663633	105.1216181306	0	298.9610422844	0	16.4601568830	1008.8097239900	95.0173567328	154.8793961924	0	728.8184908882	839.9336748475	950.7452616942	339.2520031310	0	12.8104966185	0	2128.3838005438	3826.2573233215	0	0	478.2287112720	1392.9160280305	0	593.1896403699	0	3143.5156379588	2601.8189183602	0	0	0	2668.2539954312	0	0	1887.6709360373	0	983.6556501706	0	0	0	992.1334691159	0	0	0	823.7276792976	0	0	0	0	0	0	0	589.3698677535	0	0	0	0	0	442.5023768155	0	870.0250345412	0	0	49.7096290806	0	0	0	0	0	1452.5974083495	0	0	0	0	0	0	0	0	0	0	0	0	0	0	0	0	0	0	0	0	0	0
PWY-6151: S-adenosyl-L-methionine salvage I|unclassified	0	0	0	0	1534.4807644223	0	1003.3099757742	707.8084305016	0	0	0	0	0	0	0	587.9385056582	0	0	0	391.6447141258	0	0	0	0	0	1819.2042284436	0	1753.1253663261	0	522.8452304027	210.6892201864	89.2341881182	0	0	0	0	0	1835.1812116274	0	522.8939143168	0	0	586.8491162941	432.7446594300	322.4846604265	13.9086310262	0	1685.6543413980	0	0	2281.3967193533	2199.1942563779	694.3095663633	105.1216181306	0	298.9610422844	0	16.4601568830	1008.8097239900	95.0173567328	154.8793961924	0	728.8184908882	839.9336748475	950.7452616942	339.2520031310	0	12.8104966185	0	2128.3838005438	3826.2573233215	0	0	478.2287112720	1392.9160280305	0	593.1896403699	0	3143.5156379588	2601.8189183602	0	0	0	2668.2539954312	0	0	1887.6709360373	0	983.6556501706	0	0	0	992.1334691159	0	0	0	823.7276792976	0	0	0	0	0	0	0	589.3698677535	0	0	0	0	0	442.5023768155	0	870.0250345412	0	0	49.7096290806	0	0	0	0	0	1298.8979835112	0	0	0	0	0	0	0	0	0	0	0	0	0	0	0	0	0	0	0	0	0	0
PWY-6163: chorismate biosynthesis from 3-dehydroquinate	0	0	0	0	1932.6549588707	0	436.0985389329	80.8108889055	0	0	0	0	0	0	0	442.3114103168	232.2917834068	0	0	407.1070895179	0	0	0	0	0	1077.0645312036	0	1881.3020073021	0	484.5311521363	111.4016113970	12.8742511952	6.5511137314	0	0	0	0	350.3300729312	0	0	0	0	342.1284266676	285.5185298127	386.3032100575	0	0	737.2824254552	0	0	1806.2412860393	1131.5204840992	541.5744863426	0	0	682.7090474863	0	0	2323.3752176397	0	0	0	114.2672925224	327.3315708297	123.8094563084	24.2364122995	0	0	0	1158.6910879390	5142.8925247843	0	0	408.1045764987	358.8041978777	0	123.7992244268	0	4133.1090955334	1787.1901964514	0	0	0	2424.4259391550	0	0	2063.9468935228	0	1220.9564147355	0	0	0	260.2027981280	0	0	0	944.1853153571	0	0	0	0	0	0	0	0	0	0	0	0	15.5086971562	0	0	919.3766953551	0	0	816.5682783841	0	0	0	0	0	3523.0141021563	0	0	0	0	0	0	0	0	0	0	0	0	0	0	0	0	0	0	0	0	0	0
PWY-6163: chorismate biosynthesis from 3-dehydroquinate|unclassified	0	0	0	0	1932.6549588707	0	436.0985389329	80.8108889055	0	0	0	0	0	0	0	442.3114103168	232.2917834068	0	0	407.1070895179	0	0	0	0	0	1077.0645312036	0	1428.9285968279	0	484.5311521363	111.4016113970	12.8742511952	6.5511137314	0	0	0	0	350.3300729312	0	0	0	0	342.1284266676	285.5185298127	386.3032100575	0	0	737.2824254552	0	0	1806.2412860393	1094.7882229854	541.5744863426	0	0	682.7090474863	0	0	2323.3752176397	0	0	0	114.2672925224	327.3315708297	123.8094563084	24.2364122995	0	0	0	1158.6910879390	5142.8925247843	0	0	408.1045764987	358.8041978777	0	119.1410216922	0	4133.1090955334	1787.1901964514	0	0	0	2424.4259391550	0	0	2063.9468935228	0	1220.9564147355	0	0	0	260.2027981280	0	0	0	944.1853153571	0	0	0	0	0	0	0	0	0	0	0	0	15.5086971562	0	0	919.3766953551	0	0	816.5682783841	0	0	0	0	0	2580.1614100194	0	0	0	0	0	0	0	0	0	0	0	0	0	0	0	0	0	0	0	0	0	0
PWY-6168: flavin biosynthesis III (fungi)	0	0	0	0	0	0	0	0	0	0	0	0	0	0	0	0	0	0	0	0	0	0	0	0	0	0	0	0	0	0	0	0	0	0	0	0	0	0	0	0	0	0	0	0	0	0	0	0	0	0	0	0	0	0	0	0	0	0	0	0	0	0	0	0	0	0	0	0	0	0	0	0	0	0	0	0	0	0	0	0	0	0	0	0	0	0	0	0	0	0	0	0	0	0	0	0	351.5457532752	0	0	0	0	0	0	0	0	0	0	0	0	0	0	0	0	0	0	0	0	0	0	0	0	0	0	0	0	0	0	0	0	0	0	0	0	0	0	0	0	0	0	0	0	0	0	0
PWY-6168: flavin biosynthesis III (fungi)|unclassified	0	0	0	0	0	0	0	0	0	0	0	0	0	0	0	0	0	0	0	0	0	0	0	0	0	0	0	0	0	0	0	0	0	0	0	0	0	0	0	0	0	0	0	0	0	0	0	0	0	0	0	0	0	0	0	0	0	0	0	0	0	0	0	0	0	0	0	0	0	0	0	0	0	0	0	0	0	0	0	0	0	0	0	0	0	0	0	0	0	0	0	0	0	0	0	0	351.5457532752	0	0	0	0	0	0	0	0	0	0	0	0	0	0	0	0	0	0	0	0	0	0	0	0	0	0	0	0	0	0	0	0	0	0	0	0	0	0	0	0	0	0	0	0	0	0	0
PWY-621: sucrose degradation III (sucrose invertase)	0	0	0	0	394.6400740375	0	0	81.2152062567	0	0	0	0	0	0	0	0	0	0	0	0	0	0	0	0	0	185.5610183104	0	0	0	28.4417266082	91.0366441021	0	0	0	0	0	0	0	0	0	0	0	0	0	0	0	0	0	0	0	1951.1398766091	0	0	0	0	0	0	0	197.3493774995	0	0	0	0	0	0	0	0	0	0	44.5880588345	1597.7061862345	0	0	118.6856794080	0	0	0	0	109.3611846464	311.8595410337	0	0	0	191.4989527835	0	0	949.4099633315	0	0	0	0	0	0	0	0	0	1392.6527486932	0	0	0	0	0	0	0	44.2139543581	0	0	0	0	0	53.0536528498	0	0	0	0	477.9282417281	0	0	0	0	0	1652.7179830257	0	0	0	0	0	0	0	0	0	0	0	0	0	0	0	0	0	0	0	0	0	0
PWY-621: sucrose degradation III (sucrose invertase)|unclassified	0	0	0	0	394.6400740375	0	0	81.2152062567	0	0	0	0	0	0	0	0	0	0	0	0	0	0	0	0	0	185.5610183104	0	0	0	28.4417266082	91.0366441021	0	0	0	0	0	0	0	0	0	0	0	0	0	0	0	0	0	0	0	1951.1398766091	0	0	0	0	0	0	0	197.3493774995	0	0	0	0	0	0	0	0	0	0	44.3738056650	1597.7061862345	0	0	118.6856794080	0	0	0	0	109.3611846464	311.8595410337	0	0	0	191.4989527835	0	0	949.4099633315	0	0	0	0	0	0	0	0	0	1392.6527486932	0	0	0	0	0	0	0	44.2139543581	0	0	0	0	0	53.0536528498	0	0	0	0	477.9282417281	0	0	0	0	0	1597.8917328634	0	0	0	0	0	0	0	0	0	0	0	0	0	0	0	0	0	0	0	0	0	0
PWY-622: starch biosynthesis	0	0	0	0	0	0	0	0	0	0	0	0	0	0	0	0	0	0	0	0	0	0	0	0	0	0	0	0	0	0	0	0	0	0	0	0	0	0	0	0	0	0	0	0	0	0	0	793.3101726430	0	0	276.0072890219	0	0	0	0	0	0	0	0	0	0	0	0	0	0	0	0	0	0	689.8637079184	0	0	0	0	0	0	0	0	1007.6043468084	0	0	0	0	0	0	0	0	0	0	0	0	0	0	0	0	0	0	0	0	0	0	0	0	0	0	0	0	0	0	0	0	0	0	0	0	0	0	0	0	0	0	0	0	0	0	0	0	0	0	0	0	0	0	0	0	0	0	0	0	0	0	0	0	0
PWY-622: starch biosynthesis|unclassified	0	0	0	0	0	0	0	0	0	0	0	0	0	0	0	0	0	0	0	0	0	0	0	0	0	0	0	0	0	0	0	0	0	0	0	0	0	0	0	0	0	0	0	0	0	0	0	793.3101726430	0	0	276.0072890219	0	0	0	0	0	0	0	0	0	0	0	0	0	0	0	0	0	0	679.2942002597	0	0	0	0	0	0	0	0	1007.6043468084	0	0	0	0	0	0	0	0	0	0	0	0	0	0	0	0	0	0	0	0	0	0	0	0	0	0	0	0	0	0	0	0	0	0	0	0	0	0	0	0	0	0	0	0	0	0	0	0	0	0	0	0	0	0	0	0	0	0	0	0	0	0	0	0	0
PWY-6270: isoprene biosynthesis I	0	0	0	0	0	0	0	0	0	0	0	0	0	0	0	0	0	0	0	0	0	0	0	0	0	0	0	614.5546209237	0	0	0	0	0	0	0	0	0	210.7025227060	0	0	0	0	0	0	131.2714205068	0	0	852.0168159528	0	0	0	771.9122753826	0	0	0	0	0	0	0	0	0	0	0	0	409.3883106271	0	0	0	0	1734.6481850179	85.3608449821	0	0	116.5306067260	0	0	0	0	899.9009659690	679.1823837656	0	0	0	0	0	0	0	0	0	0	0	0	0	0	0	0	366.4161622844	0	0	0	0	0	0	0	0	0	0	0	0	0	0	0	0	0	0	0	0	0	0	0	0	980.1162209996	0	0	0	0	0	0	0	0	0	0	0	0	0	0	0	0	0	0	0	0	0	0
PWY-6270: isoprene biosynthesis I|unclassified	0	0	0	0	0	0	0	0	0	0	0	0	0	0	0	0	0	0	0	0	0	0	0	0	0	0	0	614.5546209237	0	0	0	0	0	0	0	0	0	210.7025227060	0	0	0	0	0	0	131.2714205068	0	0	852.0168159528	0	0	0	751.5858934478	0	0	0	0	0	0	0	0	0	0	0	0	409.3883106271	0	0	0	0	1369.4405410434	85.3608449821	0	0	116.5306067260	0	0	0	0	899.9009659690	679.1823837656	0	0	0	0	0	0	0	0	0	0	0	0	0	0	0	0	366.4161622844	0	0	0	0	0	0	0	0	0	0	0	0	0	0	0	0	0	0	0	0	0	0	0	0	934.1990882111	0	0	0	0	0	0	0	0	0	0	0	0	0	0	0	0	0	0	0	0	0	0
PWY-6277: superpathway of 5-aminoimidazole ribonucleotide biosynthesis	0	0	0	0	30.7052865691	0	0	39.1109269974	0	0	0	0	0	0	0	186.6813081599	0	0	0	39.8883788415	0	0	0	0	0	202.7684420757	0	361.4374056877	0	119.4890305255	216.1635311731	0	99.2409836686	0	0	0	0	213.6224222472	0	0	0	0	0	0	0	0	0	926.4257412434	0	0	684.5493673073	621.7617648387	220.3048508504	0	0	0	0	0	140.2903048868	0	0	0	0	0	451.1298154281	0	0	22.8820697443	0	1506.3765053942	276.1243970558	0	0	83.9064506270	443.2238286946	0	0	0	779.5062906932	692.3915626820	0	0	0	112.1037609974	0	0	0	0	0	0	0	0	0	0	0	0	1370.2582587971	0	0	0	0	0	0	0	151.9120726623	0	0	0	0	23.6818343521	0	0	0	0	0	0	0	0	0	0	10.7217964300	1207.8598003450	0	0	0	0	0	0	0	0	0	0	0	0	0	0	0	0	0	0	0	0	0	0
PWY-6277: superpathway of 5-aminoimidazole ribonucleotide biosynthesis|unclassified	0	0	0	0	30.7052865691	0	0	39.1109269974	0	0	0	0	0	0	0	186.6813081599	0	0	0	39.8883788415	0	0	0	0	0	202.7684420757	0	361.4374056877	0	119.4890305255	216.1635311731	0	99.2409836686	0	0	0	0	213.6224222472	0	0	0	0	0	0	0	0	0	926.4257412434	0	0	684.5493673073	621.7617648387	220.3048508504	0	0	0	0	0	140.2903048868	0	0	0	0	0	451.1298154281	0	0	22.8820697443	0	1506.3765053942	276.1243970558	0	0	83.9064506270	443.2238286946	0	0	0	779.5062906932	692.3915626820	0	0	0	112.1037609974	0	0	0	0	0	0	0	0	0	0	0	0	1370.2582587971	0	0	0	0	0	0	0	151.9120726623	0	0	0	0	23.6818343521	0	0	0	0	0	0	0	0	0	0	10.7217964300	962.1187599040	0	0	0	0	0	0	0	0	0	0	0	0	0	0	0	0	0	0	0	0	0	0
PWY-6282: palmitoleate biosynthesis I (from (5Z)-dodec-5-enoate)	0	0	0	0	1863.6814877797	0	193.1976317393	392.1390523889	0	0	0	0	0	0	0	236.5013799744	0	0	0	467.5867293887	0	0	0	0	0	637.5204730120	0	1923.8986906401	0	201.0568395919	33.5058265371	0	43.8768241925	0	0	0	0	719.6129305470	150.8987488811	260.8542007756	0	0	566.8984368207	746.1633365991	775.3302469866	0	0	2164.4015905231	0	0	1692.1658609396	1646.9855655085	643.9378837458	0	0	693.4446108002	586.1611696086	0	980.8389171260	0	0	0	0	836.3167591916	1267.7019926239	0	0	0	0	1395.7783141602	5263.8473972072	0	0	636.2278313833	1042.5867309316	0	90.0391123446	0	1895.9089268347	2134.6480962521	0	0	0	3762.0908976000	0	0	715.1230481419	0	292.1900344124	0	0	0	0	0	0	0	439.4243180301	0	0	0	0	0	0	0	593.3846409560	0	0	0	0	0	0	0	0	0	0	631.1929581021	0	0	0	0	0	5621.9398127765	0	0	0	0	0	0	0	0	0	0	0	0	0	0	0	0	0	0	0	0	0	0
PWY-6282: palmitoleate biosynthesis I (from (5Z)-dodec-5-enoate)|unclassified	0	0	0	0	1863.6814877797	0	190.3863558560	392.1390523889	0	0	0	0	0	0	0	236.5013799744	0	0	0	467.5867293887	0	0	0	0	0	637.5204730120	0	1923.8986906401	0	201.0568395919	33.5058265371	0	43.8768241925	0	0	0	0	719.6129305470	150.8987488811	260.8542007756	0	0	566.8984368207	746.1633365991	775.3302469866	0	0	2164.4015905231	0	0	1692.1658609396	1646.9855655085	643.9378837458	0	0	693.4446108002	586.1611696086	0	980.8389171260	0	0	0	0	836.3167591916	1267.7019926239	0	0	0	0	1082.8391144640	5263.8473972072	0	0	636.2278313833	1042.5867309316	0	90.0391123446	0	1895.9089268347	1985.4943141926	0	0	0	1349.6406533038	0	0	715.1230481419	0	292.1900344124	0	0	0	0	0	0	0	439.4243180301	0	0	0	0	0	0	0	593.3846409560	0	0	0	0	0	0	0	0	0	0	631.1929581021	0	0	0	0	0	2541.7115254563	0	0	0	0	0	0	0	0	0	0	0	0	0	0	0	0	0	0	0	0	0	0
PWY-6284: superpathway of unsaturated fatty acids biosynthesis (E. coli)	0	0	0	0	1251.4800922808	0	0	185.0195281361	0	0	0	0	0	0	0	162.1587577597	0	0	0	0	0	0	0	0	0	559.9438403071	0	576.3428536791	0	0	0	0	0	0	0	0	0	0	0	0	0	0	0	0	0	0	0	0	0	0	1339.5393724597	0	0	0	0	0	0	0	911.5066600816	0	0	0	0	0	0	0	0	0	0	0	3885.8696455348	0	0	588.8450608280	0	0	0	0	0	0	0	0	0	2148.2198191756	0	0	601.0443924769	0	0	0	0	0	0	0	0	0	338.0874445881	0	0	0	0	0	0	0	303.7393873091	0	0	0	0	0	0	0	0	0	0	0	0	0	0	0	0	1439.4445146815	0	0	0	0	0	0	0	0	0	0	0	0	0	0	0	0	0	0	0	0	0	0
PWY-6284: superpathway of unsaturated fatty acids biosynthesis (E. coli)|unclassified	0	0	0	0	1251.4800922808	0	0	185.0195281361	0	0	0	0	0	0	0	162.1587577597	0	0	0	0	0	0	0	0	0	559.9438403071	0	569.7284639172	0	0	0	0	0	0	0	0	0	0	0	0	0	0	0	0	0	0	0	0	0	0	1339.5393724597	0	0	0	0	0	0	0	911.5066600816	0	0	0	0	0	0	0	0	0	0	0	3885.8696455348	0	0	588.8450608280	0	0	0	0	0	0	0	0	0	1268.3332635620	0	0	601.0443924769	0	0	0	0	0	0	0	0	0	338.0874445881	0	0	0	0	0	0	0	303.7393873091	0	0	0	0	0	0	0	0	0	0	0	0	0	0	0	0	1155.4786186014	0	0	0	0	0	0	0	0	0	0	0	0	0	0	0	0	0	0	0	0	0	0
PWY-6285: superpathway of fatty acids biosynthesis (E. coli)	0	0	0	0	1358.8956671414	0	0	0	0	0	0	0	0	0	0	0	0	0	0	0	0	0	0	0	0	413.9332631322	0	923.1185285863	0	0	0	0	0	0	0	0	0	0	0	0	0	0	0	0	0	0	0	0	0	0	0	0	0	0	0	0	0	0	837.9773585092	0	0	0	0	0	0	0	0	0	0	0	4850.3250087017	0	0	0	0	0	0	0	0	0	0	0	0	2618.2590869179	0	0	0	0	0	0	0	0	0	0	0	0	407.2998088717	0	0	0	0	0	0	0	382.3153939074	0	0	0	0	0	0	0	0	0	0	0	0	0	0	0	0	0	0	0	0	0	0	0	0	0	0	0	0	0	0	0	0	0	0	0	0	0	0	0
PWY-6285: superpathway of fatty acids biosynthesis (E. coli)|unclassified	0	0	0	0	1358.8956671414	0	0	0	0	0	0	0	0	0	0	0	0	0	0	0	0	0	0	0	0	413.9332631322	0	909.0198785153	0	0	0	0	0	0	0	0	0	0	0	0	0	0	0	0	0	0	0	0	0	0	0	0	0	0	0	0	0	0	837.9773585092	0	0	0	0	0	0	0	0	0	0	0	4850.3250087017	0	0	0	0	0	0	0	0	0	0	0	0	1356.1996118614	0	0	0	0	0	0	0	0	0	0	0	0	407.2998088717	0	0	0	0	0	0	0	382.3153939074	0	0	0	0	0	0	0	0	0	0	0	0	0	0	0	0	0	0	0	0	0	0	0	0	0	0	0	0	0	0	0	0	0	0	0	0	0	0	0
PWY-6292: superpathway of L-cysteine biosynthesis (mammalian)	0	0	0	0	0	0	0	0	0	0	0	0	0	0	0	0	0	0	0	0	0	0	0	0	0	0	0	0	0	0	0	0	0	0	0	0	0	0	0	0	0	0	0	0	0	0	0	0	0	0	0	0	0	0	0	0	0	0	0	0	0	0	0	0	0	0	0	0	0	0	0	0	0	0	0	0	0	0	0	0	0	0	0	0	0	0	0	0	0	0	0	0	0	0	0	0	0	0	0	0	0	0	0	0	0	0	0	0	0	0	0	0	0	0	0	0	0	0	0	0	0	64.1250661739	0	0	0	0	0	0	0	0	0	0	0	0	0	0	0	0	0	0	0	0	0	0
PWY-6292: superpathway of L-cysteine biosynthesis (mammalian)|unclassified	0	0	0	0	0	0	0	0	0	0	0	0	0	0	0	0	0	0	0	0	0	0	0	0	0	0	0	0	0	0	0	0	0	0	0	0	0	0	0	0	0	0	0	0	0	0	0	0	0	0	0	0	0	0	0	0	0	0	0	0	0	0	0	0	0	0	0	0	0	0	0	0	0	0	0	0	0	0	0	0	0	0	0	0	0	0	0	0	0	0	0	0	0	0	0	0	0	0	0	0	0	0	0	0	0	0	0	0	0	0	0	0	0	0	0	0	0	0	0	0	0	63.9242582600	0	0	0	0	0	0	0	0	0	0	0	0	0	0	0	0	0	0	0	0	0	0
PWY-6305: superpathway of putrescine biosynthesis	0	0	0	0	0	0	0	0	0	0	0	0	0	0	0	0	0	0	0	0	0	0	0	0	0	0	0	0	0	0	70.5777737446	0	0	0	0	0	0	24.3089439006	0	0	0	0	0	47.5587566432	0	0	0	186.4192660784	0	0	0	389.5990794503	0	0	0	0	0	0	17.6525039956	0	0	0	0	0	0	0	0	0	0	149.8192487088	32.2997632432	0	0	0	0	0	0	0	81.0625554295	0	0	0	0	0	0	0	0	0	0	0	0	0	0	0	0	0	1683.3241248042	0	0	0	0	0	0	0	37.9763892181	0	0	0	0	0	0	0	0	0	0	44.7702210680	0	0	0	0	0	0	0	0	0	0	0	0	0	0	0	0	0	0	0	0	0	0	0	0	0	0	0	0
PWY-6305: superpathway of putrescine biosynthesis|unclassified	0	0	0	0	0	0	0	0	0	0	0	0	0	0	0	0	0	0	0	0	0	0	0	0	0	0	0	0	0	0	70.5777737446	0	0	0	0	0	0	24.3089439006	0	0	0	0	0	47.5587566432	0	0	0	186.4192660784	0	0	0	389.5990794503	0	0	0	0	0	0	17.6525039956	0	0	0	0	0	0	0	0	0	0	149.8192487088	32.2997632432	0	0	0	0	0	0	0	81.0625554295	0	0	0	0	0	0	0	0	0	0	0	0	0	0	0	0	0	1683.3241248042	0	0	0	0	0	0	0	37.9763892181	0	0	0	0	0	0	0	0	0	0	44.7702210680	0	0	0	0	0	0	0	0	0	0	0	0	0	0	0	0	0	0	0	0	0	0	0	0	0	0	0	0
PWY-6309: L-tryptophan degradation XI (mammalian, via kynurenine)	0	0	0	0	0	0	0	0	0	0	0	0	0	0	0	0	0	0	0	0	0	0	0	0	0	0	0	0	0	0	0	0	0	0	0	0	0	0	0	0	0	0	0	0	0	0	0	0	0	0	0	0	0	0	0	0	0	0	0	0	0	0	0	0	0	0	0	0	0	0	0	0	0	0	0	0	0	0	0	0	0	0	0	0	0	0	0	6.4085951858	0	0	0	0	0	0	0	0	0	0	0	0	0	0	0	0	0	0	0	0	0	0	0	0	0	0	0	0	0	0	0	0	0	0	0	0	0	0	0	0	0	0	0	0	0	0	0	0	0	0	0	0	0	0	0	0
PWY-6309: L-tryptophan degradation XI (mammalian, via kynurenine)|unclassified	0	0	0	0	0	0	0	0	0	0	0	0	0	0	0	0	0	0	0	0	0	0	0	0	0	0	0	0	0	0	0	0	0	0	0	0	0	0	0	0	0	0	0	0	0	0	0	0	0	0	0	0	0	0	0	0	0	0	0	0	0	0	0	0	0	0	0	0	0	0	0	0	0	0	0	0	0	0	0	0	0	0	0	0	0	0	0	6.4085951858	0	0	0	0	0	0	0	0	0	0	0	0	0	0	0	0	0	0	0	0	0	0	0	0	0	0	0	0	0	0	0	0	0	0	0	0	0	0	0	0	0	0	0	0	0	0	0	0	0	0	0	0	0	0	0	0
PWY-6317: D-galactose degradation I (Leloir pathway)	0	0	0	0	316.3985178674	0	0	0	0	0	0	0	0	0	0	183.3786548951	0	0	0	186.1310348727	0	0	0	0	0	1248.6510729175	0	1191.8087589846	0	14.0558423056	49.8008469692	0	0	0	0	0	0	175.7951451868	0	0	0	0	24.1613497209	169.2909873149	169.9472760375	0	0	682.2925435597	0	0	721.2902666089	591.5629138628	689.1764360382	0	0	140.6650318132	0	0	1732.0221074594	0	0	0	0	62.1312107179	245.4463305651	75.3010056889	0	0	0	1726.4050903604	4399.0962196573	0	0	243.7551155910	499.0016881522	0	0	0	2853.6989801528	539.6318886748	0	0	0	1028.9192877037	0	0	673.4143843189	0	840.8940650368	0	0	0	248.4964434317	0	0	0	815.9131707505	0	0	0	0	0	0	0	15.9688243197	0	0	0	0	0	0	0	818.9884106058	0	0	95.8870923714	0	0	0	0	0	1536.7128632622	0	0	0	0	0	0	0	0	0	0	0	0	0	0	0	0	0	0	0	0	0	0
PWY-6317: D-galactose degradation I (Leloir pathway)|unclassified	0	0	0	0	316.3985178674	0	0	0	0	0	0	0	0	0	0	183.3786548951	0	0	0	186.1310348727	0	0	0	0	0	1248.6510729175	0	883.7148437603	0	14.0558423056	49.8008469692	0	0	0	0	0	0	175.7951451868	0	0	0	0	24.1613497209	169.2909873149	169.9472760375	0	0	682.2925435597	0	0	721.2902666089	591.5629138628	689.1764360382	0	0	140.6650318132	0	0	1732.0221074594	0	0	0	0	62.1312107179	245.4463305651	75.3010056889	0	0	0	1726.4050903604	4399.0962196573	0	0	243.7551155910	499.0016881522	0	0	0	2853.6989801528	539.6318886748	0	0	0	1028.9192877037	0	0	673.4143843189	0	840.8940650368	0	0	0	248.4964434317	0	0	0	815.9131707505	0	0	0	0	0	0	0	15.9688243197	0	0	0	0	0	0	0	818.9884106058	0	0	91.2996014583	0	0	0	0	0	1423.7145680788	0	0	0	0	0	0	0	0	0	0	0	0	0	0	0	0	0	0	0	0	0	0
PWY-6318: L-phenylalanine degradation IV (mammalian, via side chain)	0	0	0	0	0	0	0	0	0	0	0	0	0	0	0	0	0	0	0	0	0	0	0	0	0	0	0	0	0	0	0	0	0	0	0	0	0	0	0	0	0	0	0	0	0	0	0	0	0	0	0	0	0	0	0	0	0	0	0	0	0	0	0	0	0	0	0	0	0	0	0	0	0	0	0	0	0	0	0	0	0	0	0	0	0	0	0	0	0	0	0	0	0	0	0	0	55.9483504338	0	0	0	0	0	0	0	0	0	0	0	0	0	0	0	0	0	0	0	0	0	0	0	0	0	0	0	0	0	0	0	0	0	0	0	0	0	0	0	0	0	0	0	0	0	0	0
PWY-6318: L-phenylalanine degradation IV (mammalian, via side chain)|unclassified	0	0	0	0	0	0	0	0	0	0	0	0	0	0	0	0	0	0	0	0	0	0	0	0	0	0	0	0	0	0	0	0	0	0	0	0	0	0	0	0	0	0	0	0	0	0	0	0	0	0	0	0	0	0	0	0	0	0	0	0	0	0	0	0	0	0	0	0	0	0	0	0	0	0	0	0	0	0	0	0	0	0	0	0	0	0	0	0	0	0	0	0	0	0	0	0	55.9483504338	0	0	0	0	0	0	0	0	0	0	0	0	0	0	0	0	0	0	0	0	0	0	0	0	0	0	0	0	0	0	0	0	0	0	0	0	0	0	0	0	0	0	0	0	0	0	0
PWY-6353: purine nucleotides degradation II (aerobic)	0	0	0	0	0	0	0	0	0	0	0	0	0	0	0	0	0	0	0	0	0	0	0	0	0	128.7778907187	0	0	0	0	128.5393239697	0	0	0	0	0	0	0	0	0	0	0	0	0	0	0	0	0	0	0	0	0	0	0	0	0	0	0	0	0	0	0	0	0	0	0	0	0	0	0	0	0	0	0	0	0	0	0	0	0	0	0	0	0	0	0	0	0	0	0	0	0	0	0	0	0	1412.2942555825	0	0	0	0	0	0	0	60.4433582269	0	0	0	0	0	0	0	0	0	0	0	0	0	0	0	0	0	0	0	0	0	0	0	0	0	0	0	0	0	0	0	0	0	0	0	0	0	0	0
PWY-6353: purine nucleotides degradation II (aerobic)|unclassified	0	0	0	0	0	0	0	0	0	0	0	0	0	0	0	0	0	0	0	0	0	0	0	0	0	128.7778907187	0	0	0	0	128.5393239697	0	0	0	0	0	0	0	0	0	0	0	0	0	0	0	0	0	0	0	0	0	0	0	0	0	0	0	0	0	0	0	0	0	0	0	0	0	0	0	0	0	0	0	0	0	0	0	0	0	0	0	0	0	0	0	0	0	0	0	0	0	0	0	0	0	1412.2942555825	0	0	0	0	0	0	0	60.4433582269	0	0	0	0	0	0	0	0	0	0	0	0	0	0	0	0	0	0	0	0	0	0	0	0	0	0	0	0	0	0	0	0	0	0	0	0	0	0	0
PWY-6368: 3-phosphoinositide degradation	0	0	0	0	0	0	0	0	0	0	0	0	0	0	0	0	0	0	0	0	0	0	0	0	0	0	0	0	0	0	0	0	0	0	0	0	0	0	0	0	0	0	0	0	0	0	0	0	0	0	0	0	0	0	0	0	0	0	0	0	0	0	0	0	0	0	0	0	0	0	0	0	0	0	19.9793203639	0	0	0	0	0	0	0	0	0	0	0	0	0	0	0	0	0	0	0	0	0	0	0	0	0	0	0	0	0	0	0	0	0	0	0	0	0	0	0	0	0	0	0	0	0	0	0	0	0	0	0	0	0	0	0	0	0	0	0	0	0	0	0	0	0	0	0	0	0
PWY-6368: 3-phosphoinositide degradation|unclassified	0	0	0	0	0	0	0	0	0	0	0	0	0	0	0	0	0	0	0	0	0	0	0	0	0	0	0	0	0	0	0	0	0	0	0	0	0	0	0	0	0	0	0	0	0	0	0	0	0	0	0	0	0	0	0	0	0	0	0	0	0	0	0	0	0	0	0	0	0	0	0	0	0	0	19.9793203639	0	0	0	0	0	0	0	0	0	0	0	0	0	0	0	0	0	0	0	0	0	0	0	0	0	0	0	0	0	0	0	0	0	0	0	0	0	0	0	0	0	0	0	0	0	0	0	0	0	0	0	0	0	0	0	0	0	0	0	0	0	0	0	0	0	0	0	0	0
PWY-6385: peptidoglycan biosynthesis III (mycobacteria)	0	0	0	0	1862.0526600988	0	169.4499567467	318.5858784523	0	0	0	0	0	0	0	404.2030821415	0	0	0	324.2469945417	0	0	0	0	0	2916.0727852635	0	3711.0090497682	0	733.6861479300	189.1203892765	0	0	0	0	0	0	0	0	59.5454003618	0	0	948.6658416856	476.2480340889	802.6286105017	0	0	3325.2360465660	0	0	3480.4071427837	2382.5809875439	2869.8392665203	0	0	556.3760405126	439.0665355452	0	2206.8245371100	0	0	0	0	992.5254030460	902.1482008574	394.9439545610	0	0	0	3913.5831107488	5351.2254332118	0	0	655.9011708713	619.8989705298	0	280.5902200075	0	8354.3139758931	1889.6074918497	0	0	0	2515.8310776353	0	0	3585.5210416125	0	422.7765271267	0	0	0	482.6357435094	0	0	0	1294.8501903130	0	0	0	0	0	0	0	0	0	0	0	0	0	0	0	307.7728801186	0	0	455.3486981482	0	0	0	0	0	4289.4913175496	0	0	0	0	0	0	0	0	0	0	0	0	0	0	0	0	0	0	0	0	0	0
PWY-6385: peptidoglycan biosynthesis III (mycobacteria)|unclassified	0	0	0	0	1862.0526600988	0	169.4499567467	318.5858784523	0	0	0	0	0	0	0	404.2030821415	0	0	0	324.2469945417	0	0	0	0	0	2916.0727852635	0	2689.0878528719	0	733.6861479300	189.1203892765	0	0	0	0	0	0	0	0	59.5454003618	0	0	948.6658416856	476.2480340889	802.6286105017	0	0	3325.2360465660	0	0	3480.4071427837	2382.5809875439	2869.8392665203	0	0	556.3760405126	439.0665355452	0	2206.8245371100	0	0	0	0	992.5254030460	902.1482008574	394.9439545610	0	0	0	3597.4942022600	5351.2254332118	0	0	655.9011708713	619.8989705298	0	280.5902200075	0	8354.3139758931	1889.6074918497	0	0	0	2515.8310776353	0	0	3585.5210416125	0	422.7765271267	0	0	0	482.6357435094	0	0	0	1294.8501903130	0	0	0	0	0	0	0	0	0	0	0	0	0	0	0	307.7728801186	0	0	410.2448410933	0	0	0	0	0	3536.5947673786	0	0	0	0	0	0	0	0	0	0	0	0	0	0	0	0	0	0	0	0	0	0
PWY-6386: UDP-N-acetylmuramoyl-pentapeptide biosynthesis II (lysine-containing)	0	0	0	0	2561.3847301846	0	151.0159151880	353.7271955043	0	0	0	0	0	0	0	170.2935288488	0	0	0	171.7797388098	0	0	0	0	0	3104.0330420816	0	3063.1271669327	0	478.2098918774	161.9448171733	0	0	0	0	0	0	0	0	381.8862703651	0	0	853.4691069856	357.9845534090	631.8993924253	0	0	3433.1793069007	0	0	3264.5617259927	2517.8851480797	2955.4813789950	0	0	632.1467382526	403.5478652782	0	3142.9446876810	0	0	0	0	748.9493652878	442.8683292692	180.6273185472	0	0	0	3930.7368767739	8824.7551120021	0	0	612.9714813210	0	0	0	0	6524.9159776545	1526.2648134710	0	0	0	2814.4025922338	0	0	3513.9774471468	0	593.1556787758	0	0	0	692.3240968369	0	0	0	1117.6243841562	0	0	0	0	0	0	0	0	0	0	0	0	0	0	0	490.7461660737	0	0	473.3539048015	0	0	0	0	0	3316.8312447008	0	0	0	0	0	0	0	0	0	0	0	0	0	0	0	0	0	0	0	0	0	0
PWY-6386: UDP-N-acetylmuramoyl-pentapeptide biosynthesis II (lysine-containing)|unclassified	0	0	0	0	2561.3847301846	0	151.0159151880	353.7271955043	0	0	0	0	0	0	0	170.2935288488	0	0	0	171.7797388098	0	0	0	0	0	3104.0330420816	0	2894.2203918360	0	478.2098918774	161.9448171733	0	0	0	0	0	0	0	0	381.8862703651	0	0	853.4691069856	357.9845534090	631.8993924253	0	0	3433.1793069007	0	0	3264.5617259927	2517.8851480797	2955.4813789950	0	0	632.1467382526	403.5478652782	0	3142.9446876810	0	0	0	0	748.9493652878	442.8683292692	180.6273185472	0	0	0	3623.4437348849	8824.7551120021	0	0	612.9714813210	0	0	0	0	6524.9159776545	1526.2648134710	0	0	0	2814.4025922338	0	0	3513.9774471468	0	593.1556787758	0	0	0	692.3240968369	0	0	0	1117.6243841562	0	0	0	0	0	0	0	0	0	0	0	0	0	0	0	490.7461660737	0	0	458.3203107628	0	0	0	0	0	3190.0713724819	0	0	0	0	0	0	0	0	0	0	0	0	0	0	0	0	0	0	0	0	0	0
PWY-6387: UDP-N-acetylmuramoyl-pentapeptide biosynthesis I (meso-diaminopimelate containing)	0	0	0	0	1631.4641645357	0	146.0585144728	291.3200272835	0	0	0	0	0	0	0	357.9228061371	0	0	0	302.1265512928	0	0	0	0	0	2805.5650384352	0	3675.4648454081	0	704.4848633706	158.1248182918	0	0	0	0	0	0	0	0	47.8864983872	0	0	899.0263843109	428.0226956118	673.4222708301	0	0	2987.6276158286	0	0	3081.8513823259	2058.5223298265	2505.7109557506	0	0	515.7462745604	391.8906384949	0	2065.6329395312	0	0	0	0	994.7521388298	776.6954201176	350.3436518545	0	0	0	3624.8033610834	5115.3389982812	0	0	640.2963010575	557.6004055256	0	284.4622881997	0	7414.8155903062	1992.6284584965	0	0	0	2156.8083100479	0	0	3098.2490989727	0	353.5940160905	0	0	0	568.3450571625	0	0	0	1187.5936221811	0	0	0	0	0	0	0	0	0	0	0	0	0	0	0	257.7864040526	0	0	594.0016367935	0	0	0	0	0	4104.2141542256	0	0	0	0	0	0	0	0	0	0	0	0	0	0	0	0	0	0	0	0	0	0
PWY-6387: UDP-N-acetylmuramoyl-pentapeptide biosynthesis I (meso-diaminopimelate containing)|unclassified	0	0	0	0	1631.4641645357	0	146.0585144728	291.3200272835	0	0	0	0	0	0	0	357.9228061371	0	0	0	302.1265512928	0	0	0	0	0	2805.5650384352	0	2659.8672712108	0	704.4848633706	158.1248182918	0	0	0	0	0	0	0	0	47.8864983872	0	0	899.0263843109	428.0226956118	673.4222708301	0	0	2987.6276158286	0	0	3081.8513823259	2058.5223298265	2505.7109557506	0	0	515.7462745604	391.8906384949	0	2065.6329395312	0	0	0	0	994.7521388298	776.6954201176	350.3436518545	0	0	0	3368.6734014601	5115.3389982812	0	0	640.2963010575	557.6004055256	0	284.4622881997	0	7414.8155903062	1992.6284584965	0	0	0	2156.8083100479	0	0	3098.2490989727	0	353.5940160905	0	0	0	568.3450571625	0	0	0	1187.5936221811	0	0	0	0	0	0	0	0	0	0	0	0	0	0	0	257.7864040526	0	0	576.2131176000	0	0	0	0	0	3313.2445985202	0	0	0	0	0	0	0	0	0	0	0	0	0	0	0	0	0	0	0	0	0	0
PWY-6507: 4-deoxy-L-threo-hex-4-enopyranuronate degradation	0	0	0	0	28.4695447388	0	0	0	0	0	0	0	0	0	0	0	0	0	0	0	0	0	0	0	0	0	0	79.0978221435	0	0	18.7806753001	0	0	0	0	0	0	0	0	0	0	0	0	0	0	0	0	99.1799597554	0	0	24.0591139183	198.1001494003	113.5689524817	0	0	0	0	0	210.1292959426	0	0	0	0	0	0	0	0	0	0	374.7938707017	1348.4903074422	0	0	0	0	0	0	0	414.6756968894	210.4571618866	0	0	0	0	0	0	0	0	0	0	0	0	0	0	0	0	505.7057807948	0	0	0	0	0	0	0	86.4925741932	0	0	0	0	0	0	0	277.9517473788	0	0	115.0498977529	0	0	0	0	0	446.0391826343	0	0	0	0	0	0	0	0	0	0	0	0	0	0	0	0	0	0	0	0	0	0
PWY-6507: 4-deoxy-L-threo-hex-4-enopyranuronate degradation|unclassified	0	0	0	0	28.4695447388	0	0	0	0	0	0	0	0	0	0	0	0	0	0	0	0	0	0	0	0	0	0	79.0978221435	0	0	18.7806753001	0	0	0	0	0	0	0	0	0	0	0	0	0	0	0	0	99.1799597554	0	0	24.0591139183	198.1001494003	113.5689524817	0	0	0	0	0	210.1292959426	0	0	0	0	0	0	0	0	0	0	0	1348.4903074422	0	0	0	0	0	0	0	297.2927700659	210.4571618866	0	0	0	0	0	0	0	0	0	0	0	0	0	0	0	0	505.7057807948	0	0	0	0	0	0	0	86.4925741932	0	0	0	0	0	0	0	277.9517473788	0	0	115.0498977529	0	0	0	0	0	58.3651697976	0	0	0	0	0	0	0	0	0	0	0	0	0	0	0	0	0	0	0	0	0	0
PWY-6519: 8-amino-7-oxononanoate biosynthesis I	0	0	0	0	0	0	0	0	0	0	0	0	0	0	0	226.4960400505	0	0	0	0	0	0	0	0	0	0	0	0	0	0	38.6895337487	0	0	0	0	0	0	599.6439419349	0	0	0	0	0	0	0	0	0	1064.0460780095	0	0	0	0	0	0	0	0	0	0	0	0	0	0	0	0	404.0420801233	0	0	0	0	438.3780544623	0	0	0	0	1021.2035711852	0	104.1230134812	0	0	0	0	0	0	0	0	0	0	0	0	0	0	0	0	0	0	0	485.5067128145	0	0	0	0	0	0	0	32.6316829652	0	0	0	0	0	0	0	0	0	0	0	0	0	0	0	0	0	0	0	0	0	0	0	0	0	0	0	0	0	0	0	0	0	0	0	0	0	0	0
PWY-6519: 8-amino-7-oxononanoate biosynthesis I|unclassified	0	0	0	0	0	0	0	0	0	0	0	0	0	0	0	226.4960400505	0	0	0	0	0	0	0	0	0	0	0	0	0	0	38.6895337487	0	0	0	0	0	0	599.6439419349	0	0	0	0	0	0	0	0	0	1064.0460780095	0	0	0	0	0	0	0	0	0	0	0	0	0	0	0	0	404.0420801233	0	0	0	0	408.0729345781	0	0	0	0	1021.2035711852	0	104.1230134812	0	0	0	0	0	0	0	0	0	0	0	0	0	0	0	0	0	0	0	485.5067128145	0	0	0	0	0	0	0	32.6316829652	0	0	0	0	0	0	0	0	0	0	0	0	0	0	0	0	0	0	0	0	0	0	0	0	0	0	0	0	0	0	0	0	0	0	0	0	0	0	0
PWY-6527: stachyose degradation	0	0	0	0	0	0	0	0	0	0	0	0	0	0	0	17.0310546563	0	0	0	123.9563519125	0	0	126.3376478188	0	0	669.8091483160	0	766.3402708770	0	20.0232433120	36.6618697849	0	0	0	0	0	0	59.8605572185	0	0	0	0	0	242.4548397316	205.1210541064	0	0	440.8895590034	0	0	40.9964677183	326.5163011512	71.0939386401	0	0	0	0	0	1478.3226855873	0	0	0	0	53.6603796401	221.5515546462	0	0	0	0	858.8305657554	5077.3596301578	0	0	173.8149078687	17.4811612383	0	0	0	3153.3381664757	771.8851899832	0	0	0	878.7170807334	0	0	0	0	0	0	0	0	0	0	0	0	499.6709824206	0	0	0	0	0	0	0	18.7335995712	0	0	0	0	6.9584963323	0	0	0	0	0	101.7487270429	0	0	0	0	0	621.9681220464	0	0	0	0	0	0	0	0	0	0	0	0	0	0	0	0	0	0	0	0	0	0
PWY-6527: stachyose degradation|unclassified	0	0	0	0	0	0	0	0	0	0	0	0	0	0	0	17.0310546563	0	0	0	123.9563519125	0	0	126.3376478188	0	0	669.8091483160	0	766.3402708770	0	20.0232433120	36.6618697849	0	0	0	0	0	0	59.8605572185	0	0	0	0	0	242.4548397316	205.1210541064	0	0	440.8895590034	0	0	40.9964677183	326.5163011512	71.0939386401	0	0	0	0	0	1478.3226855873	0	0	0	0	53.6603796401	221.5515546462	0	0	0	0	858.8305657554	5077.3596301578	0	0	173.8149078687	17.4811612383	0	0	0	3153.3381664757	771.8851899832	0	0	0	870.7965767362	0	0	0	0	0	0	0	0	0	0	0	0	499.6709824206	0	0	0	0	0	0	0	18.7335995712	0	0	0	0	6.9584963323	0	0	0	0	0	101.7487270429	0	0	0	0	0	621.9681220464	0	0	0	0	0	0	0	0	0	0	0	0	0	0	0	0	0	0	0	0	0	0
PWY-6531: mannitol cycle	0	0	0	0	0	0	0	0	0	0	0	0	0	0	0	0	0	0	0	0	0	0	0	0	0	0	0	0	0	0	118.0920241535	0	0	0	0	0	0	0	0	0	0	0	0	0	0	0	0	0	0	0	0	0	0	0	0	0	0	0	0	0	0	0	0	0	0	0	0	0	0	0	0	0	0	0	0	0	0	0	0	0	0	0	0	0	0	0	0	0	0	0	0	0	0	0	0	0	1426.4564612260	0	0	0	0	0	0	0	83.8688429686	0	0	0	0	0	0	0	0	0	0	0	0	0	0	0	0	0	0	0	0	0	0	0	0	0	0	0	0	0	0	0	0	0	0	0	0	0	0	0
PWY-6531: mannitol cycle|unclassified	0	0	0	0	0	0	0	0	0	0	0	0	0	0	0	0	0	0	0	0	0	0	0	0	0	0	0	0	0	0	118.0920241535	0	0	0	0	0	0	0	0	0	0	0	0	0	0	0	0	0	0	0	0	0	0	0	0	0	0	0	0	0	0	0	0	0	0	0	0	0	0	0	0	0	0	0	0	0	0	0	0	0	0	0	0	0	0	0	0	0	0	0	0	0	0	0	0	0	1426.4564612260	0	0	0	0	0	0	0	83.8688429686	0	0	0	0	0	0	0	0	0	0	0	0	0	0	0	0	0	0	0	0	0	0	0	0	0	0	0	0	0	0	0	0	0	0	0	0	0	0	0
PWY-6545: pyrimidine deoxyribonucleotides de novo biosynthesis III	0	0	0	0	0	0	0	0	0	0	0	0	0	0	0	0	0	0	0	0	0	0	0	0	0	0	0	0	0	0	0	0	0	0	0	0	0	0	0	0	0	0	0	0	0	0	0	0	0	0	0	0	0	0	0	0	0	0	0	0	0	0	0	0	0	0	0	0	0	0	0	0	0	0	0	0	0	0	0	6.8751460161	0	0	0	0	0	0	0	0	0	0	0	0	0	0	0	0	419.5319625197	0	0	0	0	0	0	0	0	0	0	0	0	0	0	0	0	0	0	0	0	0	0	0	0	0	0	0	0	0	0	0	0	0	0	0	0	0	0	0	0	0	0	0	0	0	0	0
PWY-6545: pyrimidine deoxyribonucleotides de novo biosynthesis III|unclassified	0	0	0	0	0	0	0	0	0	0	0	0	0	0	0	0	0	0	0	0	0	0	0	0	0	0	0	0	0	0	0	0	0	0	0	0	0	0	0	0	0	0	0	0	0	0	0	0	0	0	0	0	0	0	0	0	0	0	0	0	0	0	0	0	0	0	0	0	0	0	0	0	0	0	0	0	0	0	0	6.8751460161	0	0	0	0	0	0	0	0	0	0	0	0	0	0	0	0	419.5319625197	0	0	0	0	0	0	0	0	0	0	0	0	0	0	0	0	0	0	0	0	0	0	0	0	0	0	0	0	0	0	0	0	0	0	0	0	0	0	0	0	0	0	0	0	0	0	0
PWY-6549: L-glutamine biosynthesis III	0	0	0	0	174.5822525757	0	0	0	0	0	0	0	0	0	0	0	0	0	0	0	0	0	0	0	0	0	0	0	0	0	0	0	0	0	0	0	0	0	0	0	0	0	0	0	0	0	0	0	0	0	0	0	0	0	0	0	0	0	0	0	0	0	0	0	0	0	0	0	0	0	0	0	0	0	0	0	0	0	0	0	0	0	0	0	0	0	0	0	0	0	0	0	0	0	0	0	0	0	0	0	0	0	0	0	0	0	0	0	0	0	0	0	0	0	0	0	0	0	0	0	0	0	0	0	0	0	0	0	0	0	0	0	0	0	0	0	0	0	0	0	0	0	0	0
PWY-6549: L-glutamine biosynthesis III|unclassified	0	0	0	0	174.5822525757	0	0	0	0	0	0	0	0	0	0	0	0	0	0	0	0	0	0	0	0	0	0	0	0	0	0	0	0	0	0	0	0	0	0	0	0	0	0	0	0	0	0	0	0	0	0	0	0	0	0	0	0	0	0	0	0	0	0	0	0	0	0	0	0	0	0	0	0	0	0	0	0	0	0	0	0	0	0	0	0	0	0	0	0	0	0	0	0	0	0	0	0	0	0	0	0	0	0	0	0	0	0	0	0	0	0	0	0	0	0	0	0	0	0	0	0	0	0	0	0	0	0	0	0	0	0	0	0	0	0	0	0	0	0	0	0	0	0	0
PWY-6588: pyruvate fermentation to acetone	0	0	0	0	0	0	0	0	0	0	0	0	0	0	0	0	0	0	0	0	0	0	0	0	0	0	0	0	0	0	49.1926494520	0	0	0	0	0	0	0	0	0	0	0	0	0	0	0	0	0	0	0	213.6256964715	0	0	0	0	0	0	0	0	0	0	0	0	0	0	0	0	0	0	52.1800367409	0	0	0	0	0	0	0	0	0	0	0	0	0	76.3533326946	0	0	0	0	0	0	0	0	0	0	0	0	534.0715748537	0	0	0	0	0	0	0	55.4947934503	0	0	0	0	0	0	0	0	0	0	0	0	0	0	0	0	0	0	0	0	0	0	0	0	0	0	0	0	0	0	0	0	0	0	0	0	0	0	0
PWY-6588: pyruvate fermentation to acetone|unclassified	0	0	0	0	0	0	0	0	0	0	0	0	0	0	0	0	0	0	0	0	0	0	0	0	0	0	0	0	0	0	49.1926494520	0	0	0	0	0	0	0	0	0	0	0	0	0	0	0	0	0	0	0	213.6256964715	0	0	0	0	0	0	0	0	0	0	0	0	0	0	0	0	0	0	52.1800367409	0	0	0	0	0	0	0	0	0	0	0	0	0	76.3533326946	0	0	0	0	0	0	0	0	0	0	0	0	534.0715748537	0	0	0	0	0	0	0	55.4947934503	0	0	0	0	0	0	0	0	0	0	0	0	0	0	0	0	0	0	0	0	0	0	0	0	0	0	0	0	0	0	0	0	0	0	0	0	0	0	0
PWY-6606: guanosine nucleotides degradation II	0	0	0	0	0	0	0	0	0	0	0	0	0	0	0	0	0	0	0	0	0	0	0	0	0	10.4663571676	0	0	0	0	160.5859105988	0	0	0	0	0	0	0	0	0	0	0	0	0	0	0	0	214.8521904287	0	0	0	454.4461588209	0	0	0	0	0	0	0	0	0	0	0	0	0	0	0	0	0	0	175.1541190655	0	0	0	0	0	0	0	0	0	0	0	0	0	0	0	0	0	0	0	0	0	0	0	0	0	1349.8745183093	0	0	0	0	0	0	0	40.5655256055	0	0	0	0	0	0	0	0	0	0	0	0	0	0	0	0	0	0	0	0	0	0	0	0	0	0	0	0	0	0	0	0	0	0	0	0	0	0	0
PWY-6606: guanosine nucleotides degradation II|unclassified	0	0	0	0	0	0	0	0	0	0	0	0	0	0	0	0	0	0	0	0	0	0	0	0	0	10.4663571676	0	0	0	0	160.5859105988	0	0	0	0	0	0	0	0	0	0	0	0	0	0	0	0	214.8521904287	0	0	0	454.4461588209	0	0	0	0	0	0	0	0	0	0	0	0	0	0	0	0	0	0	175.1541190655	0	0	0	0	0	0	0	0	0	0	0	0	0	0	0	0	0	0	0	0	0	0	0	0	0	1349.8745183093	0	0	0	0	0	0	0	40.5655256055	0	0	0	0	0	0	0	0	0	0	0	0	0	0	0	0	0	0	0	0	0	0	0	0	0	0	0	0	0	0	0	0	0	0	0	0	0	0	0
PWY-6607: guanosine nucleotides degradation I	0	0	0	0	0	0	0	0	0	0	0	0	0	0	0	0	0	0	0	0	0	0	0	0	0	10.4663571676	0	0	0	0	0	0	0	0	0	0	0	0	0	0	0	0	0	0	0	0	0	0	0	0	0	0	0	0	0	0	0	0	0	0	0	0	0	0	0	0	0	0	0	0	0	0	0	0	0	0	0	0	0	0	0	0	0	0	0	0	0	0	0	0	0	0	0	0	0	0	0	0	0	0	0	0	0	0	0	0	0	0	0	0	0	0	0	0	0	0	0	0	0	0	0	0	0	0	0	0	0	0	0	0	0	0	0	0	0	0	0	0	0	0	0	0	0	0
PWY-6607: guanosine nucleotides degradation I|unclassified	0	0	0	0	0	0	0	0	0	0	0	0	0	0	0	0	0	0	0	0	0	0	0	0	0	10.4663571676	0	0	0	0	0	0	0	0	0	0	0	0	0	0	0	0	0	0	0	0	0	0	0	0	0	0	0	0	0	0	0	0	0	0	0	0	0	0	0	0	0	0	0	0	0	0	0	0	0	0	0	0	0	0	0	0	0	0	0	0	0	0	0	0	0	0	0	0	0	0	0	0	0	0	0	0	0	0	0	0	0	0	0	0	0	0	0	0	0	0	0	0	0	0	0	0	0	0	0	0	0	0	0	0	0	0	0	0	0	0	0	0	0	0	0	0	0	0
PWY-6608: guanosine nucleotides degradation III	0	0	0	0	0	0	0	0	0	0	0	0	0	0	0	0	0	0	0	0	0	0	0	0	0	76.6112658331	0	666.9249435265	0	0	160.5859105988	0	0	0	0	0	0	102.4639253797	0	0	0	0	0	0	155.6237262423	0	0	255.0115958478	0	0	316.2764204067	563.1847075048	0	0	0	0	180.2215156677	0	0	0	0	0	0	0	0	71.3822295060	0	0	0	249.3551070748	192.4208078504	0	0	0	0	0	51.3842608117	0	808.7793006335	88.6778071749	0	0	0	0	0	0	0	0	0	0	0	0	0	0	0	0	1868.7059259725	0	0	0	0	0	0	0	262.2725708638	0	0	0	0	0	0	0	0	0	0	44.4458775235	0	0	0	0	0	899.0610154913	0	0	0	0	0	0	0	0	0	0	0	0	0	0	0	0	0	0	0	0	0	0
PWY-6608: guanosine nucleotides degradation III|unclassified	0	0	0	0	0	0	0	0	0	0	0	0	0	0	0	0	0	0	0	0	0	0	0	0	0	76.6112658331	0	666.9249435265	0	0	160.5859105988	0	0	0	0	0	0	102.4639253797	0	0	0	0	0	0	155.6237262423	0	0	255.0115958478	0	0	316.2764204067	563.1847075048	0	0	0	0	180.2215156677	0	0	0	0	0	0	0	0	71.3822295060	0	0	0	245.2666552160	192.4208078504	0	0	0	0	0	51.3842608117	0	808.7793006335	88.6778071749	0	0	0	0	0	0	0	0	0	0	0	0	0	0	0	0	1868.7059259725	0	0	0	0	0	0	0	262.2725708638	0	0	0	0	0	0	0	0	0	0	44.4458775235	0	0	0	0	0	811.1092333615	0	0	0	0	0	0	0	0	0	0	0	0	0	0	0	0	0	0	0	0	0	0
PWY-6609: adenine and adenosine salvage III	0	0	0	0	2194.5364234552	0	256.5177778044	2084.3164910487	0	0	0	0	0	0	0	426.6237403297	0	0	0	0	0	0	0	0	0	3921.4046525313	0	839.2392390385	0	155.0194580139	115.6522426786	0	0	0	0	0	0	608.8853863992	0	344.3193039657	0	0	358.7609549611	306.8159814511	253.1616836576	0	0	1806.3660787066	0	0	2845.6765952013	2811.6683906030	2962.8162287189	0	5076.8466969063	124.2290906178	120.3942470796	0	353.5931693651	0	13.2387091923	0	673.3233415143	493.1488653029	717.9929098278	636.8523144994	0	0	0	2124.8906325774	3242.9144868835	0	0	1481.4282968074	236.4295071111	0	879.9309555445	0	5151.3632538056	1586.4470655878	0	0	0	3053.1229857718	0	0	2841.1876657232	0	1171.0717275128	0	0	0	265.1850778176	0	0	0	1278.7332319439	0	0	0	0	0	0	0	367.4058582835	0	0	8.3333333333	0	12.7446115323	0	0	568.7248420648	0	0	65.6564424663	0	0	0	0	0	2117.2374081336	0	0	0	0	0	0	0	0	0	0	0	0	0	0	0	0	0	0	0	0	0	0
PWY-6609: adenine and adenosine salvage III|g__Porphyromonas.s__Porphyromonas_endodontalis	0	0	0	0	0	0	0	0	0	0	0	0	0	0	0	0	0	0	0	0	0	0	0	0	0	0	0	0	0	0	0	0	0	0	0	0	0	0	0	0	0	0	0	0	0	0	0	0	0	0	0	0	0	0	0	0	0	0	0	0	0	0	0	0	0	0	0	0	0	675.5328199914	0	0	0	0	0	0	0	0	0	0	0	0	0	0	0	0	0	0	0	0	0	0	0	0	0	0	0	0	0	0	0	0	0	0	0	0	0	0	0	0	0	0	0	0	0	0	0	0	0	0	0	0	0	0	0	0	0	0	0	0	0	0	0	0	0	0	0	0	0	0	0	0	0	0
PWY-6609: adenine and adenosine salvage III|unclassified	0	0	0	0	2194.5364234552	0	256.5177778044	2084.3164910487	0	0	0	0	0	0	0	426.6237403297	0	0	0	0	0	0	0	0	0	3921.4046525313	0	473.7615329814	0	155.0194580139	115.6522426786	0	0	0	0	0	0	608.8853863992	0	344.3193039657	0	0	358.7609549611	306.8159814511	253.1616836576	0	0	1806.3660787066	0	0	2845.6765952013	2811.6683906030	2962.8162287189	0	5076.8466969063	124.2290906178	120.3942470796	0	353.5931693651	0	13.2387091923	0	673.3233415143	493.1488653029	717.9929098278	636.8523144994	0	0	0	1443.1707471340	3242.9144868835	0	0	1481.4282968074	236.4295071111	0	879.9309555445	0	5151.3632538056	1554.8911847000	0	0	0	3053.1229857718	0	0	2841.1876657232	0	1171.0717275128	0	0	0	265.1850778176	0	0	0	1278.7332319439	0	0	0	0	0	0	0	367.4058582835	0	0	8.3333333333	0	12.7446115323	0	0	568.7248420648	0	0	64.7479160226	0	0	0	0	0	1968.6656000821	0	0	0	0	0	0	0	0	0	0	0	0	0	0	0	0	0	0	0	0	0	0
PWY-6612: superpathway of tetrahydrofolate biosynthesis	0	0	0	0	287.7278173667	0	0	0	0	0	0	0	0	0	0	0	0	0	0	0	0	0	0	0	0	533.1791451806	0	0	0	0	0	0	0	0	0	0	0	0	0	0	0	0	0	0	0	0	0	0	0	0	814.3695762871	0	0	0	0	0	0	0	999.9508284140	0	0	0	0	0	0	0	0	0	0	0	2138.6872016517	0	0	0	0	0	0	0	0	0	0	0	0	971.3127455465	0	0	0	0	0	0	0	0	0	0	0	0	239.9797303470	0	0	0	0	0	0	0	0	0	0	0	0	0	0	0	0	0	0	0	0	0	0	0	0	0	0	0	0	0	0	0	0	0	0	0	0	0	0	0	0	0	0	0	0	0	0	0
PWY-6612: superpathway of tetrahydrofolate biosynthesis|unclassified	0	0	0	0	287.7278173667	0	0	0	0	0	0	0	0	0	0	0	0	0	0	0	0	0	0	0	0	533.1791451806	0	0	0	0	0	0	0	0	0	0	0	0	0	0	0	0	0	0	0	0	0	0	0	0	814.3695762871	0	0	0	0	0	0	0	999.9508284140	0	0	0	0	0	0	0	0	0	0	0	2138.6872016517	0	0	0	0	0	0	0	0	0	0	0	0	971.3127455465	0	0	0	0	0	0	0	0	0	0	0	0	239.9797303470	0	0	0	0	0	0	0	0	0	0	0	0	0	0	0	0	0	0	0	0	0	0	0	0	0	0	0	0	0	0	0	0	0	0	0	0	0	0	0	0	0	0	0	0	0	0	0
PWY-6628: superpathway of L-phenylalanine biosynthesis	0	0	0	0	584.0933418185	0	0	0	0	0	0	0	0	0	0	503.6590238361	0	0	0	0	0	0	0	0	0	737.5029334875	0	0	0	32.1556978565	41.0526154699	0	0	0	0	0	0	135.1312168664	0	0	0	0	0	0	0	0	0	397.5646511641	0	0	539.9984835589	336.7018897704	0	0	0	0	0	0	611.7133491839	0	0	0	86.5680113711	29.8936062631	130.9034617590	0	0	0	0	900.9128530546	459.0303660520	0	0	53.8251686540	425.7718848808	0	37.3879636976	0	854.9393359170	0	0	0	0	863.9824392298	0	0	0	0	0	0	0	0	0	0	0	0	652.2312166691	0	0	0	0	0	0	0	0	0	0	0	0	0	0	0	0	0	0	0	0	0	0	0	0	1069.2807664931	0	0	0	0	0	0	0	0	0	0	0	0	0	0	0	0	0	0	0	0	0	0
PWY-6628: superpathway of L-phenylalanine biosynthesis|unclassified	0	0	0	0	584.0933418185	0	0	0	0	0	0	0	0	0	0	503.6590238361	0	0	0	0	0	0	0	0	0	737.5029334875	0	0	0	32.1556978565	41.0526154699	0	0	0	0	0	0	135.1312168664	0	0	0	0	0	0	0	0	0	397.5646511641	0	0	539.9984835589	335.0294378084	0	0	0	0	0	0	611.7133491839	0	0	0	86.5680113711	29.8936062631	130.9034617590	0	0	0	0	900.9128530546	459.0303660520	0	0	53.8251686540	425.7718848808	0	37.1685234587	0	854.9393359170	0	0	0	0	863.9824392298	0	0	0	0	0	0	0	0	0	0	0	0	652.2312166691	0	0	0	0	0	0	0	0	0	0	0	0	0	0	0	0	0	0	0	0	0	0	0	0	1028.2730427660	0	0	0	0	0	0	0	0	0	0	0	0	0	0	0	0	0	0	0	0	0	0
PWY-6629: superpathway of L-tryptophan biosynthesis	0	0	0	0	0	0	0	0	0	0	0	0	0	0	0	0	0	0	0	0	0	0	0	0	0	690.5214704969	0	0	0	0	0	0	0	0	0	0	0	248.4989760850	0	0	0	0	0	0	0	0	0	0	0	0	0	322.7170499056	0	0	0	0	0	0	881.6020649411	0	0	0	0	0	182.8770939099	0	0	0	0	134.0247522227	1413.0853361621	0	0	0	346.9039767642	0	0	0	0	0	0	0	0	503.1960791941	0	0	0	0	0	0	0	0	0	0	0	0	825.5601854349	0	0	0	0	0	0	0	0	0	0	0	0	0	0	0	0	0	0	0	0	0	0	0	0	309.2137314182	0	0	0	0	0	0	0	0	0	0	0	0	0	0	0	0	0	0	0	0	0	0
PWY-6629: superpathway of L-tryptophan biosynthesis|unclassified	0	0	0	0	0	0	0	0	0	0	0	0	0	0	0	0	0	0	0	0	0	0	0	0	0	690.5214704969	0	0	0	0	0	0	0	0	0	0	0	248.4989760850	0	0	0	0	0	0	0	0	0	0	0	0	0	321.4354291318	0	0	0	0	0	0	881.6020649411	0	0	0	0	0	182.8770939099	0	0	0	0	134.0247522227	1413.0853361621	0	0	0	346.9039767642	0	0	0	0	0	0	0	0	503.1960791941	0	0	0	0	0	0	0	0	0	0	0	0	825.5601854349	0	0	0	0	0	0	0	0	0	0	0	0	0	0	0	0	0	0	0	0	0	0	0	0	225.7114463474	0	0	0	0	0	0	0	0	0	0	0	0	0	0	0	0	0	0	0	0	0	0
PWY-6630: superpathway of L-tyrosine biosynthesis	0	0	0	0	568.2929259452	0	0	0	0	0	0	0	0	0	0	301.0559444408	0	0	0	0	0	0	0	0	0	719.5102793534	0	0	0	30.2082932199	21.0968551642	0	0	0	0	0	0	0	0	0	0	0	0	0	0	0	0	446.9249320028	0	0	514.1721027121	41.3370643125	0	0	0	0	0	0	589.9283743351	0	0	0	0	30.2257491800	130.4456380734	0	0	0	0	42.9410177843	455.4895060889	0	0	48.4461345839	0	0	0	0	729.0006361855	0	0	0	0	853.9559207391	0	0	0	0	0	0	0	0	0	0	0	0	429.5599499737	0	0	0	0	0	0	0	0	0	0	0	0	0	0	0	0	0	0	0	0	0	0	0	0	1015.2039335698	0	0	0	0	0	0	0	0	0	0	0	0	0	0	0	0	0	0	0	0	0	0
PWY-6630: superpathway of L-tyrosine biosynthesis|unclassified	0	0	0	0	568.2929259452	0	0	0	0	0	0	0	0	0	0	301.0559444408	0	0	0	0	0	0	0	0	0	719.5102793534	0	0	0	30.2082932199	21.0968551642	0	0	0	0	0	0	0	0	0	0	0	0	0	0	0	0	446.9249320028	0	0	514.1721027121	41.3117457929	0	0	0	0	0	0	589.9283743351	0	0	0	0	30.2257491800	130.4456380734	0	0	0	0	42.9410177843	455.4895060889	0	0	48.4461345839	0	0	0	0	729.0006361855	0	0	0	0	853.9559207391	0	0	0	0	0	0	0	0	0	0	0	0	429.5599499737	0	0	0	0	0	0	0	0	0	0	0	0	0	0	0	0	0	0	0	0	0	0	0	0	978.1672683837	0	0	0	0	0	0	0	0	0	0	0	0	0	0	0	0	0	0	0	0	0	0
PWY-6700: queuosine biosynthesis I (de novo)	0	0	0	0	970.9491482294	0	0	132.2216569806	0	0	0	0	0	0	0	236.5714604092	0	0	0	318.8082876718	0	0	0	0	0	1746.1222054500	0	607.9290575198	0	662.0467232330	63.1227254870	53.7332893487	0	0	0	0	0	349.7403036138	0	102.6247417372	0	0	180.7012845259	575.0768098694	171.9357720469	26.8354389014	0	472.1573964401	0	0	1473.0294673250	1027.7202111498	361.2443307444	0	0	199.0872019976	0	0	949.5211445801	27.9274664714	0	0	493.2991764692	241.8722531392	327.1869721754	332.7624954529	0	0	0	1505.0968722037	1529.2914508257	0	0	975.1301363922	922.8177176969	0	242.5420543041	0	1950.0536924231	807.2328548464	0	0	0	1139.0885624796	0	0	2050.9928242160	0	118.8672075162	0	0	0	564.0019219993	0	0	0	819.4333337865	0	0	0	0	0	0	0	52.5249067948	0	0	0	0	0	0	0	90.5720828024	0	0	647.5867791221	0	0	0	0	0	1644.6409142628	0	0	0	0	0	0	0	0	0	0	0	0	0	0	0	0	0	0	0	0	0	0
PWY-6700: queuosine biosynthesis I (de novo)|unclassified	0	0	0	0	970.9491482294	0	0	132.2216569806	0	0	0	0	0	0	0	236.5714604092	0	0	0	318.8082876718	0	0	0	0	0	1746.1222054500	0	607.9290575198	0	662.0467232330	63.1227254870	53.7332893487	0	0	0	0	0	349.7403036138	0	102.6247417372	0	0	180.7012845259	575.0768098694	171.9357720469	26.8354389014	0	472.1573964401	0	0	1473.0294673250	1027.7202111498	361.2443307444	0	0	199.0872019976	0	0	949.5211445801	27.9274664714	0	0	493.2991764692	241.8722531392	327.1869721754	332.7624954529	0	0	0	1480.3917556979	1529.2914508257	0	0	975.1301363922	922.8177176969	0	242.5420543041	0	1950.0536924231	807.2328548464	0	0	0	1139.0885624796	0	0	2050.9928242160	0	118.8672075162	0	0	0	564.0019219993	0	0	0	819.4333337865	0	0	0	0	0	0	0	52.5249067948	0	0	0	0	0	0	0	90.5720828024	0	0	356.7180726346	0	0	0	0	0	1394.8454467261	0	0	0	0	0	0	0	0	0	0	0	0	0	0	0	0	0	0	0	0	0	0
PWY-6703: preQ0 biosynthesis	0	0	0	0	270.6200904372	0	0	0	0	0	0	0	0	0	0	34.3282072634	0	0	0	0	0	0	0	0	0	1026.5168859380	0	362.3917678485	0	332.9524140339	0	0	0	0	0	0	0	345.6736081215	0	0	0	0	376.1345100934	61.5658896113	0	0	0	43.8128075084	0	0	107.7719452201	48.2345857847	29.3294744485	0	0	0	0	0	138.6282290723	20.2977285423	0	0	0	133.0635458705	0	0	0	0	0	496.2480028305	158.1305298917	0	0	90.7022071668	371.2846767779	0	0	0	139.6943961386	362.4057380534	0	0	0	1227.1635802144	0	0	2289.3424440943	0	0	0	0	0	0	0	0	0	494.8042122641	0	0	0	0	0	0	0	0	0	0	0	0	0	0	0	0	0	0	0	0	0	0	0	49.3673307312	2179.3950867942	0	0	0	0	0	0	0	0	0	0	0	0	0	0	0	0	0	0	0	0	0	0
PWY-6703: preQ0 biosynthesis|g__Prevotella.s__Prevotella_salivae	0	0	0	0	0	0	0	0	0	0	0	0	0	0	0	0	0	0	0	0	0	0	0	0	0	0	0	0	0	0	0	0	0	0	0	0	0	0	0	0	0	0	0	0	0	0	0	0	0	0	0	0	0	0	0	0	0	0	0	0	0	0	0	0	0	0	0	0	0	0	0	0	0	0	0	0	0	0	0	0	0	0	0	0	0	0	0	0	0	0	0	0	0	0	0	0	0	0	0	0	0	0	0	0	0	0	0	0	0	0	0	0	0	0	0	0	0	0	0	0	0	980.2926713356	0	0	0	0	0	0	0	0	0	0	0	0	0	0	0	0	0	0	0	0	0	0
PWY-6703: preQ0 biosynthesis|unclassified	0	0	0	0	270.6200904372	0	0	0	0	0	0	0	0	0	0	34.3282072634	0	0	0	0	0	0	0	0	0	1026.5168859380	0	362.3917678485	0	332.9524140339	0	0	0	0	0	0	0	345.6736081215	0	0	0	0	376.1345100934	61.5658896113	0	0	0	43.8128075084	0	0	107.7719452201	48.2345857847	29.3294744485	0	0	0	0	0	138.6282290723	20.2977285423	0	0	0	133.0635458705	0	0	0	0	0	496.2480028305	158.1305298917	0	0	90.7022071668	371.2846767779	0	0	0	139.6943961386	362.4057380534	0	0	0	873.0585103940	0	0	2289.3424440943	0	0	0	0	0	0	0	0	0	494.8042122641	0	0	0	0	0	0	0	0	0	0	0	0	0	0	0	0	0	0	0	0	0	0	0	49.3673307312	1135.5912246708	0	0	0	0	0	0	0	0	0	0	0	0	0	0	0	0	0	0	0	0	0	0
PWY-6708: ubiquinol-8 biosynthesis (early decarboxylation)	0	0	0	0	0	0	0	0	0	0	0	0	0	0	0	0	0	0	0	0	0	0	0	0	0	0	0	0	0	0	0	0	0	0	0	0	0	0	0	0	0	0	0	0	0	0	0	0	0	0	0	0	0	0	0	0	0	0	0	0	0	0	0	0	0	0	0	0	0	0	0	0	0	0	0	0	0	0	0	0	0	0	0	0	0	0	0	0	0	0	0	0	0	0	0	0	62.8775541340	0	0	0	0	0	0	0	0	0	0	0	0	0	0	0	0	0	0	0	0	0	0	0	0	0	0	0	0	0	0	0	0	0	0	0	0	0	0	0	0	0	0	0	0	0	0	0
PWY-6708: ubiquinol-8 biosynthesis (early decarboxylation)|unclassified	0	0	0	0	0	0	0	0	0	0	0	0	0	0	0	0	0	0	0	0	0	0	0	0	0	0	0	0	0	0	0	0	0	0	0	0	0	0	0	0	0	0	0	0	0	0	0	0	0	0	0	0	0	0	0	0	0	0	0	0	0	0	0	0	0	0	0	0	0	0	0	0	0	0	0	0	0	0	0	0	0	0	0	0	0	0	0	0	0	0	0	0	0	0	0	0	62.8775541340	0	0	0	0	0	0	0	0	0	0	0	0	0	0	0	0	0	0	0	0	0	0	0	0	0	0	0	0	0	0	0	0	0	0	0	0	0	0	0	0	0	0	0	0	0	0	0
PWY-6731: starch degradation III	0	0	0	0	0	0	0	0	0	0	0	0	0	0	0	0	0	0	0	0	0	0	0	0	0	0	0	0	0	0	16.4635645397	0	0	0	0	0	0	292.2665004380	0	0	0	0	0	0	0	0	0	0	0	0	0	0	219.3823385304	0	0	0	0	0	0	0	0	0	0	0	0	0	0	0	0	0	0	0	0	0	0	0	0	0	0	0	0	0	0	0	0	0	0	0	0	0	0	0	0	0	0	0	521.0710493707	0	0	0	0	0	0	0	76.1675356223	0	0	0	0	0	0	0	0	0	0	0	0	0	0	0	0	0	0	0	0	0	0	0	0	0	0	0	0	0	0	0	0	0	0	0	0	0	0	0
PWY-6731: starch degradation III|unclassified	0	0	0	0	0	0	0	0	0	0	0	0	0	0	0	0	0	0	0	0	0	0	0	0	0	0	0	0	0	0	16.4635645397	0	0	0	0	0	0	292.2665004380	0	0	0	0	0	0	0	0	0	0	0	0	0	0	219.3823385304	0	0	0	0	0	0	0	0	0	0	0	0	0	0	0	0	0	0	0	0	0	0	0	0	0	0	0	0	0	0	0	0	0	0	0	0	0	0	0	0	0	0	0	521.0710493707	0	0	0	0	0	0	0	76.1675356223	0	0	0	0	0	0	0	0	0	0	0	0	0	0	0	0	0	0	0	0	0	0	0	0	0	0	0	0	0	0	0	0	0	0	0	0	0	0	0
PWY-6803: phosphatidylcholine acyl editing	0	0	53.2239172385	0	0	0	0	0	0	0	0	0	0	0	0	47.6403489919	0	0	0	0	0	0	0	0	0	0	0	0	0	0	38.7921252908	0	0	0	0	0	0	0	0	0	0	0	0	0	0	0	0	0	0	0	0	48.6079426819	61.3127821562	0	0	0	0	0	16.8128849840	0	0	0	0	0	0	0	0	0	0	0	36.1561346221	0	0	0	0	0	0	18.2309401128	0	0	0	0	0	0	0	0	0	0	0	0	0	0	0	0	0	0	1116.9248733372	0	0	0	73.9766456083	0	0	0	174.1436448025	0	0	0	0	0	0	0	0	0	0	0	0	0	0	0	0	0	0	0	0	0	0	0	0	0	0	0	0	0	0	0	0	0	0	0	0	0	0	0
PWY-6803: phosphatidylcholine acyl editing|unclassified	0	0	53.2239172385	0	0	0	0	0	0	0	0	0	0	0	0	47.6403489919	0	0	0	0	0	0	0	0	0	0	0	0	0	0	38.7921252908	0	0	0	0	0	0	0	0	0	0	0	0	0	0	0	0	0	0	0	0	48.6079426819	61.3127821562	0	0	0	0	0	16.8128849840	0	0	0	0	0	0	0	0	0	0	0	36.1561346221	0	0	0	0	0	0	18.2309401128	0	0	0	0	0	0	0	0	0	0	0	0	0	0	0	0	0	0	1116.9248733372	0	0	0	73.9766456083	0	0	0	174.1436448025	0	0	0	0	0	0	0	0	0	0	0	0	0	0	0	0	0	0	0	0	0	0	0	0	0	0	0	0	0	0	0	0	0	0	0	0	0	0	0
PWY-6823: molybdopterin biosynthesis	0	0	0	0	0	0	0	0	0	0	0	0	0	0	0	120.8070842453	0	0	0	0	0	0	0	0	0	0	0	0	0	0	0	0	0	0	0	0	0	204.3474009202	0	0	0	0	0	0	147.0611015709	0	0	0	0	0	0	53.5474553027	162.5309915102	0	0	0	0	0	0	0	0	0	0	0	45.8186421903	0	0	0	0	92.1883331971	0	0	0	0	343.1500802509	0	0	0	322.2473107370	0	0	0	0	0	0	0	0	0	0	0	0	0	0	0	0	0	421.8498806807	0	0	0	0	0	0	0	28.6022811750	0	0	0	0	0	0	0	0	0	0	0	0	0	0	0	0	0	0	0	0	0	0	0	0	0	0	0	0	0	0	0	0	0	0	0	0	0	0	0
PWY-6823: molybdopterin biosynthesis|unclassified	0	0	0	0	0	0	0	0	0	0	0	0	0	0	0	120.8070842453	0	0	0	0	0	0	0	0	0	0	0	0	0	0	0	0	0	0	0	0	0	204.3474009202	0	0	0	0	0	0	147.0611015709	0	0	0	0	0	0	53.5474553027	162.5309915102	0	0	0	0	0	0	0	0	0	0	0	45.8186421903	0	0	0	0	92.1883331971	0	0	0	0	343.1500802509	0	0	0	322.2473107370	0	0	0	0	0	0	0	0	0	0	0	0	0	0	0	0	0	421.8498806807	0	0	0	0	0	0	0	28.6022811750	0	0	0	0	0	0	0	0	0	0	0	0	0	0	0	0	0	0	0	0	0	0	0	0	0	0	0	0	0	0	0	0	0	0	0	0	0	0	0
PWY-6859: all-trans-farnesol biosynthesis	0	0	0	0	0	0	0	62.4902751772	0	0	0	0	0	0	0	0	0	0	0	0	0	0	0	0	0	137.8433167025	0	0	0	0	0	0	0	0	0	0	0	0	0	0	0	0	0	0	0	0	0	470.8405525305	0	0	195.6251981531	133.9206664676	0	0	0	0	0	0	0	0	0	0	0	0	0	0	0	0	0	302.0031001281	531.5963565017	0	0	0	0	0	0	0	629.1186928793	0	0	0	0	0	0	0	480.2801031604	0	642.2737015910	0	0	0	0	0	0	0	168.5776562460	0	0	0	0	0	0	0	31.3660999881	0	0	0	0	0	0	0	162.2648735067	0	0	0	0	0	0	0	0	91.2987131379	0	0	0	0	0	0	0	0	0	0	0	0	0	0	0	0	0	0	0	0	0	0
PWY-6859: all-trans-farnesol biosynthesis|unclassified	0	0	0	0	0	0	0	62.4902751772	0	0	0	0	0	0	0	0	0	0	0	0	0	0	0	0	0	137.8433167025	0	0	0	0	0	0	0	0	0	0	0	0	0	0	0	0	0	0	0	0	0	470.8405525305	0	0	195.6251981531	133.9206664676	0	0	0	0	0	0	0	0	0	0	0	0	0	0	0	0	0	302.0031001281	531.5963565017	0	0	0	0	0	0	0	629.1186928793	0	0	0	0	0	0	0	480.2801031604	0	642.2737015910	0	0	0	0	0	0	0	168.5776562460	0	0	0	0	0	0	0	31.3660999881	0	0	0	0	0	0	0	162.2648735067	0	0	0	0	0	0	0	0	91.2987131379	0	0	0	0	0	0	0	0	0	0	0	0	0	0	0	0	0	0	0	0	0	0
PWY-6892: thiazole component of thiamine diphosphate biosynthesis I	0	0	0	0	0	0	0	0	0	0	0	0	0	0	0	0	0	0	0	0	0	0	0	0	0	0	0	0	0	0	0	0	0	0	0	0	0	0	0	0	0	0	0	0	0	0	0	0	0	0	12.7972434894	0	0	0	0	0	0	0	0	0	0	0	0	0	0	0	0	0	0	0	0	0	0	0	0	0	0	0	0	0	0	0	0	0	0	0	0	0	0	0	0	0	0	0	0	0	664.4383429238	0	0	0	0	0	0	0	0	0	0	0	0	0	0	0	0	0	0	0	0	0	0	0	0	0	0	0	0	0	0	0	0	0	0	0	0	0	0	0	0	0	0	0	0	0	0	0
PWY-6892: thiazole component of thiamine diphosphate biosynthesis I|unclassified	0	0	0	0	0	0	0	0	0	0	0	0	0	0	0	0	0	0	0	0	0	0	0	0	0	0	0	0	0	0	0	0	0	0	0	0	0	0	0	0	0	0	0	0	0	0	0	0	0	0	12.7972434894	0	0	0	0	0	0	0	0	0	0	0	0	0	0	0	0	0	0	0	0	0	0	0	0	0	0	0	0	0	0	0	0	0	0	0	0	0	0	0	0	0	0	0	0	0	664.4383429238	0	0	0	0	0	0	0	0	0	0	0	0	0	0	0	0	0	0	0	0	0	0	0	0	0	0	0	0	0	0	0	0	0	0	0	0	0	0	0	0	0	0	0	0	0	0	0
PWY-6895: superpathway of thiamine diphosphate biosynthesis II	0	0	0	0	0	0	0	0	0	0	0	0	0	0	0	0	0	0	0	0	0	0	0	0	0	0	0	0	0	0	0	0	0	0	0	0	0	0	0	0	0	0	0	0	0	0	0	0	0	0	0	0	0	0	0	0	0	0	0	0	0	0	0	0	0	0	0	0	0	0	0	0	0	0	0	0	0	0	0	0	0	0	0	0	0	0	0	0	0	0	0	0	0	0	0	0	596.1355482945	0	0	0	0	0	0	0	0	0	0	0	0	0	0	0	0	0	0	0	0	0	0	0	0	0	0	0	0	0	0	0	0	0	0	0	0	0	0	0	0	0	0	0	0	0	0	0
PWY-6895: superpathway of thiamine diphosphate biosynthesis II|unclassified	0	0	0	0	0	0	0	0	0	0	0	0	0	0	0	0	0	0	0	0	0	0	0	0	0	0	0	0	0	0	0	0	0	0	0	0	0	0	0	0	0	0	0	0	0	0	0	0	0	0	0	0	0	0	0	0	0	0	0	0	0	0	0	0	0	0	0	0	0	0	0	0	0	0	0	0	0	0	0	0	0	0	0	0	0	0	0	0	0	0	0	0	0	0	0	0	596.1355482945	0	0	0	0	0	0	0	0	0	0	0	0	0	0	0	0	0	0	0	0	0	0	0	0	0	0	0	0	0	0	0	0	0	0	0	0	0	0	0	0	0	0	0	0	0	0	0
PWY-6897: thiamine diphosphate salvage II	0	0	0	0	411.7040314686	0	0	0	0	0	0	0	0	0	0	0	0	0	0	0	0	0	0	0	0	335.2572556640	0	0	0	127.6763968743	33.2385649772	0	81.1670990460	0	0	0	0	165.1632375599	0	0	0	0	50.8392774133	15.8775919384	0	0	0	287.6810706538	0	0	96.2400652278	544.2665085175	0	0	0	0	0	0	375.7751891857	27.5496837943	0	0	0	0	464.3046653007	0	0	0	0	319.9448996231	4888.7977149272	0	0	58.6272753504	97.5350283473	0	0	0	465.1391364892	240.5633221780	0	0	0	2262.8496860992	0	0	0	0	0	0	0	0	0	0	0	0	531.8656404249	0	0	0	0	0	0	0	0	0	0	0	0	0	0	0	0	0	0	0	0	0	0	0	0	78.6393602493	0	0	0	0	0	0	0	0	0	0	0	0	0	0	0	0	0	0	0	0	0	0
PWY-6897: thiamine diphosphate salvage II|unclassified	0	0	0	0	411.7040314686	0	0	0	0	0	0	0	0	0	0	0	0	0	0	0	0	0	0	0	0	335.2572556640	0	0	0	127.6763968743	33.2385649772	0	81.1670990460	0	0	0	0	165.1632375599	0	0	0	0	50.8392774133	15.8775919384	0	0	0	287.6810706538	0	0	96.2400652278	544.2665085175	0	0	0	0	0	0	375.7751891857	27.5496837943	0	0	0	0	464.3046653007	0	0	0	0	319.9448996231	4888.7977149272	0	0	58.6272753504	97.5350283473	0	0	0	465.1391364892	240.5633221780	0	0	0	2262.8496860992	0	0	0	0	0	0	0	0	0	0	0	0	531.8656404249	0	0	0	0	0	0	0	0	0	0	0	0	0	0	0	0	0	0	0	0	0	0	0	0	77.6203318412	0	0	0	0	0	0	0	0	0	0	0	0	0	0	0	0	0	0	0	0	0	0
PWY-6901: superpathway of glucose and xylose degradation	0	0	0	0	0	0	0	0	0	0	0	0	0	0	0	0	0	0	0	0	0	0	0	0	0	0	0	0	0	0	137.9943801513	0	0	0	0	0	0	321.2317910158	0	0	0	0	0	0	0	0	0	0	0	0	0	0	356.6890388688	0	0	0	0	0	0	0	0	0	0	0	609.8575507926	0	0	0	0	218.8873342869	0	0	0	0	3109.3318887937	0	0	0	527.5157925968	0	0	0	0	0	0	0	0	0	0	0	0	0	0	0	0	0	1130.3682926034	0	0	0	0	0	0	0	138.3140671741	0	0	0	0	0	0	0	0	0	0	0	0	0	0	0	0	0	0	0	0	0	0	0	0	0	0	0	0	0	0	0	0	0	0	0	0	0	0	0
PWY-6901: superpathway of glucose and xylose degradation|unclassified	0	0	0	0	0	0	0	0	0	0	0	0	0	0	0	0	0	0	0	0	0	0	0	0	0	0	0	0	0	0	137.9943801513	0	0	0	0	0	0	321.2317910158	0	0	0	0	0	0	0	0	0	0	0	0	0	0	356.6890388688	0	0	0	0	0	0	0	0	0	0	0	609.8575507926	0	0	0	0	210.0506388299	0	0	0	0	3109.3318887937	0	0	0	527.5157925968	0	0	0	0	0	0	0	0	0	0	0	0	0	0	0	0	0	1130.3682926034	0	0	0	0	0	0	0	138.3140671741	0	0	0	0	0	0	0	0	0	0	0	0	0	0	0	0	0	0	0	0	0	0	0	0	0	0	0	0	0	0	0	0	0	0	0	0	0	0	0
PWY-6902: chitin degradation II (Vibrio)	0	0	0	0	0	0	0	0	0	0	0	0	0	0	0	0	0	0	0	0	0	0	0	0	0	0	0	0	0	0	19.4190639193	0	0	0	0	0	0	0	0	0	0	0	0	0	0	0	0	0	0	0	0	0	0	0	0	0	0	0	0	0	0	0	0	0	0	0	0	0	0	0	0	0	0	0	0	0	0	0	0	0	0	0	0	0	0	0	0	0	0	0	0	0	0	0	0	0	573.8812600800	0	0	0	0	0	0	0	10.6352887092	0	0	0	0	0	0	0	0	0	0	0	0	0	0	0	0	0	0	0	0	0	0	0	0	0	0	0	0	0	0	0	0	0	0	0	0	0	0	0
PWY-6902: chitin degradation II (Vibrio)|unclassified	0	0	0	0	0	0	0	0	0	0	0	0	0	0	0	0	0	0	0	0	0	0	0	0	0	0	0	0	0	0	19.4190639193	0	0	0	0	0	0	0	0	0	0	0	0	0	0	0	0	0	0	0	0	0	0	0	0	0	0	0	0	0	0	0	0	0	0	0	0	0	0	0	0	0	0	0	0	0	0	0	0	0	0	0	0	0	0	0	0	0	0	0	0	0	0	0	0	0	573.8812600800	0	0	0	0	0	0	0	10.6352887092	0	0	0	0	0	0	0	0	0	0	0	0	0	0	0	0	0	0	0	0	0	0	0	0	0	0	0	0	0	0	0	0	0	0	0	0	0	0	0
PWY-6936: seleno-amino acid biosynthesis (plants)	0	0	0	0	1083.1536630952	0	0	303.1980022352	0	0	0	0	0	0	0	358.4991552233	0	0	0	330.7134571183	0	0	0	0	0	949.6877340603	0	290.8424344135	0	158.2290771904	110.0374059778	0	49.9468744339	0	0	0	0	261.7763263423	0	0	0	0	292.1671111132	60.8868785608	0	0	0	3085.0112244615	0	0	2084.1796138121	3606.8861019049	1358.7110695327	0	0	0	0	0	555.0602060539	0	0	0	0	2021.6736223396	1016.7508333272	304.1595076693	0	17.2041591078	0	97.0388852587	2297.7768446090	0	0	136.0978233989	817.5118570414	0	0	0	1921.1460246730	2045.5554745146	0	0	0	4013.8619928256	0	0	1395.9765051435	0	75.1029689594	0	0	0	738.4448061040	0	0	0	1272.1729846302	0	0	0	0	0	0	0	0	0	0	0	0	130.3467957303	108.5075523725	0	259.8601374663	0	0	0	0	0	0	0	0	835.5903292388	0	0	0	0	0	0	0	0	0	0	0	0	0	0	0	0	0	0	0	0	0	0
PWY-6936: seleno-amino acid biosynthesis (plants)|unclassified	0	0	0	0	1083.1536630952	0	0	303.1980022352	0	0	0	0	0	0	0	358.4991552233	0	0	0	330.7134571183	0	0	0	0	0	949.6877340603	0	290.8424344135	0	158.2290771904	110.0374059778	0	49.9468744339	0	0	0	0	258.6750425570	0	0	0	0	292.1671111132	60.8868785608	0	0	0	3085.0112244615	0	0	2084.1796138121	2868.7075681415	1331.4295249288	0	0	0	0	0	555.0602060539	0	0	0	0	1994.9735365631	1016.7508333272	304.1595076693	0	17.2041591078	0	97.0388852587	2297.7768446090	0	0	136.0978233989	817.5118570414	0	0	0	1921.1460246730	1906.5313067787	0	0	0	4013.8619928256	0	0	1395.9765051435	0	75.1029689594	0	0	0	738.4448061040	0	0	0	1272.1729846302	0	0	0	0	0	0	0	0	0	0	0	0	130.3467957303	108.5075523725	0	259.8601374663	0	0	0	0	0	0	0	0	680.1126090269	0	0	0	0	0	0	0	0	0	0	0	0	0	0	0	0	0	0	0	0	0	0
PWY-6961: L-ascorbate degradation II (bacterial, aerobic)	0	0	0	0	0	0	0	0	0	0	0	0	0	0	0	0	0	0	0	0	0	0	0	0	0	0	0	0	0	0	72.5118525054	0	0	0	0	0	0	0	0	0	0	0	0	0	0	0	0	0	0	0	0	0	0	0	0	0	0	0	0	0	0	0	0	0	0	0	0	0	0	0	0	0	0	0	0	0	0	0	0	0	0	0	0	0	0	0	0	0	0	0	0	0	0	0	0	0	1091.1565543620	0	0	0	0	0	0	0	28.4485236312	0	0	0	0	0	0	0	0	0	0	0	0	0	0	0	0	0	0	0	0	0	0	0	0	0	0	0	0	0	0	0	0	0	0	0	0	0	0	0
PWY-6961: L-ascorbate degradation II (bacterial, aerobic)|unclassified	0	0	0	0	0	0	0	0	0	0	0	0	0	0	0	0	0	0	0	0	0	0	0	0	0	0	0	0	0	0	72.5118525054	0	0	0	0	0	0	0	0	0	0	0	0	0	0	0	0	0	0	0	0	0	0	0	0	0	0	0	0	0	0	0	0	0	0	0	0	0	0	0	0	0	0	0	0	0	0	0	0	0	0	0	0	0	0	0	0	0	0	0	0	0	0	0	0	0	1091.1565543620	0	0	0	0	0	0	0	28.4485236312	0	0	0	0	0	0	0	0	0	0	0	0	0	0	0	0	0	0	0	0	0	0	0	0	0	0	0	0	0	0	0	0	0	0	0	0	0	0	0
PWY-6969: TCA cycle V (2-oxoglutarate synthase)	0	0	0	0	71.3792159820	0	0	0	0	0	0	0	0	0	0	0	0	0	0	0	0	0	0	0	0	0	0	0	0	0	149.3433459510	0	0	0	0	0	0	574.8085107415	0	0	0	0	0	181.7568676852	0	0	0	590.2065563472	0	0	0	796.5776929864	570.6907510947	0	0	0	0	0	0	0	0	0	0	0	0	0	0	0	0	188.2596576712	0	0	0	0	0	0	0	0	421.5131045577	0	0	0	0	0	0	0	0	0	0	0	0	0	206.9333708911	0	0	0	846.5404898005	0	0	0	0	0	0	0	296.6257934647	0	0	0	0	0	0	0	0	0	0	0	0	0	0	0	0	0	0	0	0	0	0	0	0	0	0	0	0	0	0	0	0	0	0	0	0	0	0	0
PWY-6969: TCA cycle V (2-oxoglutarate synthase)|unclassified	0	0	0	0	71.3792159820	0	0	0	0	0	0	0	0	0	0	0	0	0	0	0	0	0	0	0	0	0	0	0	0	0	145.9699488205	0	0	0	0	0	0	574.8085107415	0	0	0	0	0	181.7568676852	0	0	0	582.5174863964	0	0	0	796.5776929864	570.6907510947	0	0	0	0	0	0	0	0	0	0	0	0	0	0	0	0	150.3659170688	0	0	0	0	0	0	0	0	421.5131045577	0	0	0	0	0	0	0	0	0	0	0	0	0	206.9333708911	0	0	0	846.5404898005	0	0	0	0	0	0	0	296.6257934647	0	0	0	0	0	0	0	0	0	0	0	0	0	0	0	0	0	0	0	0	0	0	0	0	0	0	0	0	0	0	0	0	0	0	0	0	0	0	0
PWY-6992: 1,5-anhydrofructose degradation	0	0	0	0	0	0	0	0	0	0	0	0	0	0	0	0	0	0	0	0	0	0	0	0	0	0	0	0	0	0	0	0	0	0	0	0	0	0	0	0	0	0	0	0	0	0	0	0	0	0	0	0	0	0	0	0	0	0	0	0	0	0	0	0	0	0	0	0	0	0	0	0	0	0	0	0	0	0	0	0	0	0	0	0	0	0	0	0	0	0	0	0	0	0	0	0	94.9738061583	0	0	0	0	0	0	0	0	0	0	0	0	0	0	0	0	0	0	0	0	0	0	0	0	0	0	0	0	0	0	0	0	0	0	0	0	0	0	0	0	0	0	0	0	0	0	0
PWY-6992: 1,5-anhydrofructose degradation|unclassified	0	0	0	0	0	0	0	0	0	0	0	0	0	0	0	0	0	0	0	0	0	0	0	0	0	0	0	0	0	0	0	0	0	0	0	0	0	0	0	0	0	0	0	0	0	0	0	0	0	0	0	0	0	0	0	0	0	0	0	0	0	0	0	0	0	0	0	0	0	0	0	0	0	0	0	0	0	0	0	0	0	0	0	0	0	0	0	0	0	0	0	0	0	0	0	0	94.9738061583	0	0	0	0	0	0	0	0	0	0	0	0	0	0	0	0	0	0	0	0	0	0	0	0	0	0	0	0	0	0	0	0	0	0	0	0	0	0	0	0	0	0	0	0	0	0	0
PWY-7013: (S)-propane-1,2-diol degradation	0	0	0	0	0	0	0	0	0	0	0	0	0	0	0	0	0	0	0	0	0	0	0	0	0	0	0	0	0	0	0	0	0	0	0	0	0	0	0	0	0	0	0	0	0	0	0	513.7853074639	0	0	0	0	0	0	0	0	0	0	0	0	0	0	0	0	0	0	0	0	0	293.9558168547	0	0	0	0	0	0	0	0	250.0244503387	0	0	0	0	0	0	0	0	0	0	0	0	0	0	0	0	0	0	0	0	0	0	0	0	0	0	0	0	0	0	0	0	0	0	0	0	0	0	0	0	0	0	0	0	0	0	0	0	0	0	0	0	0	0	0	0	0	0	0	0	0	0	0	0	0
PWY-7013: (S)-propane-1,2-diol degradation|unclassified	0	0	0	0	0	0	0	0	0	0	0	0	0	0	0	0	0	0	0	0	0	0	0	0	0	0	0	0	0	0	0	0	0	0	0	0	0	0	0	0	0	0	0	0	0	0	0	513.7853074639	0	0	0	0	0	0	0	0	0	0	0	0	0	0	0	0	0	0	0	0	0	266.2106514273	0	0	0	0	0	0	0	0	250.0244503387	0	0	0	0	0	0	0	0	0	0	0	0	0	0	0	0	0	0	0	0	0	0	0	0	0	0	0	0	0	0	0	0	0	0	0	0	0	0	0	0	0	0	0	0	0	0	0	0	0	0	0	0	0	0	0	0	0	0	0	0	0	0	0	0	0
PWY-702: L-methionine biosynthesis II	0	0	0	0	1586.6144871789	0	0	186.9043890196	0	0	0	0	0	0	0	973.1289001572	0	0	0	0	0	0	0	0	0	2354.8668800437	0	167.1986019463	0	43.2523290713	72.9245512721	0	48.2587517960	0	0	0	0	569.1770979823	0	0	0	0	153.7873883045	0	0	0	0	917.0009480135	0	0	1558.0852614230	1689.0526994757	0	0	0	0	0	0	705.8432846325	0	0	0	3390.7071790987	933.9518001140	179.4238151420	0	0	0	0	106.8852723074	1963.4453697381	0	0	253.6133227871	2174.6688022750	0	0	0	916.3392490310	0	0	0	0	1827.3895222314	0	0	2853.9714060095	0	149.0805763341	0	0	0	272.2205200598	0	0	0	1252.3197873017	0	0	0	0	0	0	0	43.3581550066	0	0	0	0	0	0	0	0	0	0	0	0	0	0	0	0	300.9171323605	0	0	0	0	0	0	0	0	0	0	0	0	0	0	0	0	0	0	0	0	0	0
PWY-702: L-methionine biosynthesis II|unclassified	0	0	0	0	1586.6144871789	0	0	186.9043890196	0	0	0	0	0	0	0	973.1289001572	0	0	0	0	0	0	0	0	0	2354.8668800437	0	167.1986019463	0	43.2523290713	72.9245512721	0	48.2587517960	0	0	0	0	569.1770979823	0	0	0	0	153.7873883045	0	0	0	0	917.0009480135	0	0	1558.0852614230	1689.0526994757	0	0	0	0	0	0	705.8432846325	0	0	0	3390.7071790987	933.9518001140	179.4238151420	0	0	0	0	106.8852723074	1963.4453697381	0	0	253.6133227871	2174.6688022750	0	0	0	916.3392490310	0	0	0	0	1827.3895222314	0	0	2853.9714060095	0	149.0805763341	0	0	0	272.2205200598	0	0	0	1252.3197873017	0	0	0	0	0	0	0	43.3581550066	0	0	0	0	0	0	0	0	0	0	0	0	0	0	0	0	300.9171323605	0	0	0	0	0	0	0	0	0	0	0	0	0	0	0	0	0	0	0	0	0	0
PWY-7094: fatty acid salvage	0	0	0	0	0	0	0	0	0	0	0	0	0	0	0	0	0	0	0	0	0	0	0	0	0	0	0	0	0	0	41.7608183299	0	0	0	0	0	0	0	0	0	0	0	0	0	0	0	0	0	0	0	0	0	0	0	0	0	0	0	0	0	0	0	0	0	0	0	0	0	0	0	0	0	0	0	0	0	0	0	0	0	0	0	0	0	0	0	0	0	0	0	0	0	0	0	0	0	372.0896288526	0	0	0	0	0	0	0	25.0909884690	0	0	0	0	0	0	0	0	0	0	0	0	0	0	0	0	0	0	0	0	0	0	0	0	0	0	0	0	0	0	0	0	0	0	0	0	0	0	0
PWY-7094: fatty acid salvage|unclassified	0	0	0	0	0	0	0	0	0	0	0	0	0	0	0	0	0	0	0	0	0	0	0	0	0	0	0	0	0	0	41.7608183299	0	0	0	0	0	0	0	0	0	0	0	0	0	0	0	0	0	0	0	0	0	0	0	0	0	0	0	0	0	0	0	0	0	0	0	0	0	0	0	0	0	0	0	0	0	0	0	0	0	0	0	0	0	0	0	0	0	0	0	0	0	0	0	0	0	372.0896288526	0	0	0	0	0	0	0	25.0909884690	0	0	0	0	0	0	0	0	0	0	0	0	0	0	0	0	0	0	0	0	0	0	0	0	0	0	0	0	0	0	0	0	0	0	0	0	0	0	0
PWY-7111: pyruvate fermentation to isobutanol (engineered)	0	0	0	0	1835.6046908752	0	312.7965232887	823.8700884441	0	0	0	0	0	0	0	0	0	0	0	220.4668435914	0	0	0	0	0	4651.1740870064	21.8342269487	668.0373741401	0	74.0162600493	98.8200067898	0	80.5448794300	0	0	0	0	476.7066034035	0	0	0	0	253.8721669162	195.1386059587	0	0	0	347.9875432618	0	0	2200.0647504224	589.5411043240	609.4842218415	0	0	0	0	0	565.6048826850	0	0	0	337.1170492669	481.4339130813	792.5835208180	0	0	48.7359462745	0	148.7554090222	2172.7597688573	0	0	589.6167809471	0	0	0	0	768.9246264627	414.3881046609	0	0	0	2718.9867198356	0	0	2277.0781247373	0	0	0	0	0	0	0	0	0	2838.9212388649	0	0	0	0	0	0	0	420.4144249678	0	0	0	0	14.4908543225	26.4527047025	0	0	0	0	71.2459505810	0	0	0	0	0	4194.2594493253	0	0	0	0	0	0	0	0	0	0	0	0	0	0	0	0	0	0	0	0	0	0
PWY-7111: pyruvate fermentation to isobutanol (engineered)|unclassified	0	0	0	0	1835.6046908752	0	312.7965232887	823.8700884441	0	0	0	0	0	0	0	0	0	0	0	220.4668435914	0	0	0	0	0	4651.1740870064	21.8342269487	668.0373741401	0	74.0162600493	98.8200067898	0	80.5448794300	0	0	0	0	476.7066034035	0	0	0	0	253.8721669162	195.1386059587	0	0	0	347.9875432618	0	0	2200.0647504224	589.5411043240	609.4842218415	0	0	0	0	0	565.6048826850	0	0	0	337.1170492669	481.4339130813	792.5835208180	0	0	48.7359462745	0	145.6820130094	2172.7597688573	0	0	589.6167809471	0	0	0	0	768.9246264627	414.3881046609	0	0	0	2718.9867198356	0	0	2277.0781247373	0	0	0	0	0	0	0	0	0	2838.9212388649	0	0	0	0	0	0	0	420.4144249678	0	0	0	0	14.4908543225	26.4527047025	0	0	0	0	71.2459505810	0	0	0	0	0	1766.0374487948	0	0	0	0	0	0	0	0	0	0	0	0	0	0	0	0	0	0	0	0	0	0
PWY-7115: C4 photosynthetic carbon assimilation cycle, NAD-ME type	0	0	0	0	245.5471231908	0	0	0	0	0	0	0	0	0	0	0	0	0	0	0	0	0	0	0	0	348.8081118543	0	0	0	0	84.0253003563	0	0	0	0	0	0	104.9749334125	0	0	0	0	0	0	0	0	0	100.0604053563	0	0	752.5778479829	157.9146077365	0	0	0	0	0	0	0	0	0	0	472.9937823954	0	53.0025702324	0	0	0	0	0	334.1549469028	0	0	0	532.7837474839	0	0	0	987.6378998961	0	0	0	0	474.4331534081	0	0	0	0	0	0	0	0	0	0	0	0	418.1527860320	0	0	0	0	0	0	0	37.9881064240	0	0	0	0	0	0	0	0	0	0	0	0	0	0	0	0	758.8564526190	0	0	0	0	0	0	0	0	0	0	0	0	0	0	0	0	0	0	0	0	0	0
PWY-7115: C4 photosynthetic carbon assimilation cycle, NAD-ME type|unclassified	0	0	0	0	245.5471231908	0	0	0	0	0	0	0	0	0	0	0	0	0	0	0	0	0	0	0	0	348.8081118543	0	0	0	0	84.0253003563	0	0	0	0	0	0	104.9749334125	0	0	0	0	0	0	0	0	0	100.0604053563	0	0	752.5778479829	157.9146077365	0	0	0	0	0	0	0	0	0	0	472.9937823954	0	53.0025702324	0	0	0	0	0	334.1549469028	0	0	0	532.7837474839	0	0	0	987.6378998961	0	0	0	0	474.4331534081	0	0	0	0	0	0	0	0	0	0	0	0	418.1527860320	0	0	0	0	0	0	0	37.9881064240	0	0	0	0	0	0	0	0	0	0	0	0	0	0	0	0	751.3281045446	0	0	0	0	0	0	0	0	0	0	0	0	0	0	0	0	0	0	0	0	0	0
PWY-7117: C4 photosynthetic carbon assimilation cycle, PEPCK type	0	0	0	0	563.2288593953	0	0	773.8828560676	0	0	0	0	0	0	0	0	0	0	0	0	0	0	0	0	0	457.3724564361	0	623.6708672505	0	272.2741835056	106.4134342595	0	0	0	0	0	0	204.0238071294	0	0	0	0	179.6846614943	156.7450713743	318.4100286679	0	0	14.7505119626	0	0	1706.1030733420	29.1056350766	0	0	0	0	0	0	735.2765694030	0	33.1813396968	0	403.8505760907	0	31.7353320069	0	0	0	0	0	823.4799974517	0	0	0	376.3129439370	0	0	0	2061.9682182194	242.4833296914	0	0	0	1521.4958043650	0	0	1092.2584372686	0	0	0	0	0	0	0	0	0	968.2680362349	0	0	0	0	0	0	0	418.4227148864	0	0	0	0	0	0	0	0	0	0	0	0	0	0	0	0	1742.4219777278	0	233.3537514432	0	0	0	0	0	0	0	0	0	0	0	0	0	0	0	0	0	0	0	0
PWY-7117: C4 photosynthetic carbon assimilation cycle, PEPCK type|unclassified	0	0	0	0	563.2288593953	0	0	773.8828560676	0	0	0	0	0	0	0	0	0	0	0	0	0	0	0	0	0	457.3724564361	0	623.6708672505	0	272.2741835056	106.4134342595	0	0	0	0	0	0	204.0238071294	0	0	0	0	179.6612005054	156.7450713743	318.4100286679	0	0	14.7505119626	0	0	1706.1030733420	29.1056350766	0	0	0	0	0	0	735.2765694030	0	33.1813396968	0	403.8505760907	0	31.7353320069	0	0	0	0	0	823.4799974517	0	0	0	376.3129439370	0	0	0	2061.9682182194	242.3350590699	0	0	0	1521.4958043650	0	0	1092.2584372686	0	0	0	0	0	0	0	0	0	968.2680362349	0	0	0	0	0	0	0	418.4227148864	0	0	0	0	0	0	0	0	0	0	0	0	0	0	0	0	1721.3933982165	0	233.3537514432	0	0	0	0	0	0	0	0	0	0	0	0	0	0	0	0	0	0	0	0
PWY-7118: chitin deacetylation	0	0	0	0	0	0	0	0	0	0	0	0	0	0	0	0	0	0	0	0	0	0	0	0	0	0	0	0	0	0	0	0	0	0	0	0	0	177.7185509048	0	0	0	0	0	65.0723292361	0	0	0	0	0	0	0	0	0	0	0	0	0	0	0	0	0	0	0	0	0	0	0	0	0	0	0	0	0	0	0	0	0	0	0	0	0	0	0	0	0	0	0	0	0	0	0	0	0	0	0	0	781.2778904130	0	0	0	0	0	0	0	41.4910817646	0	0	0	0	0	0	0	0	0	0	0	0	0	0	0	0	0	0	0	0	0	0	0	0	0	0	0	0	0	0	0	0	0	0	0	0	0	0	0
PWY-7118: chitin deacetylation|unclassified	0	0	0	0	0	0	0	0	0	0	0	0	0	0	0	0	0	0	0	0	0	0	0	0	0	0	0	0	0	0	0	0	0	0	0	0	0	177.7185509048	0	0	0	0	0	65.0723292361	0	0	0	0	0	0	0	0	0	0	0	0	0	0	0	0	0	0	0	0	0	0	0	0	0	0	0	0	0	0	0	0	0	0	0	0	0	0	0	0	0	0	0	0	0	0	0	0	0	0	0	0	781.2778904130	0	0	0	0	0	0	0	41.4910817646	0	0	0	0	0	0	0	0	0	0	0	0	0	0	0	0	0	0	0	0	0	0	0	0	0	0	0	0	0	0	0	0	0	0	0	0	0	0	0
PWY-7184: pyrimidine deoxyribonucleotides de novo biosynthesis I	0	0	0	0	0	0	0	36.6248496952	0	0	0	0	0	0	0	152.3644969028	0	0	0	0	0	0	0	0	0	0	0	0	0	0	105.0175176714	0	0	0	0	0	0	0	0	0	0	0	0	168.3632605762	0	0	0	0	0	0	0	205.3427617038	23.5929431001	0	0	0	0	0	0	0	0	0	0	0	90.5345937384	0	0	0	0	0	0	0	0	0	184.6024909660	0	105.5527119735	0	0	6.9649974674	0	0	0	0	0	0	0	0	0	0	0	0	0	0	0	0	544.1197410385	0	0	0	0	0	0	0	0	0	0	0	0	0	0	0	0	0	0	0	0	0	0	0	0	0	0	0	0	0	0	0	0	0	0	0	0	0	0	0	0	0	0	0	0	0	0	0
PWY-7184: pyrimidine deoxyribonucleotides de novo biosynthesis I|unclassified	0	0	0	0	0	0	0	36.6248496952	0	0	0	0	0	0	0	152.3644969028	0	0	0	0	0	0	0	0	0	0	0	0	0	0	105.0175176714	0	0	0	0	0	0	0	0	0	0	0	0	168.3632605762	0	0	0	0	0	0	0	205.3427617038	23.5876650670	0	0	0	0	0	0	0	0	0	0	0	90.5345937384	0	0	0	0	0	0	0	0	0	184.6024909660	0	105.5527119735	0	0	6.9649974674	0	0	0	0	0	0	0	0	0	0	0	0	0	0	0	0	544.1197410385	0	0	0	0	0	0	0	0	0	0	0	0	0	0	0	0	0	0	0	0	0	0	0	0	0	0	0	0	0	0	0	0	0	0	0	0	0	0	0	0	0	0	0	0	0	0	0
PWY-7185: UTP and CTP dephosphorylation I	0	0	0	0	0	0	0	18.2239996388	0	0	0	0	0	0	0	0	0	0	0	0	0	0	0	0	0	0	0	0	0	0	0	0	0	0	0	0	0	1543.9044367499	0	0	0	0	0	503.0843648567	0	0	0	0	0	0	0	150.5858992282	16.2028512171	0	0	0	0	0	0	0	2.5764711832	0	0	0	0	0	0	0	0	0	0	0	0	0	0	0	0	0	0	0	0	0	0	0	0	0	0	0	0	0	0	0	0	0	0	0	497.3516422865	0	0	0	0	0	0	0	0	0	0	0	0	0	0	0	0	0	0	0	0	0	0	0	0	0	0	0	0	0	0	0	0	0	0	0	0	0	0	0	0	0	0	0	0	0	0	0
PWY-7185: UTP and CTP dephosphorylation I|unclassified	0	0	0	0	0	0	0	18.2239996388	0	0	0	0	0	0	0	0	0	0	0	0	0	0	0	0	0	0	0	0	0	0	0	0	0	0	0	0	0	1543.9044367499	0	0	0	0	0	503.0843648567	0	0	0	0	0	0	0	150.5858992282	16.2028512171	0	0	0	0	0	0	0	2.5764711832	0	0	0	0	0	0	0	0	0	0	0	0	0	0	0	0	0	0	0	0	0	0	0	0	0	0	0	0	0	0	0	0	0	0	0	497.3516422865	0	0	0	0	0	0	0	0	0	0	0	0	0	0	0	0	0	0	0	0	0	0	0	0	0	0	0	0	0	0	0	0	0	0	0	0	0	0	0	0	0	0	0	0	0	0	0
PWY-7187: pyrimidine deoxyribonucleotides de novo biosynthesis II	0	0	0	0	0	0	0	0	0	0	0	0	0	0	0	166.3292743947	0	0	0	0	0	0	0	0	0	0	0	0	0	0	0	0	0	0	0	0	0	0	0	0	0	0	0	0	0	0	0	0	0	0	0	0	0	0	0	0	0	0	0	0	0	0	0	0	107.9845742680	0	0	0	0	0	0	0	0	0	301.9916338812	0	0	0	0	0	0	0	0	0	0	0	0	0	0	0	0	0	0	0	0	0	160.9315080460	0	0	0	0	0	0	0	10.3215863836	0	0	0	0	0	0	0	0	0	0	0	0	0	0	0	0	0	0	0	0	0	0	0	0	0	0	0	0	0	0	0	0	0	0	0	0	0	0	0
PWY-7187: pyrimidine deoxyribonucleotides de novo biosynthesis II|unclassified	0	0	0	0	0	0	0	0	0	0	0	0	0	0	0	166.3292743947	0	0	0	0	0	0	0	0	0	0	0	0	0	0	0	0	0	0	0	0	0	0	0	0	0	0	0	0	0	0	0	0	0	0	0	0	0	0	0	0	0	0	0	0	0	0	0	0	107.9845742680	0	0	0	0	0	0	0	0	0	301.9916338812	0	0	0	0	0	0	0	0	0	0	0	0	0	0	0	0	0	0	0	0	0	160.9315080460	0	0	0	0	0	0	0	10.3215863836	0	0	0	0	0	0	0	0	0	0	0	0	0	0	0	0	0	0	0	0	0	0	0	0	0	0	0	0	0	0	0	0	0	0	0	0	0	0	0
PWY-7197: pyrimidine deoxyribonucleotide phosphorylation	0	0	0	0	765.5462975717	0	71.2375442494	108.2870799495	0	0	1.9317068676	0	0	0	0	189.4173213594	0	0	0	0	0	0	0	0	0	336.6200000607	0	176.6567260507	0	37.9786573550	91.9435084621	0	0	0	0	0	0	0	0	107.5164100558	0	0	0	94.7196516995	0	0	0	173.7332011364	0	0	758.5139922163	745.7825934145	131.0520761440	0	4.7548785856	0	0	0	594.9198176636	10.4768248524	0	0	0	174.1055987063	67.9818779357	0	0	0	0	462.1496635259	2877.4131497046	0	0	11.7487770096	219.2250163027	8.3262722054	82.2513001653	0	1365.4287639461	12.4031635602	0	0	6.5353604826	601.1048499741	0	0	354.9032651118	0	0	0	0	0	0	0	0	0	397.9921481049	0	0	4.1624501240	0	0	0	0	0	0	0	78.8266477489	0	16.9833194377	0	0	301.9544773921	0	0	0	2.6610608466	0	0	0	0	21.4140711038	0	1274.6265945825	0	0	0	0	0	0	0	0	0	0	0	0	0	0	0	0	0	0	0	0
PWY-7197: pyrimidine deoxyribonucleotide phosphorylation|unclassified	0	0	0	0	765.5462975717	0	71.2375442494	108.2870799495	0	0	1.9317068676	0	0	0	0	189.4173213594	0	0	0	0	0	0	0	0	0	336.6200000607	0	176.6567260507	0	37.9786573550	91.9435084621	0	0	0	0	0	0	0	0	107.5164100558	0	0	0	94.7196516995	0	0	0	173.7332011364	0	0	758.5139922163	745.7825934145	131.0520761440	0	4.7548785856	0	0	0	594.9198176636	10.4768248524	0	0	0	174.1055987063	67.9818779357	0	0	0	0	462.1496635259	2877.4131497046	0	0	11.7487770096	219.2250163027	8.3262722054	82.2513001653	0	1365.4287639461	12.4031635602	0	0	6.5353604826	601.1048499741	0	0	354.9032651118	0	0	0	0	0	0	0	0	0	397.9921481049	0	0	4.1624501240	0	0	0	0	0	0	0	78.8266477489	0	16.9833194377	0	0	301.9544773921	0	0	0	2.6610608466	0	0	0	0	21.4140711038	0	1274.6265945825	0	0	0	0	0	0	0	0	0	0	0	0	0	0	0	0	0	0	0	0
PWY-7198: pyrimidine deoxyribonucleotides de novo biosynthesis IV	0	0	0	0	0	0	0	29.0317805201	0	0	0	0	0	0	0	0	0	0	0	0	0	0	0	0	0	245.0510754937	0	0	0	0	0	0	0	0	0	0	0	0	0	0	0	0	0	141.7464867480	0	0	0	0	0	0	450.8743391621	955.3981079809	18.3859159336	0	0	0	0	0	0	0	0	0	0	190.3501133679	0	0	0	0	0	101.9955391975	0	0	0	0	0	0	68.2312884422	0	0	0	0	0	0	0	0	0	0	0	0	0	0	0	0	0	0	0	367.5303301641	0	0	0	0	0	0	0	0	0	0	0	0	0	0	0	0	0	0	0	0	0	0	0	0	24.9550293272	0	0	0	0	0	0	0	0	0	0	0	0	0	0	0	0	0	0	0	0	0	0
PWY-7198: pyrimidine deoxyribonucleotides de novo biosynthesis IV|unclassified	0	0	0	0	0	0	0	29.0317805201	0	0	0	0	0	0	0	0	0	0	0	0	0	0	0	0	0	245.0510754937	0	0	0	0	0	0	0	0	0	0	0	0	0	0	0	0	0	141.7464867480	0	0	0	0	0	0	450.8743391621	955.3981079809	18.3838551075	0	0	0	0	0	0	0	0	0	0	190.3501133679	0	0	0	0	0	101.9545170110	0	0	0	0	0	0	68.2312884422	0	0	0	0	0	0	0	0	0	0	0	0	0	0	0	0	0	0	0	367.5303301641	0	0	0	0	0	0	0	0	0	0	0	0	0	0	0	0	0	0	0	0	0	0	0	0	24.9539959844	0	0	0	0	0	0	0	0	0	0	0	0	0	0	0	0	0	0	0	0	0	0
PWY-7199: pyrimidine deoxyribonucleosides salvage	0	0	0	0	2151.4393031435	0	356.2955877626	673.0539168728	0	0	0	0	0	0	0	387.4238445019	92.5640465322	0	0	190.1629309174	0	0	0	0	0	3093.6836400860	0	1608.4710562092	0	783.8772379982	50.0975145921	0	0	0	0	0	0	328.6844557603	0	1621.5019343847	0	0	689.3888035866	370.5161711278	72.3014546085	0	0	1415.6270696505	0	0	3598.4087212671	1246.1489438813	1031.6889751253	0	0	0	0	0	2217.9860516774	0	0	0	0	505.1856964724	224.4520592352	68.1937188926	0	0	0	2045.3930208865	9631.3555856977	0	0	550.3204163880	302.3464270130	0	528.0309590326	0	3231.8090432450	1669.4854397454	0	0	0	2571.1134825401	0	0	3745.1050374314	0	157.5434668217	0	0	0	0	0	0	0	395.3434742854	0	0	0	0	0	0	0	0	0	0	0	0	0	0	0	0	0	0	227.9492284943	0	0	0	0	0	3653.2093287891	0	0	0	0	0	0	0	0	0	0	0	0	0	0	0	0	0	0	0	0	0	0
PWY-7199: pyrimidine deoxyribonucleosides salvage|unclassified	0	0	0	0	2151.4393031435	0	356.2955877626	673.0539168728	0	0	0	0	0	0	0	387.4238445019	92.5640465322	0	0	190.1629309174	0	0	0	0	0	3093.6836400860	0	1185.8058945622	0	783.8772379982	50.0975145921	0	0	0	0	0	0	328.6844557603	0	1621.5019343847	0	0	689.3888035866	370.5161711278	72.3014546085	0	0	1415.6270696505	0	0	3598.4087212671	1246.1489438813	1031.6889751253	0	0	0	0	0	2217.9860516774	0	0	0	0	505.1856964724	224.4520592352	68.1937188926	0	0	0	970.0185949780	9631.3555856977	0	0	550.3204163880	302.3464270130	0	528.0309590326	0	3231.8090432450	968.2817823927	0	0	0	2571.1134825401	0	0	3745.1050374314	0	157.5434668217	0	0	0	0	0	0	0	395.3434742854	0	0	0	0	0	0	0	0	0	0	0	0	0	0	0	0	0	0	227.9492284943	0	0	0	0	0	2224.6642902360	0	0	0	0	0	0	0	0	0	0	0	0	0	0	0	0	0	0	0	0	0	0
PWY-7200: superpathway of pyrimidine deoxyribonucleoside salvage	0	0	0	0	0	0	0	0	0	0	0	0	0	0	0	0	0	0	0	0	0	0	0	0	0	0	0	286.4906545286	0	63.9754918161	0	0	0	0	0	0	0	0	0	0	0	0	0	85.6334338559	0	0	0	278.9211027655	0	0	0	585.4462564216	73.2432751126	0	0	0	0	0	0	0	0	0	0	0	98.7463174520	0	0	0	0	0	0	0	0	0	0	0	0	0	955.4251052014	21.5865092572	0	0	0	0	0	0	0	0	0	0	0	0	0	0	0	0	0	0	0	0	0	0	0	0	0	0	0	0	0	0	0	0	0	0	0	0	0	0	0	0	0	37.2995330575	0	0	0	0	0	0	0	0	0	0	0	0	0	0	0	0	0	0	0	0	0	0
PWY-7200: superpathway of pyrimidine deoxyribonucleoside salvage|unclassified	0	0	0	0	0	0	0	0	0	0	0	0	0	0	0	0	0	0	0	0	0	0	0	0	0	0	0	274.5638611494	0	63.9754918161	0	0	0	0	0	0	0	0	0	0	0	0	0	85.6334338559	0	0	0	278.9211027655	0	0	0	585.4462564216	73.2432751126	0	0	0	0	0	0	0	0	0	0	0	98.7463174520	0	0	0	0	0	0	0	0	0	0	0	0	0	955.4251052014	21.5289127367	0	0	0	0	0	0	0	0	0	0	0	0	0	0	0	0	0	0	0	0	0	0	0	0	0	0	0	0	0	0	0	0	0	0	0	0	0	0	0	0	0	37.2297932298	0	0	0	0	0	0	0	0	0	0	0	0	0	0	0	0	0	0	0	0	0	0
PWY-7204: pyridoxal 5'-phosphate salvage II (plants)	0	0	0	0	0	0	0	0	0	0	0	0	0	0	0	0	0	0	0	0	0	0	0	0	0	0	0	0	0	0	14.7496267097	0	0	0	0	0	0	0	0	0	0	0	0	0	0	0	0	0	0	0	0	0	0	0	0	0	0	0	0	0	0	0	0	0	0	0	0	0	0	0	0	0	0	0	0	0	0	0	0	0	0	0	0	0	0	0	0	0	0	0	0	0	0	0	0	0	473.5710285455	0	0	0	0	0	0	0	41.5303875086	0	0	0	0	0	0	0	0	0	0	0	0	0	0	0	0	0	0	0	0	0	0	0	0	0	0	0	0	0	0	0	0	0	0	0	0	0	0	0
PWY-7204: pyridoxal 5'-phosphate salvage II (plants)|unclassified	0	0	0	0	0	0	0	0	0	0	0	0	0	0	0	0	0	0	0	0	0	0	0	0	0	0	0	0	0	0	14.7496267097	0	0	0	0	0	0	0	0	0	0	0	0	0	0	0	0	0	0	0	0	0	0	0	0	0	0	0	0	0	0	0	0	0	0	0	0	0	0	0	0	0	0	0	0	0	0	0	0	0	0	0	0	0	0	0	0	0	0	0	0	0	0	0	0	0	473.5710285455	0	0	0	0	0	0	0	41.5303875086	0	0	0	0	0	0	0	0	0	0	0	0	0	0	0	0	0	0	0	0	0	0	0	0	0	0	0	0	0	0	0	0	0	0	0	0	0	0	0
PWY-7208: superpathway of pyrimidine nucleobases salvage	0	0	0	0	1147.4786789137	0	94.7750266414	28.5569108739	0	0	5.1759765402	317.7829808790	0	0	0	576.6708209900	0	0	0	0	0	0	0	0	0	532.4183531802	0	864.9562906720	0	85.8328578919	118.8263213953	0	0	0	0	0	0	14.9131074733	0	149.9895151654	0	0	473.5355388144	440.2263683816	45.0834986053	0	0	1065.2562849840	0	0	1117.6035749160	1716.7212098907	767.1562811816	0	7.1245191730	313.5671170442	1895.4548130214	0	1674.6804275678	0	0	0	0	226.3987436030	98.6625614445	0	0	0	0	756.5058205975	7026.2039907648	0	0	23.9833663842	331.4612412226	0	118.9039968692	0	2337.0390748537	18.6905650460	0	0	0	814.9007938762	0	0	606.3820529098	0	693.2451391756	0	0	0	0	0	0	0	493.0038865289	0	0	0	0	0	0	0	154.3478909257	0	0	0	0	12.0563305059	0	0	542.9314794814	0	0	785.0197991090	6.0113951997	0	0	0	0	34.6514069769	0	0	0	0	0	0	0	0	0	0	0	0	0	0	0	0	0	0	0	0	0	0
PWY-7208: superpathway of pyrimidine nucleobases salvage|unclassified	0	0	0	0	1147.4786789137	0	94.7750266414	28.5569108739	0	0	5.1759765402	317.7829808790	0	0	0	576.6708209900	0	0	0	0	0	0	0	0	0	532.4183531802	0	864.9562906720	0	85.8328578919	118.8263213953	0	0	0	0	0	0	14.9131074733	0	149.9895151654	0	0	473.5355388144	440.2263683816	45.0834986053	0	0	1065.2562849840	0	0	1117.6035749160	1716.7212098907	767.1562811816	0	7.1245191730	313.5671170442	1895.4548130214	0	1674.6804275678	0	0	0	0	226.3987436030	98.6625614445	0	0	0	0	726.3160531241	7026.2039907648	0	0	23.9833663842	331.4612412226	0	118.9039968692	0	2337.0390748537	18.6905650460	0	0	0	814.9007938762	0	0	606.3820529098	0	693.2451391756	0	0	0	0	0	0	0	493.0038865289	0	0	0	0	0	0	0	154.3478909257	0	0	0	0	12.0563305059	0	0	542.9314794814	0	0	785.0197991090	6.0113951997	0	0	0	0	34.5768794022	0	0	0	0	0	0	0	0	0	0	0	0	0	0	0	0	0	0	0	0	0	0
PWY-7209: superpathway of pyrimidine ribonucleosides degradation	0	0	0	0	0	0	0	0	0	0	0	0	0	0	0	0	0	0	0	0	0	0	0	0	0	0	0	0	0	0	0	0	0	0	0	0	0	0	0	0	0	0	0	0	0	0	0	0	0	0	0	0	0	0	0	0	0	0	0	0	0	0	0	0	0	0	0	0	0	0	0	0	0	0	0	0	0	0	0	0	0	0	0	0	0	0	0	0	0	0	0	0	0	0	0	0	97.9743084177	0	0	0	0	0	0	0	0	0	0	0	0	0	0	0	0	0	0	0	0	0	0	0	0	0	0	0	0	0	0	0	0	0	0	0	0	0	0	0	0	0	0	0	0	0	0	0
PWY-7209: superpathway of pyrimidine ribonucleosides degradation|unclassified	0	0	0	0	0	0	0	0	0	0	0	0	0	0	0	0	0	0	0	0	0	0	0	0	0	0	0	0	0	0	0	0	0	0	0	0	0	0	0	0	0	0	0	0	0	0	0	0	0	0	0	0	0	0	0	0	0	0	0	0	0	0	0	0	0	0	0	0	0	0	0	0	0	0	0	0	0	0	0	0	0	0	0	0	0	0	0	0	0	0	0	0	0	0	0	0	97.9743084177	0	0	0	0	0	0	0	0	0	0	0	0	0	0	0	0	0	0	0	0	0	0	0	0	0	0	0	0	0	0	0	0	0	0	0	0	0	0	0	0	0	0	0	0	0	0	0
PWY-7210: pyrimidine deoxyribonucleotides biosynthesis from CTP	0	0	0	0	0	0	0	37.9624839589	0	0	0	0	0	0	0	0	0	0	0	0	0	0	0	0	0	0	0	0	0	0	0	0	0	0	0	0	0	0	0	0	0	0	0	185.8221300056	0	0	0	0	0	0	0	218.4814059887	25.2518998714	0	0	0	0	0	0	0	0	0	0	0	0	0	0	0	0	0	0	0	0	0	0	0	0	0	0	0	0	0	0	0	0	0	0	0	0	0	0	0	0	0	0	0	401.4597183865	0	0	0	0	0	0	0	0	0	0	0	0	0	0	0	0	0	0	0	0	0	0	0	0	0	0	0	0	0	0	0	0	0	0	0	0	0	0	0	0	0	0	0	0	0	0	0
PWY-7210: pyrimidine deoxyribonucleotides biosynthesis from CTP|unclassified	0	0	0	0	0	0	0	37.9624839589	0	0	0	0	0	0	0	0	0	0	0	0	0	0	0	0	0	0	0	0	0	0	0	0	0	0	0	0	0	0	0	0	0	0	0	185.8221300056	0	0	0	0	0	0	0	218.4814059887	25.2464580779	0	0	0	0	0	0	0	0	0	0	0	0	0	0	0	0	0	0	0	0	0	0	0	0	0	0	0	0	0	0	0	0	0	0	0	0	0	0	0	0	0	0	0	401.4597183865	0	0	0	0	0	0	0	0	0	0	0	0	0	0	0	0	0	0	0	0	0	0	0	0	0	0	0	0	0	0	0	0	0	0	0	0	0	0	0	0	0	0	0	0	0	0	0
PWY-7211: superpathway of pyrimidine deoxyribonucleotides de novo biosynthesis	0	0	0	0	0	0	0	0	0	0	0	0	0	0	0	0	0	0	0	0	0	0	0	0	0	0	0	0	0	0	0	0	0	0	0	0	0	0	0	0	0	0	0	0	0	0	0	0	0	0	0	0	0	0	0	0	0	0	0	0	0	0	0	0	0	0	0	0	0	0	0	0	0	0	0	0	0	0	0	0	0	0	0	0	0	0	0	0	0	0	0	0	0	0	0	0	536.9594855227	0	0	0	0	0	0	0	0	0	0	0	0	0	0	0	0	0	0	0	0	0	0	0	0	0	0	0	0	0	0	0	0	0	0	0	0	0	0	0	0	0	0	0	0	0	0	0
PWY-7211: superpathway of pyrimidine deoxyribonucleotides de novo biosynthesis|unclassified	0	0	0	0	0	0	0	0	0	0	0	0	0	0	0	0	0	0	0	0	0	0	0	0	0	0	0	0	0	0	0	0	0	0	0	0	0	0	0	0	0	0	0	0	0	0	0	0	0	0	0	0	0	0	0	0	0	0	0	0	0	0	0	0	0	0	0	0	0	0	0	0	0	0	0	0	0	0	0	0	0	0	0	0	0	0	0	0	0	0	0	0	0	0	0	0	536.9594855227	0	0	0	0	0	0	0	0	0	0	0	0	0	0	0	0	0	0	0	0	0	0	0	0	0	0	0	0	0	0	0	0	0	0	0	0	0	0	0	0	0	0	0	0	0	0	0
PWY-7220: adenosine deoxyribonucleotides de novo biosynthesis II	0	0	92.1720863886	0	1100.0514819931	0	85.3701679402	328.8270856778	0	0	4.0151321733	516.6783557616	0	0	0	780.8832092595	325.9645356610	0	0	0	0	0	0	0	0	460.9357209230	0	914.9958099505	0	68.7419643815	109.2005433982	0	59.0295768763	0	0	0	0	0	0	122.0741612098	0	0	459.2420601405	441.7222938260	34.3471057532	0	0	1101.6798423308	0	0	1065.1829242886	1559.9154118023	2050.1056938041	0	0	193.3071128731	0	13.9748152541	1701.2671819308	21.4301702405	10.5225319707	0	0	217.7625207167	106.9396218246	0	0	0	0	620.6568310060	10162.5220728345	0	0	18.1576383951	1227.5647186676	56.4188719542	98.5632660156	0	1993.0523844316	14.1098089168	0	0	0	805.9836535835	0	0	513.0775479688	0	1309.4252730737	0	0	0	0	0	0	0	565.4144155515	0	0	0	0	0	0	0	121.7059474408	0	0	103.1573260108	0	1368.1138797103	0	0	551.0701654277	0	20.3522244581	1253.0453968543	0	16.8566296058	0	0	0	26.1457524528	0	3480.0675944596	0	0	0	0	0	0	0	0	0	0	0	0	0	0	0	0	0	0	0	0
PWY-7220: adenosine deoxyribonucleotides de novo biosynthesis II|unclassified	0	0	92.1720863886	0	1100.0514819931	0	85.3701679402	328.8270856778	0	0	4.0151321733	516.6783557616	0	0	0	780.8832092595	325.9645356610	0	0	0	0	0	0	0	0	460.9357209230	0	914.9958099505	0	68.7419643815	109.2005433982	0	59.0295768763	0	0	0	0	0	0	122.0741612098	0	0	459.2420601405	441.7222938260	34.3471057532	0	0	1101.5018270410	0	0	1065.1829242886	1559.9154118023	1992.0073853253	0	0	193.3071128731	0	13.9748152541	1701.2671819308	21.4301702405	10.5225319707	0	0	217.7625207167	106.9396218246	0	0	0	0	617.1311989777	10162.5220728345	0	0	18.1576383951	1227.5647186676	56.4188719542	98.5632660156	0	1993.0523844316	14.1098089168	0	0	0	805.9836535835	0	0	513.0775479688	0	1309.4252730737	0	0	0	0	0	0	0	565.4144155515	0	0	0	0	0	0	0	121.7059474408	0	0	103.1573260108	0	1368.1138797103	0	0	551.0701654277	0	20.3522244581	1253.0453968543	0	16.8566296058	0	0	0	26.1431058953	0	3480.0675944596	0	0	0	0	0	0	0	0	0	0	0	0	0	0	0	0	0	0	0	0
PWY-7221: guanosine ribonucleotides de novo biosynthesis	0	0	0	0	4247.6183614054	0	868.4564468596	806.1784514922	0	0	0	0	0	0	0	342.1710396392	0	0	0	144.2537462108	0	0	419.2671067932	0	0	2227.3864276330	0	4885.7018910388	0	931.5373626293	100.0464134072	175.5648206869	0	0	0	0	0	821.5419027441	0	443.5970716939	0	0	946.5078594227	478.7574195440	111.8566787394	0	0	2353.1176236598	0	0	4024.1667764025	2269.8111229044	1792.1273364302	0	0	456.4957420255	65.0622042886	16.7091575009	1891.1038974669	18.1514365924	161.7615645785	0	0	1006.8902860075	879.5491463311	140.8930809281	0	0	0	3121.0612222181	9048.9380255268	0	0	1354.9064194595	796.6612630826	0	772.8493411180	0	7161.1266080336	3681.9781246002	0	0	0	5826.4519775680	0	0	5508.3698299080	0	1821.4133709200	0	0	0	1997.4896273934	0	0	0	551.0505681742	0	0	0	0	0	0	0	84.1475460199	0	0	101.3329929552	0	19.4910629480	0	0	1211.3734685158	0	0	1048.1688155309	0	0	0	0	0	4096.0249358514	0	0	0	0	0	0	0	0	0	0	0	0	0	0	0	0	0	0	0	0	0	0
PWY-7221: guanosine ribonucleotides de novo biosynthesis|unclassified	0	0	0	0	4247.6183614054	0	868.4564468596	806.1784514922	0	0	0	0	0	0	0	342.1710396392	0	0	0	144.2537462108	0	0	419.2671067932	0	0	2227.3864276330	0	4885.7018910388	0	931.5373626293	100.0464134072	175.5648206869	0	0	0	0	0	821.5419027441	0	443.5970716939	0	0	946.5078594227	478.7574195440	111.8566787394	0	0	2353.1176236598	0	0	4024.1667764025	2269.8111229044	1792.1273364302	0	0	456.4957420255	65.0622042886	16.7091575009	1891.1038974669	18.1514365924	161.7615645785	0	0	1006.8902860075	879.5491463311	140.8930809281	0	0	0	2750.7740662090	9048.9380255268	0	0	1354.9064194595	796.6612630826	0	772.8493411180	0	7161.1266080336	3380.9708421553	0	0	0	1677.1205033871	0	0	5508.3698299080	0	1821.4133709200	0	0	0	1997.4896273934	0	0	0	551.0505681742	0	0	0	0	0	0	0	84.1475460199	0	0	101.3329929552	0	19.4910629480	0	0	1211.3734685158	0	0	1038.2565824387	0	0	0	0	0	3345.1636257094	0	0	0	0	0	0	0	0	0	0	0	0	0	0	0	0	0	0	0	0	0	0
PWY-7222: guanosine deoxyribonucleotides de novo biosynthesis II	0	0	92.1720863886	0	1100.0514819931	0	85.3701679402	328.8270856778	0	0	4.0151321733	516.6783557616	0	0	0	780.8832092595	325.9645356610	0	0	0	0	0	0	0	0	460.9357209230	0	914.9958099505	0	68.7419643815	109.2005433982	0	59.0295768763	0	0	0	0	0	0	122.0741612098	0	0	459.2420601405	441.7222938260	34.3471057532	0	0	1101.6798423308	0	0	1065.1829242886	1559.9154118023	2050.1056938041	0	0	193.3071128731	0	13.9748152541	1701.2671819308	21.4301702405	10.5225319707	0	0	217.7625207167	106.9396218246	0	0	0	0	620.6568310060	10162.5220728345	0	0	18.1576383951	1227.5647186676	56.4188719542	98.5632660156	0	1993.0523844316	14.1098089168	0	0	0	805.9836535835	0	0	513.0775479688	0	1309.4252730737	0	0	0	0	0	0	0	565.4144155515	0	0	0	0	0	0	0	121.7059474408	0	0	103.1573260108	0	1368.1138797103	0	0	551.0701654277	0	20.3522244581	1253.0453968543	0	16.8566296058	0	0	0	26.1457524528	0	3480.0675944596	0	0	0	0	0	0	0	0	0	0	0	0	0	0	0	0	0	0	0	0
PWY-7222: guanosine deoxyribonucleotides de novo biosynthesis II|unclassified	0	0	92.1720863886	0	1100.0514819931	0	85.3701679402	328.8270856778	0	0	4.0151321733	516.6783557616	0	0	0	780.8832092595	325.9645356610	0	0	0	0	0	0	0	0	460.9357209230	0	914.9958099505	0	68.7419643815	109.2005433982	0	59.0295768763	0	0	0	0	0	0	122.0741612098	0	0	459.2420601405	441.7222938260	34.3471057532	0	0	1101.5018270410	0	0	1065.1829242886	1559.9154118023	1992.0073853253	0	0	193.3071128731	0	13.9748152541	1701.2671819308	21.4301702405	10.5225319707	0	0	217.7625207167	106.9396218246	0	0	0	0	617.1311989777	10162.5220728345	0	0	18.1576383951	1227.5647186676	56.4188719542	98.5632660156	0	1993.0523844316	14.1098089168	0	0	0	805.9836535835	0	0	513.0775479688	0	1309.4252730737	0	0	0	0	0	0	0	565.4144155515	0	0	0	0	0	0	0	121.7059474408	0	0	103.1573260108	0	1368.1138797103	0	0	551.0701654277	0	20.3522244581	1253.0453968543	0	16.8566296058	0	0	0	26.1431058953	0	3480.0675944596	0	0	0	0	0	0	0	0	0	0	0	0	0	0	0	0	0	0	0	0
PWY-7228: superpathway of guanosine nucleotides de novo biosynthesis I	0	0	0	0	1787.4391259436	0	156.0931641619	483.2019950753	0	0	0	0	0	0	0	437.8454835163	0	0	0	0	0	0	0	0	0	795.4682045876	0	1569.3118068693	0	129.0257795543	108.9912919203	0	0	0	0	0	0	0	0	195.4889059027	0	0	652.5782411999	482.8249223491	56.2305070110	0	0	1578.4671341063	0	0	1739.7373618000	2008.4878779942	2016.2787568673	0	0	294.8152489904	0	17.2432107543	1997.3086711629	18.2894742567	20.0546222115	0	0	361.7174278533	146.7025310415	0	0	0	0	1046.7046940079	10122.6199977448	0	0	35.8832578706	418.0192115261	0	177.1065793302	0	3198.8241714710	28.1249058331	0	0	0	1435.5835915144	0	0	946.3933974946	0	1535.9080371526	0	0	0	0	0	0	0	597.6920736084	0	0	0	0	0	0	0	99.8301210022	0	0	103.9999915749	0	29.0500525531	0	0	800.2793078242	0	0	1141.4606973145	0	0	0	0	0	52.0320951815	0	0	0	0	0	0	0	0	0	0	0	0	0	0	0	0	0	0	0	0	0	0
PWY-7228: superpathway of guanosine nucleotides de novo biosynthesis I|unclassified	0	0	0	0	1787.4391259436	0	156.0931641619	483.2019950753	0	0	0	0	0	0	0	437.8454835163	0	0	0	0	0	0	0	0	0	795.4682045876	0	1569.3118068693	0	129.0257795543	108.9912919203	0	0	0	0	0	0	0	0	195.4889059027	0	0	652.5782411999	482.8249223491	56.2305070110	0	0	1578.2844050994	0	0	1739.7373618000	2008.4878779942	1987.7696943721	0	0	294.8152489904	0	17.2432107543	1997.3086711629	18.2894742567	20.0546222115	0	0	361.7174278533	146.7025310415	0	0	0	0	1011.3932452567	10122.6199977448	0	0	35.8832578706	418.0192115261	0	177.1065793302	0	3198.8241714710	28.1121605814	0	0	0	1181.1023581322	0	0	946.3933974946	0	1535.9080371526	0	0	0	0	0	0	0	597.6920736084	0	0	0	0	0	0	0	99.8301210022	0	0	103.9999915749	0	29.0500525531	0	0	800.2793078242	0	0	1133.6035215547	0	0	0	0	0	51.9281540386	0	0	0	0	0	0	0	0	0	0	0	0	0	0	0	0	0	0	0	0	0	0
PWY-7229: superpathway of adenosine nucleotides de novo biosynthesis I	0	0	0	0	2464.8228649525	0	237.2019787546	763.9416755859	0	0	0	0	0	0	0	973.5513980390	371.1857035203	0	0	0	0	0	0	0	0	1401.5142283742	0	2191.0946807890	0	253.6359452198	253.9232592457	0	0	0	0	0	0	0	0	398.0557577157	0	0	1204.2418439144	726.2946563044	125.3874612595	0	0	2817.9618276097	0	0	2795.0436206345	3373.5950132601	3095.8673926776	0	0	530.9610857821	0	50.1056388012	3385.0013388069	57.7412000567	0	0	0	571.9750310739	319.4447656993	0	0	0	0	1922.8202830890	14204.6041473301	0	0	70.7880250537	1938.2461973749	0	343.0492716253	0	5508.3291443527	56.0477209934	0	0	0	2130.9675658833	0	0	1495.9845939374	0	2148.4536374387	0	0	0	0	0	0	0	289.8995979098	0	0	0	0	0	0	0	270.3241467088	0	0	0	0	67.4753708143	0	0	1155.1664489631	0	0	988.5271531388	0	0	0	0	0	102.8409752212	0	0	0	0	0	0	0	0	0	0	0	0	0	0	0	0	0	0	0	0	0	0
PWY-7229: superpathway of adenosine nucleotides de novo biosynthesis I|unclassified	0	0	0	0	2434.2463895323	0	237.2019787546	763.9416755859	0	0	0	0	0	0	0	973.5513980390	371.1857035203	0	0	0	0	0	0	0	0	1401.5142283742	0	1215.9093126150	0	253.6359452198	253.9232592457	0	0	0	0	0	0	0	0	398.0557577157	0	0	1204.2418439144	726.2946563044	125.3874612595	0	0	2809.0606293553	0	0	2795.0436206345	3372.6701536504	3029.1604668545	0	0	530.9610857821	0	50.1056388012	3385.0013388069	57.7412000567	0	0	0	571.9750310739	319.4447656993	0	0	0	0	1903.4245617872	14204.6041473301	0	0	70.6562965745	1938.2461973749	0	343.0492716253	0	5508.3291443527	56.0405325376	0	0	0	2130.9675658833	0	0	1495.9845939374	0	2148.4536374387	0	0	0	0	0	0	0	289.8995979098	0	0	0	0	0	0	0	270.3241467088	0	0	0	0	67.4753708143	0	0	1155.1664489631	0	0	988.5271531388	0	0	0	0	0	102.7295096833	0	0	0	0	0	0	0	0	0	0	0	0	0	0	0	0	0	0	0	0	0	0
PWY-7234: inosine-5'-phosphate biosynthesis III	0	0	0	0	0	0	0	184.9621140780	0	0	0	0	0	0	0	0	0	0	0	0	0	0	0	0	0	184.5056763989	0	0	0	0	13.4176283029	0	0	0	0	0	0	0	0	0	0	0	0	0	0	0	0	0	0	0	301.9457474610	545.0479234690	0	0	0	0	0	0	49.6439984298	29.9878264666	0	0	0	0	132.5395536383	75.3083382659	0	0	0	366.9905483877	194.6006432178	0	0	0	0	0	0	0	1343.6442951824	0	0	0	0	0	0	0	0	0	0	0	0	0	0	0	0	0	476.3776990222	0	0	0	0	0	0	0	0	0	0	0	0	0	0	0	0	0	0	0	0	0	0	0	0	395.2111340216	0	0	0	0	0	0	0	0	0	0	0	0	0	0	0	0	0	0	0	0	0	0
PWY-7234: inosine-5'-phosphate biosynthesis III|unclassified	0	0	0	0	0	0	0	184.9621140780	0	0	0	0	0	0	0	0	0	0	0	0	0	0	0	0	0	184.5056763989	0	0	0	0	13.4176283029	0	0	0	0	0	0	0	0	0	0	0	0	0	0	0	0	0	0	0	301.9457474610	545.0479234690	0	0	0	0	0	0	49.6439984298	29.9878264666	0	0	0	0	132.5395536383	75.3083382659	0	0	0	347.6359738413	194.6006432178	0	0	0	0	0	0	0	1343.6442951824	0	0	0	0	0	0	0	0	0	0	0	0	0	0	0	0	0	476.3776990222	0	0	0	0	0	0	0	0	0	0	0	0	0	0	0	0	0	0	0	0	0	0	0	0	327.6048077418	0	0	0	0	0	0	0	0	0	0	0	0	0	0	0	0	0	0	0	0	0	0
PWY-7237: myo-, chiro- and scyllo-inositol degradation	0	0	0	0	156.9435816175	0	0	0	0	0	0	0	0	67.3815000803	0	0	0	0	0	38.0424004480	0	0	0	0	0	0	0	85.6305806110	0	0	344.9553857506	0	0	0	0	0	0	0	0	0	0	0	0	0	167.2496836826	0	0	280.7613422517	0	0	722.6627492568	304.6297216693	597.6197824211	0	0	1064.9917314921	0	0	0	0	0	0	0	0	0	0	0	0	0	512.3048168409	405.3192205840	0	0	0	0	0	0	0	1348.4292318356	93.6897608116	0	0	0	221.9710439416	0	0	0	0	232.9694650048	0	0	0	617.3783600973	0	0	0	1664.5640591641	0	0	0	0	0	0	0	22.6968355148	0	0	0	0	23.8865844532	0	0	458.1043416664	0	0	0	0	0	0	0	0	0	0	0	0	0	0	0	0	0	0	0	0	0	0	0	0	0	0	0	0	0	0	0
PWY-7237: myo-, chiro- and scyllo-inositol degradation|unclassified	0	0	0	0	156.9435816175	0	0	0	0	0	0	0	0	67.3815000803	0	0	0	0	0	38.0424004480	0	0	0	0	0	0	0	85.6305806110	0	0	344.9553857506	0	0	0	0	0	0	0	0	0	0	0	0	0	167.2496836826	0	0	280.7613422517	0	0	722.6627492568	304.6297216693	597.6197824211	0	0	0	0	0	0	0	0	0	0	0	0	0	0	0	0	92.6785032377	405.3192205840	0	0	0	0	0	0	0	0	93.6897608116	0	0	0	221.9710439416	0	0	0	0	232.9694650048	0	0	0	617.3783600973	0	0	0	1664.5640591641	0	0	0	0	0	0	0	22.6968355148	0	0	0	0	23.8865844532	0	0	458.1043416664	0	0	0	0	0	0	0	0	0	0	0	0	0	0	0	0	0	0	0	0	0	0	0	0	0	0	0	0	0	0	0
PWY-7238: sucrose biosynthesis II	0	0	0	0	11954.6595753097	0	7103.6736005242	3316.9967347665	0	0	0	0	0	0	0	186.1405723199	109.7286170925	0	0	440.4148920833	0	0	0	0	0	20402.2467940938	0	3068.8815270421	0	967.7332216170	111.9286136856	0	0	0	0	0	247.7626280846	0	3723.1211188485	1270.4980487888	0	0	1581.9951249940	603.2116455551	225.3965071279	0	0	4828.4763238167	0	0	9159.0315553133	6079.4695106725	669.3320381647	0	0	1998.7701045979	3993.1931523285	204.3898077898	24236.0101803573	127.1142190663	26.3758035331	0	1287.7337928515	9699.8806759481	2118.0112597205	225.1395496059	0	29.0045622084	0	4189.0950532243	121084.3930783523	0	0	1459.4657820521	743.0670633053	0	1192.7818535362	0	20057.1631519739	511.0926322817	0	0	0	27126.4011400567	0	1942.6912030755	28621.0786182973	0	1343.3017005242	0	0	0	1012.1826826426	0	0	0	1809.6042950001	0	0	0	0	0	0	0	86.9831602953	0	557.1212360001	0	0	0	8174.4584564792	0	1874.6279915639	0	0	33.4791792649	0	0	0	0	0	6982.3823210396	0	0	0	0	0	0	0	0	0	0	0	0	0	0	0	0	0	0	0	0	0	0
PWY-7238: sucrose biosynthesis II|g__Streptococcus.s__Streptococcus_anginosus_group	0	0	0	0	124.9912257193	0	0	0	0	0	0	0	0	0	0	0	0	0	0	0	0	0	0	0	0	0	0	0	0	0	0	0	0	0	0	0	0	0	0	0	0	0	0	0	0	0	0	0	0	0	0	144.3097750848	0	0	0	70.2296529111	0	0	0	0	0	0	0	0	0	0	0	0	0	161.9469950243	0	0	0	0	0	0	0	0	0	0	0	0	0	0	0	0	0	0	0	0	0	0	0	0	0	0	0	0	0	0	0	0	0	0	0	0	0	0	0	0	0	0	0	0	0	0	0	0	0	0	0	0	0	0	0	0	0	0	0	0	0	0	0	0	0	0	0	0	0	0	0	0	0	0
PWY-7238: sucrose biosynthesis II|g__Streptococcus.s__Streptococcus_milleri	0	0	0	0	920.1822757764	0	0	0	0	0	0	0	0	0	0	0	0	0	0	0	0	0	0	0	0	0	0	0	0	0	0	0	0	0	0	0	0	0	0	0	0	0	0	0	0	0	0	0	0	0	0	692.0326014022	0	0	0	476.7062415445	0	0	0	0	0	0	0	0	0	0	0	0	0	638.7929131589	0	0	0	0	0	0	0	0	0	0	0	0	0	0	0	0	0	0	0	0	0	0	0	0	0	0	0	0	0	0	0	0	0	0	0	0	0	0	0	0	0	0	0	0	0	0	0	0	0	0	0	0	0	0	0	0	0	0	0	0	0	0	0	0	0	0	0	0	0	0	0	0	0	0
PWY-7238: sucrose biosynthesis II|g__Streptococcus.s__Streptococcus_viridans	0	0	0	0	1311.3277265854	0	0	0	0	0	0	0	0	0	0	0	0	0	0	0	0	0	0	0	0	0	0	0	0	0	0	0	0	0	0	0	0	0	0	0	0	0	0	0	0	0	0	0	0	0	0	340.9398253815	0	0	0	220.9558696694	0	0	0	0	0	0	0	0	0	0	0	0	0	671.1544992561	0	0	0	0	0	0	0	0	0	0	0	0	0	0	0	0	0	0	0	0	0	0	0	0	0	0	0	0	0	0	0	0	0	0	0	0	0	0	0	0	0	0	0	0	0	0	0	0	0	0	0	0	0	0	0	0	0	0	0	0	0	0	0	0	0	0	0	0	0	0	0	0	0	0
PWY-7238: sucrose biosynthesis II|unclassified	0	0	0	0	8895.7332541106	0	7103.6736005242	3316.9967347665	0	0	0	0	0	0	0	186.1405723199	109.7286170925	0	0	440.4148920833	0	0	0	0	0	20402.2467940938	0	2909.1827927434	0	967.7332216170	111.9286136856	0	0	0	0	0	247.7626280846	0	3723.1211188485	1270.4980487888	0	0	1581.9951249940	603.2116455551	225.3965071279	0	0	4828.4763238167	0	0	8803.5238635013	1365.7331396340	669.3320381647	0	0	106.7913848362	3993.1931523285	204.3898077898	24236.0101803573	127.1142190663	26.3758035331	0	1287.7337928515	9699.8806759481	2118.0112597205	225.1395496059	0	29.0045622084	0	2343.9690795636	121084.3930783523	0	0	1459.4657820521	743.0670633053	0	1192.7818535362	0	9868.7193666451	511.0926322817	0	0	0	27126.4011400567	0	1942.6912030755	28621.0786182973	0	1343.3017005242	0	0	0	1012.1826826426	0	0	0	1809.6042950001	0	0	0	0	0	0	0	86.9831602953	0	557.1212360001	0	0	0	8174.4584564792	0	1874.6279915639	0	0	33.4791792649	0	0	0	0	0	6292.8906443790	0	0	0	0	0	0	0	0	0	0	0	0	0	0	0	0	0	0	0	0	0	0
PWY-7242: D-fructuronate degradation	0	0	0	0	0	0	0	0	0	0	0	0	0	0	0	116.3403666203	0	0	0	0	0	0	0	0	0	0	0	0	0	0	16.6617186022	0	0	0	0	0	0	0	0	0	0	0	0	25.5074243105	0	0	0	0	0	0	0	0	0	0	0	0	0	0	0	0	0	0	0	0	95.6206201080	0	0	0	0	114.5995311712	0	0	0	0	286.6415802692	0	0	0	382.9523023097	158.5041665812	0	0	0	0	0	0	0	0	0	0	0	0	0	0	0	0	495.7800262644	0	0	0	0	0	0	0	54.1794292245	0	0	0	0	0	0	0	0	0	0	0	0	0	0	0	0	389.8459294071	0	0	0	0	0	0	0	0	0	0	0	0	0	0	0	0	0	0	0	0	0	0
PWY-7242: D-fructuronate degradation|unclassified	0	0	0	0	0	0	0	0	0	0	0	0	0	0	0	116.3403666203	0	0	0	0	0	0	0	0	0	0	0	0	0	0	16.6617186022	0	0	0	0	0	0	0	0	0	0	0	0	25.5074243105	0	0	0	0	0	0	0	0	0	0	0	0	0	0	0	0	0	0	0	0	95.6206201080	0	0	0	0	0	0	0	0	0	286.6415802692	0	0	0	89.1431511571	158.5041665812	0	0	0	0	0	0	0	0	0	0	0	0	0	0	0	0	495.7800262644	0	0	0	0	0	0	0	54.1794292245	0	0	0	0	0	0	0	0	0	0	0	0	0	0	0	0	295.4688762188	0	0	0	0	0	0	0	0	0	0	0	0	0	0	0	0	0	0	0	0	0	0
PWY-724: superpathway of L-lysine, L-threonine and L-methionine biosynthesis II	0	0	0	0	0	0	0	0	0	0	0	0	0	0	0	0	0	0	0	0	0	0	0	0	0	0	0	1941.9198846710	0	0	59.4979834195	0	0	0	0	0	0	159.3100645290	0	0	0	0	253.9535851824	0	0	0	0	669.5405969492	0	0	0	0	0	0	0	0	0	0	2168.6257219736	0	0	0	0	727.6802500873	417.8872561406	74.1771510141	0	0	0	134.1357583838	200.9822296116	0	0	0	644.6374058797	0	0	0	2183.3098913897	1223.5714068771	0	0	0	0	0	0	0	0	0	0	0	0	0	0	0	0	1029.9034568685	0	0	0	0	0	0	0	155.1212421814	0	0	0	0	0	0	0	226.9881673858	0	0	141.0043122213	0	0	0	0	0	1028.0886556109	0	0	0	0	0	0	0	0	0	0	0	0	0	0	0	0	0	0	0	0	0	0
PWY-724: superpathway of L-lysine, L-threonine and L-methionine biosynthesis II|unclassified	0	0	0	0	0	0	0	0	0	0	0	0	0	0	0	0	0	0	0	0	0	0	0	0	0	0	0	1380.4715923456	0	0	59.4979834195	0	0	0	0	0	0	159.3100645290	0	0	0	0	253.9535851824	0	0	0	0	658.5202721493	0	0	0	0	0	0	0	0	0	0	2168.6257219736	0	0	0	0	727.6802500873	417.8872561406	74.1771510141	0	0	0	132.5797988664	200.9822296116	0	0	0	644.6374058797	0	0	0	2183.3098913897	1210.1949113966	0	0	0	0	0	0	0	0	0	0	0	0	0	0	0	0	1029.9034568685	0	0	0	0	0	0	0	155.1212421814	0	0	0	0	0	0	0	226.9881673858	0	0	106.6231091906	0	0	0	0	0	1019.7101741810	0	0	0	0	0	0	0	0	0	0	0	0	0	0	0	0	0	0	0	0	0	0
PWY-7254: TCA cycle VII (acetate-producers)	0	0	0	0	0	0	0	0	0	0	0	0	0	0	0	0	0	0	0	0	0	0	0	0	0	0	0	0	0	0	0	0	0	0	0	0	0	0	0	0	0	0	0	65.4200139232	0	0	0	0	0	0	0	228.7679935717	0	0	0	0	0	0	0	0	0	0	0	0	0	0	0	0	0	0	0	0	0	0	0	0	0	0	0	0	0	0	0	0	0	0	0	0	0	0	0	0	0	0	0	0	0	0	0	0	0	0	0	0	0	0	0	0	0	0	0	0	0	0	0	0	0	0	0	0	0	0	0	0	0	0	0	0	0	0	0	0	0	0	0	0	0	0	0	0	0	0	0	0
PWY-7254: TCA cycle VII (acetate-producers)|unclassified	0	0	0	0	0	0	0	0	0	0	0	0	0	0	0	0	0	0	0	0	0	0	0	0	0	0	0	0	0	0	0	0	0	0	0	0	0	0	0	0	0	0	0	65.4200139232	0	0	0	0	0	0	0	228.7679935717	0	0	0	0	0	0	0	0	0	0	0	0	0	0	0	0	0	0	0	0	0	0	0	0	0	0	0	0	0	0	0	0	0	0	0	0	0	0	0	0	0	0	0	0	0	0	0	0	0	0	0	0	0	0	0	0	0	0	0	0	0	0	0	0	0	0	0	0	0	0	0	0	0	0	0	0	0	0	0	0	0	0	0	0	0	0	0	0	0	0	0	0
PWY-7269: mitochondrial NADPH production (yeast)	0	0	0	0	0	0	0	0	0	0	0	0	0	0	0	0	0	0	0	0	0	0	0	0	0	0	0	0	0	0	0	0	0	0	0	0	0	0	0	0	0	0	0	0	0	0	0	0	0	0	0	0	0	0	0	0	0	0	0	0	0	0	0	0	0	0	0	0	0	0	0	0	0	0	0	0	0	0	0	0	0	0	0	0	0	0	0	0	0	0	0	0	0	0	0	0	123.0460988831	0	0	0	0	0	0	0	0	0	0	0	0	0	0	0	0	0	0	0	0	0	0	0	0	0	0	0	0	0	0	0	0	0	0	0	0	0	0	0	0	0	0	0	0	0	0	0
PWY-7269: mitochondrial NADPH production (yeast)|unclassified	0	0	0	0	0	0	0	0	0	0	0	0	0	0	0	0	0	0	0	0	0	0	0	0	0	0	0	0	0	0	0	0	0	0	0	0	0	0	0	0	0	0	0	0	0	0	0	0	0	0	0	0	0	0	0	0	0	0	0	0	0	0	0	0	0	0	0	0	0	0	0	0	0	0	0	0	0	0	0	0	0	0	0	0	0	0	0	0	0	0	0	0	0	0	0	0	123.0460988831	0	0	0	0	0	0	0	0	0	0	0	0	0	0	0	0	0	0	0	0	0	0	0	0	0	0	0	0	0	0	0	0	0	0	0	0	0	0	0	0	0	0	0	0	0	0	0
PWY-7279: aerobic respiration II (cytochrome c) (yeast)	0	75.9130968372	0	0	0	0	0	0	0	0	0	0	0	0	0	38.1518255917	0	0	0	0	0	0	0	0	0	0	0	0	0	0	0	0	0	0	0	0	0	0	0	0	26.2521100381	0	0	24.7930810613	0	0	0	0	0	0	0	16.3573730836	0	0	0	0	0	0	0	0	0	0	0	0	0	0	0	0	0	0	0	0	0	0	0	0	0	0	0	0	0	0	0	0	0	0	0	0	0	0	0	0	0	0	0	0	48.4454307636	0	0	0	53.4616735052	0	0	0	26.9852790007	0	0	0	0	0	0	0	0	0	0	0	0	0	0	0	0	0	0	0	0	0	0	0	0	0	0	0	0	0	0	0	0	0	0	0	0	0	0	0
PWY-7279: aerobic respiration II (cytochrome c) (yeast)|unclassified	0	75.9130968372	0	0	0	0	0	0	0	0	0	0	0	0	0	38.1518255917	0	0	0	0	0	0	0	0	0	0	0	0	0	0	0	0	0	0	0	0	0	0	0	0	26.2521100381	0	0	24.7930810613	0	0	0	0	0	0	0	16.3573730836	0	0	0	0	0	0	0	0	0	0	0	0	0	0	0	0	0	0	0	0	0	0	0	0	0	0	0	0	0	0	0	0	0	0	0	0	0	0	0	0	0	0	0	0	48.4454307636	0	0	0	53.4616735052	0	0	0	26.9852790007	0	0	0	0	0	0	0	0	0	0	0	0	0	0	0	0	0	0	0	0	0	0	0	0	0	0	0	0	0	0	0	0	0	0	0	0	0	0	0
PWY-7282: 4-amino-2-methyl-5-diphosphomethylpyrimidine biosynthesis II	0	0	0	0	42.0705300592	0	0	0	0	0	0	0	0	0	0	0	0	0	0	0	0	0	0	0	0	401.1485415024	0	0	0	16.0358959300	21.3083645368	0	56.7299100353	0	0	0	0	190.1448836075	0	0	0	0	0	0	0	0	0	262.2647375566	0	0	375.4149123205	0	0	0	0	0	0	0	0	0	0	0	0	0	300.9596173874	0	0	0	0	83.9212072775	836.3392756634	0	0	0	0	0	0	0	180.0729208416	0	0	0	0	173.6325543959	0	0	0	0	0	0	0	0	0	0	0	0	721.5232949256	0	0	0	0	0	0	0	18.7737994707	0	0	0	0	0	0	0	0	0	0	0	0	0	0	0	0	0	0	0	0	0	0	0	0	0	0	0	0	0	0	0	0	0	0	0	0	0	0	0
PWY-7282: 4-amino-2-methyl-5-diphosphomethylpyrimidine biosynthesis II|unclassified	0	0	0	0	42.0705300592	0	0	0	0	0	0	0	0	0	0	0	0	0	0	0	0	0	0	0	0	401.1485415024	0	0	0	16.0358959300	21.3083645368	0	56.7299100353	0	0	0	0	190.1448836075	0	0	0	0	0	0	0	0	0	262.2647375566	0	0	375.4149123205	0	0	0	0	0	0	0	0	0	0	0	0	0	300.9596173874	0	0	0	0	83.9212072775	836.3392756634	0	0	0	0	0	0	0	180.0729208416	0	0	0	0	173.6325543959	0	0	0	0	0	0	0	0	0	0	0	0	721.5232949256	0	0	0	0	0	0	0	18.7737994707	0	0	0	0	0	0	0	0	0	0	0	0	0	0	0	0	0	0	0	0	0	0	0	0	0	0	0	0	0	0	0	0	0	0	0	0	0	0	0
PWY-7315: dTDP-N-acetylthomosamine biosynthesis	0	0	0	0	0	0	0	0	0	0	0	0	0	0	0	0	0	0	0	0	0	0	0	0	0	0	0	0	0	0	0	0	0	0	0	0	0	223.7899647531	0	0	0	0	0	0	0	0	0	0	0	0	0	0	0	0	0	0	0	0	0	0	0	0	0	0	0	0	0	0	0	0	0	0	0	0	0	0	0	0	0	0	0	0	0	0	0	0	0	0	0	0	0	0	0	0	0	0	487.6200580577	0	0	0	0	0	0	0	47.6844655221	0	0	0	0	0	0	0	0	0	0	0	0	0	0	0	0	0	0	0	0	0	0	0	0	0	0	0	0	0	0	0	0	0	0	0	0	0	0	0
PWY-7315: dTDP-N-acetylthomosamine biosynthesis|unclassified	0	0	0	0	0	0	0	0	0	0	0	0	0	0	0	0	0	0	0	0	0	0	0	0	0	0	0	0	0	0	0	0	0	0	0	0	0	223.7899647531	0	0	0	0	0	0	0	0	0	0	0	0	0	0	0	0	0	0	0	0	0	0	0	0	0	0	0	0	0	0	0	0	0	0	0	0	0	0	0	0	0	0	0	0	0	0	0	0	0	0	0	0	0	0	0	0	0	0	487.6200580577	0	0	0	0	0	0	0	47.6844655221	0	0	0	0	0	0	0	0	0	0	0	0	0	0	0	0	0	0	0	0	0	0	0	0	0	0	0	0	0	0	0	0	0	0	0	0	0	0	0
PWY-7316: dTDP-N-acetylviosamine biosynthesis	0	0	0	0	0	0	0	0	0	0	0	0	0	0	0	0	0	0	0	0	0	0	0	0	0	0	0	0	0	0	0	0	0	0	0	0	0	226.6095390052	0	0	0	0	0	0	0	0	0	0	0	0	0	0	0	0	0	0	0	0	0	0	0	0	0	0	0	0	0	0	0	0	0	0	0	0	0	0	0	0	0	0	0	0	0	0	0	0	0	0	0	0	0	0	0	0	0	0	0	0	0	0	0	0	0	0	0	0	0	0	0	0	0	0	0	0	0	0	0	0	0	0	0	0	0	0	0	0	0	0	0	0	0	0	0	0	0	0	0	0	0	0	0	0	0	0
PWY-7316: dTDP-N-acetylviosamine biosynthesis|unclassified	0	0	0	0	0	0	0	0	0	0	0	0	0	0	0	0	0	0	0	0	0	0	0	0	0	0	0	0	0	0	0	0	0	0	0	0	0	226.6095390052	0	0	0	0	0	0	0	0	0	0	0	0	0	0	0	0	0	0	0	0	0	0	0	0	0	0	0	0	0	0	0	0	0	0	0	0	0	0	0	0	0	0	0	0	0	0	0	0	0	0	0	0	0	0	0	0	0	0	0	0	0	0	0	0	0	0	0	0	0	0	0	0	0	0	0	0	0	0	0	0	0	0	0	0	0	0	0	0	0	0	0	0	0	0	0	0	0	0	0	0	0	0	0	0	0	0
PWY-7323: superpathway of GDP-mannose-derived O-antigen building blocks biosynthesis	0	0	0	0	0	0	0	0	0	0	0	0	0	0	0	0	0	0	0	0	0	0	0	0	0	0	0	0	0	0	47.1913157066	0	0	0	0	0	0	0	0	0	0	0	0	0	0	0	0	0	0	0	0	0	0	0	0	0	0	0	87.2892845628	0	0	0	0	0	0	0	0	0	0	111.7977941982	0	0	0	0	0	0	0	0	0	0	0	0	0	0	0	0	0	0	0	0	0	0	0	0	0	0	677.4062279491	0	0	0	0	0	0	0	48.1260356219	0	0	0	0	0	0	0	0	0	0	0	0	0	0	0	0	0	0	0	0	0	0	0	0	0	0	0	0	0	0	0	0	0	0	0	0	0	0	0
PWY-7323: superpathway of GDP-mannose-derived O-antigen building blocks biosynthesis|unclassified	0	0	0	0	0	0	0	0	0	0	0	0	0	0	0	0	0	0	0	0	0	0	0	0	0	0	0	0	0	0	47.1913157066	0	0	0	0	0	0	0	0	0	0	0	0	0	0	0	0	0	0	0	0	0	0	0	0	0	0	0	87.2892845628	0	0	0	0	0	0	0	0	0	0	109.6574788952	0	0	0	0	0	0	0	0	0	0	0	0	0	0	0	0	0	0	0	0	0	0	0	0	0	0	677.4062279491	0	0	0	0	0	0	0	48.1260356219	0	0	0	0	0	0	0	0	0	0	0	0	0	0	0	0	0	0	0	0	0	0	0	0	0	0	0	0	0	0	0	0	0	0	0	0	0	0	0
PWY-7328: superpathway of UDP-glucose-derived O-antigen building blocks biosynthesis	0	0	0	0	246.1732042200	0	0	0	0	0	0	0	0	0	0	0	0	0	0	87.9890977100	0	0	0	0	0	85.9527415260	0	274.7865367840	0	139.5795835771	0	0	0	0	0	0	0	84.2544402810	0	0	0	0	0	0	0	0	0	599.0915181078	0	0	983.4255036720	700.8833176667	0	0	0	0	0	0	269.6826770454	0	0	0	0	197.4807500246	270.6208170581	79.0056599569	0	0	0	440.2048593006	493.7325438293	0	0	159.2082370170	0	0	0	0	4488.9692597968	1081.1198580849	0	0	0	0	0	0	0	0	0	0	0	0	143.9849906845	0	0	0	0	0	0	0	0	0	0	0	0	0	0	0	0	0	0	0	0	0	0	197.7906034940	0	0	0	0	0	2540.0454856288	0	0	0	0	0	0	0	0	0	0	0	0	0	0	0	0	0	0	0	0	0	0
PWY-7328: superpathway of UDP-glucose-derived O-antigen building blocks biosynthesis|unclassified	0	0	0	0	246.1732042200	0	0	0	0	0	0	0	0	0	0	0	0	0	0	87.9890977100	0	0	0	0	0	85.9527415260	0	274.7865367840	0	139.5795835771	0	0	0	0	0	0	0	84.2544402810	0	0	0	0	0	0	0	0	0	599.0915181078	0	0	983.4255036720	700.8833176667	0	0	0	0	0	0	269.6826770454	0	0	0	0	197.4807500246	270.6208170581	79.0056599569	0	0	0	440.2048593006	493.7325438293	0	0	159.2082370170	0	0	0	0	4488.9692597968	799.2488215937	0	0	0	0	0	0	0	0	0	0	0	0	143.9849906845	0	0	0	0	0	0	0	0	0	0	0	0	0	0	0	0	0	0	0	0	0	0	197.7906034940	0	0	0	0	0	2279.8355648000	0	0	0	0	0	0	0	0	0	0	0	0	0	0	0	0	0	0	0	0	0	0
PWY-7345: superpathway of anaerobic sucrose degradation	0	0	0	0	1019.2541036692	0	0	0	0	0	0	0	0	0	0	0	0	0	0	0	0	0	0	0	0	427.4841838078	0	0	0	0	224.8179230375	0	0	0	0	0	0	0	0	0	0	0	0	0	0	0	0	0	0	0	0	0	0	0	0	0	0	0	183.6349138322	0	0	0	0	0	0	0	0	0	0	0	1767.3322966215	0	0	0	0	0	0	0	241.7341502634	602.9756987065	0	0	0	0	0	0	0	0	0	0	0	0	0	0	0	0	1041.1363381710	0	0	0	0	0	0	0	157.0162078026	0	0	0	0	0	0	0	0	0	0	243.7299794035	0	0	0	0	0	2319.7286746850	0	0	0	0	0	0	0	0	0	0	0	0	0	0	0	0	0	0	0	0	0	0
PWY-7345: superpathway of anaerobic sucrose degradation|unclassified	0	0	0	0	1019.2541036692	0	0	0	0	0	0	0	0	0	0	0	0	0	0	0	0	0	0	0	0	427.0348476790	0	0	0	0	224.8179230375	0	0	0	0	0	0	0	0	0	0	0	0	0	0	0	0	0	0	0	0	0	0	0	0	0	0	0	183.6349138322	0	0	0	0	0	0	0	0	0	0	0	1767.3322966215	0	0	0	0	0	0	0	241.7341502634	596.2329599037	0	0	0	0	0	0	0	0	0	0	0	0	0	0	0	0	1041.1363381710	0	0	0	0	0	0	0	157.0162078026	0	0	0	0	0	0	0	0	0	0	238.8134630302	0	0	0	0	0	2159.3437731474	0	0	0	0	0	0	0	0	0	0	0	0	0	0	0	0	0	0	0	0	0	0
PWY-7356: thiamine diphosphate salvage IV (yeast)	0	0	0	0	583.1753538599	0	0	0	0	0	0	0	0	0	0	0	0	0	0	0	0	0	0	0	0	995.9442846531	0	0	0	126.1615099149	0	0	0	0	0	0	0	0	0	0	0	0	0	0	0	0	0	0	0	0	18.8118810528	194.3710485020	0	0	0	0	0	0	631.2107651569	0	0	0	0	0	18.8466159782	0	0	0	0	0	8966.0148216659	0	0	33.4134686450	35.0458406762	0	0	0	0	0	0	0	0	3033.7937877269	0	0	758.0464670753	0	0	0	0	0	0	0	0	0	0	0	0	0	0	0	0	0	0	0	0	0	0	0	0	0	0	0	0	0	0	0	0	0	0	0	0	0	0	0	0	0	0	0	0	0	0	0	0	0	0	0	0	0	0	0	0	0
PWY-7356: thiamine diphosphate salvage IV (yeast)|unclassified	0	0	0	0	583.1753538599	0	0	0	0	0	0	0	0	0	0	0	0	0	0	0	0	0	0	0	0	995.9442846531	0	0	0	126.1615099149	0	0	0	0	0	0	0	0	0	0	0	0	0	0	0	0	0	0	0	0	18.8118810528	194.3710485020	0	0	0	0	0	0	631.2107651569	0	0	0	0	0	18.8466159782	0	0	0	0	0	8966.0148216659	0	0	33.4134686450	35.0458406762	0	0	0	0	0	0	0	0	3033.7937877269	0	0	758.0464670753	0	0	0	0	0	0	0	0	0	0	0	0	0	0	0	0	0	0	0	0	0	0	0	0	0	0	0	0	0	0	0	0	0	0	0	0	0	0	0	0	0	0	0	0	0	0	0	0	0	0	0	0	0	0	0	0	0
PWY-7357: thiamine phosphate formation from pyrithiamine and oxythiamine (yeast)	0	0	0	0	646.9092894077	0	0	0	0	0	0	0	0	0	0	0	0	0	0	0	0	0	0	0	0	509.8586247399	0	0	0	106.3902799256	23.1181343153	0	85.7224871138	0	0	0	0	131.6595832446	0	17.4964080907	0	0	32.8274507167	19.7125615349	0	0	0	831.3220371010	0	0	72.7064557606	602.0797490613	0	0	0	0	0	0	615.7758889811	33.0675404409	250.4048580236	0	0	4.7089424227	403.1323882527	0	0	0	0	234.8165709309	5105.1964699130	0	0	39.9330108704	87.2612220396	0	0	0	321.3688419012	164.2085184902	0	0	0	3515.1355202991	0	0	165.3818553709	0	0	0	0	0	0	0	0	0	395.2123779462	0	0	0	0	0	0	0	0	0	0	0	0	0	0	0	0	0	0	0	0	0	0	0	0	48.9842148424	0	0	0	0	0	0	0	0	0	0	0	0	0	0	0	0	0	0	0	0	0	0
PWY-7357: thiamine phosphate formation from pyrithiamine and oxythiamine (yeast)|unclassified	0	0	0	0	646.9092894077	0	0	0	0	0	0	0	0	0	0	0	0	0	0	0	0	0	0	0	0	509.8586247399	0	0	0	106.3902799256	23.1181343153	0	85.7224871138	0	0	0	0	131.6595832446	0	17.4964080907	0	0	32.8274507167	19.7125615349	0	0	0	831.3220371010	0	0	72.7064557606	602.0797490613	0	0	0	0	0	0	615.7758889811	33.0675404409	250.4048580236	0	0	4.7089424227	403.1323882527	0	0	0	0	234.8165709309	5105.1964699130	0	0	39.9330108704	87.2612220396	0	0	0	321.3688419012	164.2085184902	0	0	0	3515.1355202991	0	0	165.3818553709	0	0	0	0	0	0	0	0	0	395.2123779462	0	0	0	0	0	0	0	0	0	0	0	0	0	0	0	0	0	0	0	0	0	0	0	0	48.8736063271	0	0	0	0	0	0	0	0	0	0	0	0	0	0	0	0	0	0	0	0	0	0
PWY-7383: anaerobic energy metabolism (invertebrates, cytosol)	0	0	0	0	0	0	0	0	0	0	0	0	0	0	0	0	0	0	0	0	0	0	0	0	0	296.8610280147	0	0	0	0	0	0	0	0	0	0	0	0	0	0	0	0	0	123.9184096957	0	0	0	0	0	0	0	0	160.2557858210	0	0	0	0	0	0	0	0	0	0	93.4463458087	0	0	0	0	0	231.3823556354	0	0	0	0	0	0	0	0	0	0	0	0	0	0	0	0	0	0	0	0	0	0	0	0	0	0	84.1337925246	0	0	0	0	0	0	0	0	0	0	0	0	0	0	0	0	0	0	0	0	0	0	0	0	0	0	0	0	0	0	0	0	0	0	0	0	0	0	0	0	0	0	0	0	0	0	0
PWY-7383: anaerobic energy metabolism (invertebrates, cytosol)|unclassified	0	0	0	0	0	0	0	0	0	0	0	0	0	0	0	0	0	0	0	0	0	0	0	0	0	296.8610280147	0	0	0	0	0	0	0	0	0	0	0	0	0	0	0	0	0	123.9184096957	0	0	0	0	0	0	0	0	160.2557858210	0	0	0	0	0	0	0	0	0	0	93.4463458087	0	0	0	0	0	229.7549246721	0	0	0	0	0	0	0	0	0	0	0	0	0	0	0	0	0	0	0	0	0	0	0	0	0	0	84.1337925246	0	0	0	0	0	0	0	0	0	0	0	0	0	0	0	0	0	0	0	0	0	0	0	0	0	0	0	0	0	0	0	0	0	0	0	0	0	0	0	0	0	0	0	0	0	0	0
PWY-7388: octanoyl-[acyl-carrier protein] biosynthesis (mitochondria, yeast)	0	0	0	0	0	0	0	0	0	0	45.3535784146	0	0	0	0	0	0	0	0	0	0	0	0	0	0	0	0	0	0	111.8086952576	14.7275550389	0	0	0	0	0	0	0	0	0	0	0	0	0	0	0	0	0	0	0	0	67.6779892759	0	0	0	0	0	0	0	0	0	0	0	0	0	0	0	0	0	0	0	0	0	0	0	0	0	0	0	0	0	0	0	0	0	0	0	0	0	0	0	0	186.6466477387	0	0	0	218.6409296017	0	0	0	0	0	0	0	0	0	0	0	0	0	0	0	0	0	0	0	0	0	0	0	0	0	0	0	0	0	0	0	0	0	0	0	0	0	0	0	0	0	0	0	0	0	0	0
PWY-7388: octanoyl-[acyl-carrier protein] biosynthesis (mitochondria, yeast)|unclassified	0	0	0	0	0	0	0	0	0	0	45.3535784146	0	0	0	0	0	0	0	0	0	0	0	0	0	0	0	0	0	0	111.8086952576	14.7275550389	0	0	0	0	0	0	0	0	0	0	0	0	0	0	0	0	0	0	0	0	67.6779892759	0	0	0	0	0	0	0	0	0	0	0	0	0	0	0	0	0	0	0	0	0	0	0	0	0	0	0	0	0	0	0	0	0	0	0	0	0	0	0	0	186.6466477387	0	0	0	218.6409296017	0	0	0	0	0	0	0	0	0	0	0	0	0	0	0	0	0	0	0	0	0	0	0	0	0	0	0	0	0	0	0	0	0	0	0	0	0	0	0	0	0	0	0	0	0	0	0
PWY-7391: isoprene biosynthesis II (engineered)	0	0	0	0	0	0	0	0	0	0	0	0	0	0	0	0	0	0	0	0	0	0	0	0	0	0	0	0	0	0	0	0	0	0	0	0	0	0	0	0	0	0	0	0	0	0	0	0	0	0	153.9291929690	0	0	0	0	0	0	0	0	0	0	0	0	0	0	0	0	0	0	0	0	0	0	0	0	0	0	0	0	0	0	0	0	0	0	0	0	0	0	0	0	0	0	0	0	0	0	0	0	0	0	0	0	0	0	0	0	0	0	0	0	0	0	0	0	0	0	0	0	0	0	0	0	0	0	0	0	0	0	0	0	0	0	0	0	0	0	0	0	0	0	0	0	0
PWY-7391: isoprene biosynthesis II (engineered)|unclassified	0	0	0	0	0	0	0	0	0	0	0	0	0	0	0	0	0	0	0	0	0	0	0	0	0	0	0	0	0	0	0	0	0	0	0	0	0	0	0	0	0	0	0	0	0	0	0	0	0	0	153.9291929690	0	0	0	0	0	0	0	0	0	0	0	0	0	0	0	0	0	0	0	0	0	0	0	0	0	0	0	0	0	0	0	0	0	0	0	0	0	0	0	0	0	0	0	0	0	0	0	0	0	0	0	0	0	0	0	0	0	0	0	0	0	0	0	0	0	0	0	0	0	0	0	0	0	0	0	0	0	0	0	0	0	0	0	0	0	0	0	0	0	0	0	0	0
PWY-7392: taxadiene biosynthesis (engineered)	0	0	0	0	0	0	0	0	0	0	0	0	0	0	0	0	0	0	0	0	0	0	0	0	0	0	0	0	0	0	0	0	0	0	0	0	0	0	0	0	0	0	0	0	0	0	0	687.2119246143	0	0	0	195.4383725043	0	0	0	0	0	0	0	0	0	0	0	0	0	0	0	0	0	558.4201941404	115.0284831685	0	0	0	0	0	0	0	786.9901190228	0	0	0	0	0	0	0	0	0	0	0	0	0	0	0	0	0	0	0	0	0	0	0	0	0	0	0	0	0	0	0	0	0	0	0	0	0	0	0	0	0	0	180.2723225302	0	0	0	0	0	0	0	0	0	0	0	0	0	0	0	0	0	0	0	0	0	0
PWY-7392: taxadiene biosynthesis (engineered)|unclassified	0	0	0	0	0	0	0	0	0	0	0	0	0	0	0	0	0	0	0	0	0	0	0	0	0	0	0	0	0	0	0	0	0	0	0	0	0	0	0	0	0	0	0	0	0	0	0	687.2119246143	0	0	0	194.5502682988	0	0	0	0	0	0	0	0	0	0	0	0	0	0	0	0	0	534.6963100237	115.0284831685	0	0	0	0	0	0	0	786.9901190228	0	0	0	0	0	0	0	0	0	0	0	0	0	0	0	0	0	0	0	0	0	0	0	0	0	0	0	0	0	0	0	0	0	0	0	0	0	0	0	0	0	0	179.1923443236	0	0	0	0	0	0	0	0	0	0	0	0	0	0	0	0	0	0	0	0	0	0
PWY-7400: L-arginine biosynthesis IV (archaebacteria)	0	0	0	0	0	0	0	0	0	0	0	0	0	0	0	0	0	0	0	0	0	0	0	0	0	0	0	0	0	0	34.8072577793	0	0	0	0	0	0	272.1149034984	0	0	0	0	0	0	0	0	0	0	0	0	0	0	0	0	0	0	0	0	0	0	0	0	0	0	0	0	0	0	0	0	0	0	0	0	0	0	0	0	0	0	0	0	0	0	0	0	0	0	0	0	0	0	0	0	0	0	1223.1829853082	0	0	0	0	0	0	0	0	0	0	0	0	0	0	0	0	0	0	0	0	0	0	0	0	0	0	0	0	0	0	0	0	0	0	0	0	0	0	0	0	0	0	0	0	0	0	0
PWY-7400: L-arginine biosynthesis IV (archaebacteria)|unclassified	0	0	0	0	0	0	0	0	0	0	0	0	0	0	0	0	0	0	0	0	0	0	0	0	0	0	0	0	0	0	34.8072577793	0	0	0	0	0	0	272.1149034984	0	0	0	0	0	0	0	0	0	0	0	0	0	0	0	0	0	0	0	0	0	0	0	0	0	0	0	0	0	0	0	0	0	0	0	0	0	0	0	0	0	0	0	0	0	0	0	0	0	0	0	0	0	0	0	0	0	0	1223.1829853082	0	0	0	0	0	0	0	0	0	0	0	0	0	0	0	0	0	0	0	0	0	0	0	0	0	0	0	0	0	0	0	0	0	0	0	0	0	0	0	0	0	0	0	0	0	0	0
PWY-7409: phospholipid remodeling (phosphatidylethanolamine, yeast)	0	0	0	0	0	0	0	0	0	0	0	0	0	0	0	0	0	0	0	0	0	0	0	0	0	0	0	0	0	0	0	0	0	0	0	0	0	0	0	0	0	0	0	0	0	0	0	0	0	0	0	0	0	0	0	0	0	0	0	0	0	0	0	0	0	0	0	0	0	0	0	0	0	0	0	0	0	0	0	0	0	0	0	0	0	0	0	0	0	0	0	0	0	0	0	0	69.2389863481	0	0	0	0	0	0	0	0	0	0	0	0	0	0	0	0	0	0	0	0	0	0	0	0	0	0	0	0	0	0	0	0	0	0	0	0	0	0	0	0	0	0	0	0	0	0	0
PWY-7409: phospholipid remodeling (phosphatidylethanolamine, yeast)|unclassified	0	0	0	0	0	0	0	0	0	0	0	0	0	0	0	0	0	0	0	0	0	0	0	0	0	0	0	0	0	0	0	0	0	0	0	0	0	0	0	0	0	0	0	0	0	0	0	0	0	0	0	0	0	0	0	0	0	0	0	0	0	0	0	0	0	0	0	0	0	0	0	0	0	0	0	0	0	0	0	0	0	0	0	0	0	0	0	0	0	0	0	0	0	0	0	0	69.2389863481	0	0	0	0	0	0	0	0	0	0	0	0	0	0	0	0	0	0	0	0	0	0	0	0	0	0	0	0	0	0	0	0	0	0	0	0	0	0	0	0	0	0	0	0	0	0	0
PWY-7434: terminal O-glycans residues modification (via type 2 precursor disaccharide)	0	7.1904773642	0	0	68.9002817538	0	0	0	0	0	0	0	0	0	0	15.4076572395	0	0	0	0	0	0	0	0	0	59.0823090157	0	0	0	0	0	0	0	0	0	0	0	0	0	0	0	0	0	0	0	0	0	11.7172571369	0	0	0	4.9043711534	8.6753200199	0	0	0	0	0	0	0	0	0	5.1654045575	0	0	0	0	0	0	0	34.5831459832	0	0	0	4.6643332448	0	0	0	0	0	0	0	0	94.5894138658	0	0	0	0	0	0	0	0	0	0	0	0	0	0	0	0	0	0	0	0	0	0	0	0	0	0	0	0	0	0	0	0	0	0	0	0	0	57.9380192599	0	0	0	0	0	0	0	0	0	0	0	0	0	0	0	0	0	0	0	0	0	0
PWY-7434: terminal O-glycans residues modification (via type 2 precursor disaccharide)|unclassified	0	7.1904773642	0	0	68.9002817538	0	0	0	0	0	0	0	0	0	0	15.4076572395	0	0	0	0	0	0	0	0	0	59.0823090157	0	0	0	0	0	0	0	0	0	0	0	0	0	0	0	0	0	0	0	0	0	11.7172571369	0	0	0	4.9043711534	8.6753200199	0	0	0	0	0	0	0	0	0	5.1654045575	0	0	0	0	0	0	0	34.5831459832	0	0	0	4.6643332448	0	0	0	0	0	0	0	0	94.5894138658	0	0	0	0	0	0	0	0	0	0	0	0	0	0	0	0	0	0	0	0	0	0	0	0	0	0	0	0	0	0	0	0	0	0	0	0	0	57.9380192599	0	0	0	0	0	0	0	0	0	0	0	0	0	0	0	0	0	0	0	0	0	0
PWY-7446: sulfoquinovose degradation I	0	0	0	0	0	0	0	0	0	0	0	0	0	0	0	0	0	0	0	0	0	0	0	0	0	0	0	0	0	0	0	0	0	0	0	0	0	0	0	0	0	0	0	0	0	0	0	0	0	0	0	0	0	0	0	0	0	0	0	0	0	0	0	0	0	0	0	0	0	0	0	0	0	0	0	0	0	0	0	0	0	0	0	0	0	0	0	0	0	0	0	0	0	0	0	0	105.0569800126	0	0	0	0	0	0	0	0	0	0	0	0	0	0	0	0	0	0	0	0	0	0	0	0	0	0	0	0	0	0	0	0	0	0	0	0	0	0	0	0	0	0	0	0	0	0	0
PWY-7446: sulfoquinovose degradation I|unclassified	0	0	0	0	0	0	0	0	0	0	0	0	0	0	0	0	0	0	0	0	0	0	0	0	0	0	0	0	0	0	0	0	0	0	0	0	0	0	0	0	0	0	0	0	0	0	0	0	0	0	0	0	0	0	0	0	0	0	0	0	0	0	0	0	0	0	0	0	0	0	0	0	0	0	0	0	0	0	0	0	0	0	0	0	0	0	0	0	0	0	0	0	0	0	0	0	105.0569800126	0	0	0	0	0	0	0	0	0	0	0	0	0	0	0	0	0	0	0	0	0	0	0	0	0	0	0	0	0	0	0	0	0	0	0	0	0	0	0	0	0	0	0	0	0	0	0
PWY-7456: &beta;-(1,4)-mannan degradation	0	0	0	0	0	0	0	0	0	0	0	0	0	0	0	0	0	0	0	0	0	0	0	0	0	0	0	0	0	0	0	0	0	0	0	0	0	0	0	0	0	0	0	0	0	0	0	0	0	0	0	0	0	0	0	0	0	0	0	0	0	0	0	0	0	0	0	0	0	0	0	0	0	0	0	0	0	0	0	0	0	0	0	0	0	0	0	0	0	0	0	0	0	0	0	0	0	0	0	0	0	0	0	0	0	0	0	0	0	0	0	0	0	0	0	0	0	0	0	0	0	154.7469188089	0	0	0	0	0	0	0	0	0	0	0	0	0	0	0	0	0	0	0	0	0	0
PWY-7456: &beta;-(1,4)-mannan degradation|unclassified	0	0	0	0	0	0	0	0	0	0	0	0	0	0	0	0	0	0	0	0	0	0	0	0	0	0	0	0	0	0	0	0	0	0	0	0	0	0	0	0	0	0	0	0	0	0	0	0	0	0	0	0	0	0	0	0	0	0	0	0	0	0	0	0	0	0	0	0	0	0	0	0	0	0	0	0	0	0	0	0	0	0	0	0	0	0	0	0	0	0	0	0	0	0	0	0	0	0	0	0	0	0	0	0	0	0	0	0	0	0	0	0	0	0	0	0	0	0	0	0	0	122.4324605081	0	0	0	0	0	0	0	0	0	0	0	0	0	0	0	0	0	0	0	0	0	0
PWY-7511: protein ubiquitination	5.9579686565	62.4513049384	54.6054148964	12.7619479327	11.3005259435	0	24.7418486755	12.9318459347	5.8969694891	0	15.5256193136	7.8153606523	0	0.9819368400	0	77.0614800742	13.6441328552	0	0	0	2.3841205301	0	4.7910087190	0	0	0	0	0	0	2.2321371757	0	0	0	0	14.9053794283	0	0	3.2774080852	7.1937544851	7.9890035629	12.6952010988	0	17.5880549480	0	0	0	0	59.2450474719	0	5.0974773040	2.6649691624	30.7689885655	86.8499424412	7.5836866537	36.3771862900	0	0	35.6678303326	9.3218182895	0	5.0379651363	0	40.3073784736	29.1037252005	0	9.4621240981	0	4.7745355299	5.4127318641	3.3828462921	25.6115358448	0	0	6.1024170783	13.8238098359	0	24.5561334382	0	13.6486260708	23.9150109475	0	3.1813291166	57.2621572450	11.1716206167	3.5972407561	8.5111777907	2.2520129732	0	8.4462833401	0.7145392196	0	0	46.5928594708	0	1.8435906903	0	0	0.4680492698	0	0	147.9864437907	0	23.0031420869	15.4414493115	0	0	0	0	6.4651524687	0	31.5311328138	0	16.8340122491	3.2729187216	0	28.6082034856	2.9689337693	24.8261134836	6.2390441192	0	0	3.6938121534	0	0	0	0	0	0	0	0	0	0	0	0	0	0	0	0	0	0	0	0	0	0
PWY-7511: protein ubiquitination|unclassified	5.9579686565	62.4513049384	54.6054148964	12.7619479327	11.3005259435	0	24.7418486755	12.9318459347	5.8969694891	0	15.5256193136	7.8153606523	0	0.9819368400	0	77.0614800742	13.6441328552	0	0	0	2.3841205301	0	4.7910087190	0	0	0	0	0	0	2.2321371757	0	0	0	0	14.9053794283	0	0	3.2774080852	7.1937544851	7.9890035629	12.6952010988	0	17.5880549480	0	0	0	0	59.2450474719	0	5.0974773040	2.6649691624	30.7689885655	86.8499424412	7.5836866537	36.3771862900	0	0	35.6678303326	9.3218182895	0	5.0379651363	0	40.3073784736	29.1037252005	0	9.4621240981	0	4.7745355299	5.4127318641	3.3828462921	25.6115358448	0	0	6.1024170783	13.8238098359	0	24.5561334382	0	13.6486260708	23.9150109475	0	3.1813291166	57.2621572450	11.1716206167	3.5972407561	8.5111777907	2.2520129732	0	8.4462833401	0.7145392196	0	0	46.5928594708	0	1.8435906903	0	0	0.4680492698	0	0	147.9864437907	0	23.0031420869	15.4414493115	0	0	0	0	6.4651524687	0	31.5311328138	0	16.8340122491	3.2729187216	0	28.6082034856	2.9689337693	24.8261134836	6.2390441192	0	0	3.6938121534	0	0	0	0	0	0	0	0	0	0	0	0	0	0	0	0	0	0	0	0	0	0
PWY-7560: methylerythritol phosphate pathway II	0	0	0	0	0	0	0	0	0	0	0	0	0	0	0	0	0	0	0	0	0	0	0	0	0	44.0282323449	0	550.1146685889	0	71.4626625386	150.2890497605	0	0	0	0	0	0	216.1673452847	0	0	0	0	82.2114753405	0	118.4957521229	0	0	835.8206487946	0	0	0	784.5095846593	509.7246081402	0	0	0	0	0	0	0	0	0	0	0	402.3230737628	116.0174729406	0	0	0	2014.8141521399	81.1495790969	0	0	103.9342698515	86.0825086859	0	0	0	829.7901556063	621.7333964544	0	0	0	0	0	0	0	0	0	0	0	0	0	0	0	0	939.0997255184	0	0	0	0	0	0	0	21.6216698145	0	0	0	0	0	0	0	0	0	0	0	0	0	0	0	0	932.3962838739	0	0	0	0	0	0	0	0	0	0	0	0	0	0	0	0	0	0	0	0	0	0
PWY-7560: methylerythritol phosphate pathway II|unclassified	0	0	0	0	0	0	0	0	0	0	0	0	0	0	0	0	0	0	0	0	0	0	0	0	0	44.0282323449	0	550.1146685889	0	71.4626625386	150.2890497605	0	0	0	0	0	0	216.1673452847	0	0	0	0	82.2114753405	0	118.4957521229	0	0	835.8206487946	0	0	0	760.6166474627	509.7246081402	0	0	0	0	0	0	0	0	0	0	0	402.3230737628	116.0174729406	0	0	0	1596.3848044840	81.1495790969	0	0	103.9342698515	86.0825086859	0	0	0	829.7901556063	621.7333964544	0	0	0	0	0	0	0	0	0	0	0	0	0	0	0	0	939.0997255184	0	0	0	0	0	0	0	21.6216698145	0	0	0	0	0	0	0	0	0	0	0	0	0	0	0	0	885.0983926082	0	0	0	0	0	0	0	0	0	0	0	0	0	0	0	0	0	0	0	0	0	0
PWY-7663: gondoate biosynthesis (anaerobic)	0	0	0	0	2396.8271822369	0	394.4614319085	472.5186765061	0	0	191.7635490160	76.4408318556	0	0	0	1284.9892598272	0	0	0	578.7435695506	0	0	309.4374579057	0	0	869.1354881640	0	2372.1682378316	102.0933289559	378.6918052651	70.4180307235	0	45.7918540652	0	0	0	0	910.4905990534	592.2433251558	572.6106085284	0	0	587.5252613099	966.5347998279	1332.8004264744	0	0	2522.8201603176	0	0	2009.2452858152	1839.2957405546	3669.5244605709	53.7444098567	0	792.1056568526	1208.9829383100	0	3186.8770245184	155.9417775957	0	0	1511.3878439407	2209.4187614067	1362.6718627949	453.0420011014	0	64.6888846373	0	3126.9301381993	6295.0050683365	0	0	1206.5026122786	7717.9785649491	0	190.6016991072	0	4847.2029847160	3141.7596277784	0	0	0	11096.6521622459	0	0	1815.6355813192	0	793.9689643458	0	0	0	770.3406690586	0	0	0	1000.0589254102	0	0	0	0	0	0	0	1032.5034837663	0	0	13.0802090455	0	151.2304014125	560.3924900692	0	242.9654033631	0	0	1228.1928154027	0	0	0	0	0	6261.0440608286	0	543.6920344523	0	0	0	0	0	0	0	0	0	0	0	0	0	0	0	0	0	0	0	0
PWY-7663: gondoate biosynthesis (anaerobic)|g__Prevotella.s__Prevotella_salivae	0	0	0	0	0	0	0	0	0	0	0	0	0	0	0	0	0	0	0	0	0	0	0	0	0	0	0	0	0	0	0	0	0	0	0	0	0	0	0	0	0	0	0	0	0	0	0	0	0	0	0	0	0	0	0	0	0	0	0	0	0	0	0	0	0	0	0	0	0	0	0	0	0	0	0	0	0	0	0	0	0	0	0	0	0	0	0	0	0	0	0	0	0	0	0	0	0	0	0	0	0	0	0	0	0	0	0	0	0	0	0	0	0	0	0	0	0	0	0	0	0	1291.2689050480	0	0	0	0	0	0	0	0	0	0	0	0	0	0	0	0	0	0	0	0	0	0
PWY-7663: gondoate biosynthesis (anaerobic)|unclassified	0	0	0	0	2396.8271822369	0	381.5212134730	472.5186765061	0	0	191.7635490160	76.4408318556	0	0	0	1284.9892598272	0	0	0	578.7435695506	0	0	309.4374579057	0	0	869.1354881640	0	2372.1682378316	102.0933289559	378.6918052651	70.4180307235	0	45.7918540652	0	0	0	0	910.4905990534	592.2433251558	572.6106085284	0	0	587.5252613099	966.5347998279	1332.8004264744	0	0	2522.8201603176	0	0	2009.2452858152	1839.2957405546	3669.5244605709	53.7444098567	0	792.1056568526	1208.9829383100	0	3186.8770245184	155.9417775957	0	0	1511.3878439407	2209.4187614067	1362.6718627949	453.0420011014	0	64.6888846373	0	1389.1968178695	6295.0050683365	0	0	1206.5026122786	7717.9785649491	0	190.6016991072	0	4847.2029847160	2794.2050007574	0	0	0	2757.5567614711	0	0	1815.6355813192	0	793.9689643458	0	0	0	770.3406690586	0	0	0	1000.0589254102	0	0	0	0	0	0	0	1032.5034837663	0	0	13.0802090455	0	151.2304014125	544.1541387290	0	242.9654033631	0	0	1228.1928154027	0	0	0	0	0	4309.9961662050	0	543.6920344523	0	0	0	0	0	0	0	0	0	0	0	0	0	0	0	0	0	0	0	0
PWY-7664: oleate biosynthesis IV (anaerobic)	0	0	0	0	1817.7624109559	0	242.7315086950	392.2330144450	0	0	0	0	0	0	0	345.2789912623	0	0	0	471.4545243549	0	0	0	0	0	525.0277518353	0	1961.5931059406	0	212.5836766244	32.1784155280	0	44.7049725624	0	0	0	0	729.2593602535	142.6937685263	250.3749564471	0	0	567.4988467654	732.5226570572	815.4666547602	0	0	2207.8045166356	0	0	1660.9344071285	1685.1840190459	735.8875427877	0	0	684.4361962163	626.1927725383	0	878.9978834735	0	0	0	0	807.1343624113	1278.3674610301	0	0	0	0	1515.1926470029	5142.4460749501	0	0	608.6984347791	1536.3110053929	0	122.3289325886	0	2101.3413083300	2288.1384251924	0	0	0	3588.0158514796	0	0	596.8845068438	0	317.7294378263	0	0	0	0	0	0	0	479.6775608071	0	0	0	0	0	0	0	573.9843924842	0	0	0	0	0	0	0	0	0	0	671.1391905609	0	0	0	0	0	5758.3490501357	0	0	0	0	0	0	0	0	0	0	0	0	0	0	0	0	0	0	0	0	0	0
PWY-7664: oleate biosynthesis IV (anaerobic)|unclassified	0	0	0	0	1817.7624109559	0	238.4654849892	392.2330144450	0	0	0	0	0	0	0	345.2789912623	0	0	0	471.4545243549	0	0	0	0	0	525.0277518353	0	1961.5931059406	0	212.5836766244	32.1784155280	0	44.7049725624	0	0	0	0	729.2593602535	142.6937685263	250.3749564471	0	0	567.4988467654	732.5226570572	815.4666547602	0	0	2207.8045166356	0	0	1660.9344071285	1685.1840190459	735.8875427877	0	0	684.4361962163	626.1927725383	0	878.9978834735	0	0	0	0	807.1343624113	1278.3674610301	0	0	0	0	1138.3715753728	5142.4460749501	0	0	608.6984347791	1536.3110053929	0	122.3289325886	0	2101.3413083300	2073.4719342563	0	0	0	1596.1490494969	0	0	596.8845068438	0	317.7294378263	0	0	0	0	0	0	0	479.6775608071	0	0	0	0	0	0	0	573.9843924842	0	0	0	0	0	0	0	0	0	0	671.1391905609	0	0	0	0	0	2461.9381815964	0	0	0	0	0	0	0	0	0	0	0	0	0	0	0	0	0	0	0	0	0	0
PWY-7761: NAD salvage pathway II (PNC IV cycle)	0	0	0	0	0	0	0	0	0	0	0	0	0	0	0	0	0	0	0	0	0	0	0	0	0	0	0	0	0	0	25.6103814361	0	0	0	0	0	0	106.5556596702	0	0	0	0	0	0	0	0	0	0	0	0	0	0	0	0	0	0	0	0	0	0	0	0	0	0	133.2650675230	0	0	0	0	0	0	0	0	0	0	0	0	0	261.0678191906	215.6951327698	0	0	0	0	0	0	0	0	0	0	0	0	0	0	0	0	331.9377236807	0	0	0	0	0	0	0	0	0	0	0	0	0	0	0	0	0	0	0	0	0	0	0	0	960.1779635697	0	0	0	0	0	0	0	0	0	0	0	0	0	0	0	0	0	0	0	0	0	0
PWY-7761: NAD salvage pathway II (PNC IV cycle)|unclassified	0	0	0	0	0	0	0	0	0	0	0	0	0	0	0	0	0	0	0	0	0	0	0	0	0	0	0	0	0	0	25.6103814361	0	0	0	0	0	0	106.5556596702	0	0	0	0	0	0	0	0	0	0	0	0	0	0	0	0	0	0	0	0	0	0	0	0	0	0	133.2650675230	0	0	0	0	0	0	0	0	0	0	0	0	0	261.0678191906	215.6951327698	0	0	0	0	0	0	0	0	0	0	0	0	0	0	0	0	331.9377236807	0	0	0	0	0	0	0	0	0	0	0	0	0	0	0	0	0	0	0	0	0	0	0	0	0	0	0	0	0	0	0	0	0	0	0	0	0	0	0	0	0	0	0	0	0	0	0
PWY-7790: UMP biosynthesis II	0	0	0	0	1118.8191214435	0	310.9695169284	97.2319424786	0	0	0	0	0	0	0	0	0	0	0	170.1127156957	0	0	27.8378709449	0	0	960.3211801492	0	1922.7755682402	0	310.2904373461	67.1907909924	154.9671136012	0	0	0	0	0	160.1252703281	0	0	0	0	259.9586243252	132.0158901991	0	0	0	1319.1795373152	0	0	1858.0136931938	1158.6380916092	434.0432329188	0	0	282.8234330642	0	0	1145.4550487031	34.5329006869	0	0	0	465.0610333030	442.0759961838	0	0	0	0	2021.1244148273	4388.9150923652	0	0	369.6098446378	0	0	0	0	4105.6042388974	837.3989626618	0	0	0	1969.1035707808	0	0	629.9051823497	0	170.7864216289	0	0	0	69.6576898741	0	0	0	810.3861608801	0	0	0	0	0	0	0	88.5953145824	0	0	0	0	0	0	0	765.4173534191	0	0	832.1868744560	0	0	0	0	0	2905.2201663820	0	0	0	0	0	0	0	0	0	0	0	0	0	0	0	0	0	0	0	0	0	0
PWY-7790: UMP biosynthesis II|unclassified	0	0	0	0	1118.8191214435	0	310.9695169284	97.2319424786	0	0	0	0	0	0	0	0	0	0	0	170.1127156957	0	0	27.8378709449	0	0	960.3211801492	0	1922.7755682402	0	310.2904373461	67.1907909924	154.9671136012	0	0	0	0	0	160.1252703281	0	0	0	0	259.9586243252	132.0158901991	0	0	0	1319.1795373152	0	0	1858.0136931938	1158.6380916092	434.0432329188	0	0	282.8234330642	0	0	1145.4550487031	34.5329006869	0	0	0	465.0610333030	442.0759961838	0	0	0	0	1774.3780282199	4388.9150923652	0	0	369.6098446378	0	0	0	0	4105.6042388974	837.3989626618	0	0	0	1969.1035707808	0	0	629.9051823497	0	170.7864216289	0	0	0	69.6576898741	0	0	0	810.3861608801	0	0	0	0	0	0	0	88.5953145824	0	0	0	0	0	0	0	765.4173534191	0	0	832.1868744560	0	0	0	0	0	2133.8966777805	0	0	0	0	0	0	0	0	0	0	0	0	0	0	0	0	0	0	0	0	0	0
PWY-7791: UMP biosynthesis III	0	0	0	0	968.6673869275	0	236.4111239326	36.4713679975	0	0	0	0	0	0	0	0	0	0	0	148.6897872066	0	0	0	0	0	669.5725546022	0	1922.7755682402	0	310.2904373461	37.2125401631	34.8623416689	0	0	0	0	0	94.3750431835	0	0	0	0	234.2043552692	132.0158901991	0	0	0	1319.1795373152	0	0	1858.0136931938	1158.6380916092	434.0432329188	0	0	282.8234330642	0	0	992.4811599853	0	0	0	0	0	442.0759961838	0	0	0	0	1852.2112768162	3765.3808464369	0	0	179.5919916193	0	0	0	0	4105.6042388974	837.3989626618	0	0	0	1969.1035707808	0	0	245.3878927175	0	170.7864216289	0	0	0	0	0	0	0	810.3861608801	0	0	0	0	0	0	0	27.9922464539	0	0	0	0	0	0	0	765.4173534191	0	0	832.1868744560	0	0	0	0	0	2905.2201663820	0	0	0	0	0	0	0	0	0	0	0	0	0	0	0	0	0	0	0	0	0	0
PWY-7791: UMP biosynthesis III|unclassified	0	0	0	0	968.6673869275	0	236.4111239326	36.4713679975	0	0	0	0	0	0	0	0	0	0	0	148.6897872066	0	0	0	0	0	669.5725546022	0	1922.7755682402	0	310.2904373461	37.2125401631	34.8623416689	0	0	0	0	0	94.3750431835	0	0	0	0	234.2043552692	132.0158901991	0	0	0	1319.1795373152	0	0	1858.0136931938	1158.6380916092	434.0432329188	0	0	282.8234330642	0	0	992.4811599853	0	0	0	0	0	442.0759961838	0	0	0	0	1774.3780282199	3765.3808464369	0	0	179.5919916193	0	0	0	0	4105.6042388974	837.3989626618	0	0	0	1969.1035707808	0	0	245.3878927175	0	170.7864216289	0	0	0	0	0	0	0	810.3861608801	0	0	0	0	0	0	0	27.9922464539	0	0	0	0	0	0	0	765.4173534191	0	0	832.1868744560	0	0	0	0	0	2133.8966777805	0	0	0	0	0	0	0	0	0	0	0	0	0	0	0	0	0	0	0	0	0	0
PWY-7805: (aminomethyl)phosphonate degradation	0	0	0	0	0	0	0	0	0	0	0	0	0	0	0	0	0	0	0	0	0	0	0	0	0	0	0	0	0	0	0	0	0	0	0	0	0	0	0	0	0	0	0	0	0	0	0	0	0	0	0	0	0	0	0	0	0	0	0	0	0	0	0	0	0	0	0	0	0	0	0	0	0	0	0	0	0	0	0	0	0	0	0	0	0	0	0	0	0	0	0	0	0	0	0	0	67.5489527779	0	0	0	0	0	0	0	0	0	0	0	0	0	0	0	0	0	0	0	0	0	0	0	0	0	0	0	0	0	0	0	0	0	0	0	0	0	0	0	0	0	0	0	0	0	0	0
PWY-7805: (aminomethyl)phosphonate degradation|unclassified	0	0	0	0	0	0	0	0	0	0	0	0	0	0	0	0	0	0	0	0	0	0	0	0	0	0	0	0	0	0	0	0	0	0	0	0	0	0	0	0	0	0	0	0	0	0	0	0	0	0	0	0	0	0	0	0	0	0	0	0	0	0	0	0	0	0	0	0	0	0	0	0	0	0	0	0	0	0	0	0	0	0	0	0	0	0	0	0	0	0	0	0	0	0	0	0	67.5489527779	0	0	0	0	0	0	0	0	0	0	0	0	0	0	0	0	0	0	0	0	0	0	0	0	0	0	0	0	0	0	0	0	0	0	0	0	0	0	0	0	0	0	0	0	0	0	0
PWY-7807: glyphosate degradation III	0	0	0	0	0	0	0	0	0	0	0	0	0	0	0	0	0	0	0	0	0	0	0	0	0	0	0	0	0	0	0	0	0	0	0	0	0	0	0	0	0	0	0	0	0	0	0	0	0	0	0	0	0	0	0	0	0	0	0	0	0	0	0	0	0	0	0	0	0	0	0	0	0	0	0	0	0	0	0	0	0	0	0	0	0	0	0	0	0	0	0	0	0	0	0	0	68.0208686492	0	0	0	0	0	0	0	0	0	0	0	0	0	0	0	0	0	0	0	0	0	0	0	0	0	0	0	0	0	0	0	0	0	0	0	0	0	0	0	0	0	0	0	0	0	0	0
PWY-7807: glyphosate degradation III|unclassified	0	0	0	0	0	0	0	0	0	0	0	0	0	0	0	0	0	0	0	0	0	0	0	0	0	0	0	0	0	0	0	0	0	0	0	0	0	0	0	0	0	0	0	0	0	0	0	0	0	0	0	0	0	0	0	0	0	0	0	0	0	0	0	0	0	0	0	0	0	0	0	0	0	0	0	0	0	0	0	0	0	0	0	0	0	0	0	0	0	0	0	0	0	0	0	0	68.0208686492	0	0	0	0	0	0	0	0	0	0	0	0	0	0	0	0	0	0	0	0	0	0	0	0	0	0	0	0	0	0	0	0	0	0	0	0	0	0	0	0	0	0	0	0	0	0	0
PWY-7841: neolacto-series glycosphingolipids biosynthesis	0	8.7598129302	0	0	0	0	0	0	0	0	0	0	0	0	0	0	0	0	0	0	0	0	0	0	0	0	0	0	0	0	0	0	0	0	0	0	0	0	0	0	0	0	0	0	0	0	0	0	0	0	0	0	0	0	0	0	0	0	0	0	0	0	0	0	0	0	0	0	0	0	0	0	0	0	0	0	0	0	0	0	0	0	0	0	0	0	0	0	0	0	0	0	0	0	0	0	0	0	0	0	0	0	0	0	0	0	0	0	0	0	0	0	0	0	0	0	0	0	0	0	0	0	0	0	0	0	0	0	0	0	0	0	0	0	0	0	0	0	0	0	0	0	0	0
PWY-7841: neolacto-series glycosphingolipids biosynthesis|unclassified	0	8.7598129302	0	0	0	0	0	0	0	0	0	0	0	0	0	0	0	0	0	0	0	0	0	0	0	0	0	0	0	0	0	0	0	0	0	0	0	0	0	0	0	0	0	0	0	0	0	0	0	0	0	0	0	0	0	0	0	0	0	0	0	0	0	0	0	0	0	0	0	0	0	0	0	0	0	0	0	0	0	0	0	0	0	0	0	0	0	0	0	0	0	0	0	0	0	0	0	0	0	0	0	0	0	0	0	0	0	0	0	0	0	0	0	0	0	0	0	0	0	0	0	0	0	0	0	0	0	0	0	0	0	0	0	0	0	0	0	0	0	0	0	0	0	0
PWY-7851: coenzyme A biosynthesis II (eukaryotic)	0	0	0	0	491.2373189905	0	0	89.4547418946	0	0	13.4473845006	0	0	0	0	0	0	0	0	213.0457395329	0	0	0	0	0	1129.3731737083	0	4802.7944952940	0	620.3559629245	0	0	44.4086437261	0	0	0	0	56.8956745938	0	92.5670214505	0	0	497.3378083284	345.8415304296	1021.4037150915	201.2839307998	0	1235.8532015367	0	0	1456.1935248847	2007.0510856218	1699.9887893724	0	0	501.1748633017	0	0	886.3155073244	0	0	0	0	449.8996003126	440.1235830837	171.6266764470	0	0	0	2170.8192698956	3936.0334512207	0	0	378.8726547884	132.2780570411	0	285.4983582947	0	4493.6677276497	2365.5295306009	0	0	0	826.0488098103	0	0	3608.7057642698	0	526.5289000456	0	0	0	124.2095263743	0	0	0	344.2925034885	0	0	0	0	0	0	0	0	0	0	0	0	0	0	0	194.6396240618	0	0	911.0795447107	0	0	0	0	0	3423.8351989284	0	0	0	0	0	0	0	0	0	0	0	0	0	0	0	0	0	0	0	0	0	0
PWY-7851: coenzyme A biosynthesis II (eukaryotic)|g__Prevotella.s__Prevotella_salivae	0	0	0	0	0	0	0	0	0	0	0	0	0	0	0	0	0	0	0	0	0	0	0	0	0	0	0	0	0	0	0	0	0	0	0	0	0	0	0	0	0	0	0	0	0	0	0	0	0	0	0	0	0	0	0	0	0	0	0	0	0	0	0	0	0	0	0	0	0	0	0	0	0	0	0	0	0	0	0	0	0	0	0	0	0	0	0	0	0	0	0	0	0	0	0	0	0	0	0	0	0	0	0	0	0	0	0	0	0	0	0	0	0	0	0	0	0	0	0	0	0	1182.0454443369	0	0	0	0	0	0	0	0	0	0	0	0	0	0	0	0	0	0	0	0	0	0
PWY-7851: coenzyme A biosynthesis II (eukaryotic)|unclassified	0	0	0	0	491.2373189905	0	0	89.4547418946	0	0	13.4473845006	0	0	0	0	0	0	0	0	213.0457395329	0	0	0	0	0	1129.3731737083	0	4547.9597430435	0	620.3559629245	0	0	44.4086437261	0	0	0	0	56.8956745938	0	92.5670214505	0	0	497.3378083284	345.8415304296	1021.4037150915	201.2839307998	0	1235.8532015367	0	0	1456.1935248847	2007.0510856218	1135.8829129196	0	0	461.7487075276	0	0	886.3155073244	0	0	0	0	449.8996003126	440.1235830837	171.6266764470	0	0	0	1470.3711925213	3936.0334512207	0	0	378.8726547884	132.2780570411	0	285.4983582947	0	4493.6677276497	2365.5295306009	0	0	0	822.6943391489	0	0	3608.7057642698	0	526.5289000456	0	0	0	124.2095263743	0	0	0	344.2925034885	0	0	0	0	0	0	0	0	0	0	0	0	0	0	0	194.6396240618	0	0	911.0795447107	0	0	0	0	0	2159.6213130967	0	0	0	0	0	0	0	0	0	0	0	0	0	0	0	0	0	0	0	0	0	0
PWY-7858: (5Z)-dodecenoate biosynthesis II	0	0	0	0	913.9551509373	0	198.1534861683	0	0	0	0	0	0	0	0	240.2927385681	0	0	0	61.5952248642	0	0	0	0	0	77.0519431398	0	458.0716980384	0	0	0	0	39.7162637797	0	0	0	0	538.5615993021	0	61.6824997309	0	0	0	379.9600016850	0	0	0	104.3478300722	0	0	0	0	0	0	0	0	0	0	775.8992478151	0	0	0	0	643.5574397234	615.3625786765	0	0	0	0	282.4543866038	3462.6317132293	0	0	0	1052.5399279607	0	93.6027269202	0	0	0	0	0	0	2743.5914269880	0	0	160.8513000650	0	171.5206195901	0	0	0	0	0	0	0	340.9208275071	0	0	0	0	0	0	0	322.6846260208	0	0	0	0	0	0	0	0	0	0	0	0	0	0	0	0	0	0	0	0	0	0	0	0	0	0	0	0	0	0	0	0	0	0	0	0	0	0	0
PWY-7858: (5Z)-dodecenoate biosynthesis II|unclassified	0	0	0	0	913.9551509373	0	195.9279978009	0	0	0	0	0	0	0	0	240.2927385681	0	0	0	61.5952248642	0	0	0	0	0	77.0519431398	0	458.0716980384	0	0	0	0	39.7162637797	0	0	0	0	538.5615993021	0	61.6824997309	0	0	0	379.9600016850	0	0	0	104.3478300722	0	0	0	0	0	0	0	0	0	0	775.8992478151	0	0	0	0	643.5574397234	615.3625786765	0	0	0	0	270.5859264031	3462.6317132293	0	0	0	1052.5399279607	0	93.6027269202	0	0	0	0	0	0	1243.9918239847	0	0	160.8513000650	0	171.5206195901	0	0	0	0	0	0	0	340.9208275071	0	0	0	0	0	0	0	322.6846260208	0	0	0	0	0	0	0	0	0	0	0	0	0	0	0	0	0	0	0	0	0	0	0	0	0	0	0	0	0	0	0	0	0	0	0	0	0	0	0
PWY-7873: D-erythronate degradation II	0	0	0	0	0	0	0	0	0	0	0	0	0	0	0	0	0	0	0	0	0	0	0	0	0	0	0	0	0	0	0	0	0	0	0	0	0	55.9700247802	0	0	0	0	0	0	0	0	0	0	0	0	0	0	0	0	0	0	0	0	0	0	0	0	0	0	0	0	0	0	0	0	0	0	0	0	0	0	0	0	0	0	0	0	0	0	0	0	0	0	0	0	0	0	0	0	0	0	62.6773643178	0	0	0	0	0	0	0	0	0	0	0	0	0	0	0	0	0	0	0	0	0	0	0	0	0	0	0	0	0	0	0	0	0	0	0	0	0	0	0	0	0	0	0	0	0	0	0
PWY-7873: D-erythronate degradation II|unclassified	0	0	0	0	0	0	0	0	0	0	0	0	0	0	0	0	0	0	0	0	0	0	0	0	0	0	0	0	0	0	0	0	0	0	0	0	0	55.9700247802	0	0	0	0	0	0	0	0	0	0	0	0	0	0	0	0	0	0	0	0	0	0	0	0	0	0	0	0	0	0	0	0	0	0	0	0	0	0	0	0	0	0	0	0	0	0	0	0	0	0	0	0	0	0	0	0	0	0	62.6773643178	0	0	0	0	0	0	0	0	0	0	0	0	0	0	0	0	0	0	0	0	0	0	0	0	0	0	0	0	0	0	0	0	0	0	0	0	0	0	0	0	0	0	0	0	0	0	0
PWY-7874: L-threonate degradation	0	0	0	0	0	0	0	0	0	0	0	0	0	0	0	0	0	0	0	0	0	0	0	0	0	0	0	0	0	0	0	0	0	0	0	0	0	37.8675352983	0	0	0	0	0	0	0	0	0	0	0	0	0	0	0	0	0	0	0	0	0	0	0	0	0	0	0	0	0	0	0	0	0	0	0	0	0	0	0	0	0	0	0	0	0	0	0	0	0	0	0	0	0	0	0	0	0	0	94.7359351381	0	0	0	0	0	0	0	0	0	0	0	0	0	0	0	0	0	0	0	0	0	0	0	0	0	0	0	0	0	0	0	0	0	0	0	0	0	0	0	0	0	0	0	0	0	0	0
PWY-7874: L-threonate degradation|unclassified	0	0	0	0	0	0	0	0	0	0	0	0	0	0	0	0	0	0	0	0	0	0	0	0	0	0	0	0	0	0	0	0	0	0	0	0	0	37.8675352983	0	0	0	0	0	0	0	0	0	0	0	0	0	0	0	0	0	0	0	0	0	0	0	0	0	0	0	0	0	0	0	0	0	0	0	0	0	0	0	0	0	0	0	0	0	0	0	0	0	0	0	0	0	0	0	0	0	0	94.7359351381	0	0	0	0	0	0	0	0	0	0	0	0	0	0	0	0	0	0	0	0	0	0	0	0	0	0	0	0	0	0	0	0	0	0	0	0	0	0	0	0	0	0	0	0	0	0	0
PWY-7883: anhydromuropeptides recycling II	0	0	0	0	0	0	0	0	0	0	0	0	0	0	0	0	0	0	0	0	0	0	0	0	0	0	0	0	0	0	19.8782849572	0	0	0	0	0	0	0	0	0	0	0	0	0	0	0	0	0	0	0	0	0	0	0	0	0	0	0	0	0	0	0	0	0	0	0	0	0	0	0	0	0	0	0	0	0	0	0	0	0	0	0	0	0	0	0	0	0	0	0	0	0	0	0	0	0	178.4029612813	0	0	0	0	0	0	0	38.0956541077	0	0	0	0	0	0	0	0	0	0	0	0	0	0	0	0	0	0	0	0	0	0	0	0	0	0	0	0	0	0	0	0	0	0	0	0	0	0	0
PWY-7883: anhydromuropeptides recycling II|unclassified	0	0	0	0	0	0	0	0	0	0	0	0	0	0	0	0	0	0	0	0	0	0	0	0	0	0	0	0	0	0	19.8782849572	0	0	0	0	0	0	0	0	0	0	0	0	0	0	0	0	0	0	0	0	0	0	0	0	0	0	0	0	0	0	0	0	0	0	0	0	0	0	0	0	0	0	0	0	0	0	0	0	0	0	0	0	0	0	0	0	0	0	0	0	0	0	0	0	0	178.4029612813	0	0	0	0	0	0	0	38.0956541077	0	0	0	0	0	0	0	0	0	0	0	0	0	0	0	0	0	0	0	0	0	0	0	0	0	0	0	0	0	0	0	0	0	0	0	0	0	0	0
PWY-7942: 5-oxo-L-proline metabolism	0	0	0	0	22.8214340543	0	0	0	0	0	0	0	0	0	0	0	0	0	0	0	0	0	0	0	0	0	0	0	0	0	0	0	0	0	0	0	0	0	0	0	0	0	0	0	0	0	0	35.4977440798	0	0	0	38.0998968378	0	0	0	0	0	0	0	0	0	0	0	0	0	0	0	0	0	0	0	0	0	0	0	0	0	0	0	0	0	0	0	0	0	0	0	0	0	0	0	0	0	0	0	0	0	0	0	0	0	0	0	0	0	0	0	0	0	0	0	0	0	0	0	0	0	0	0	0	0	0	0	0	0	0	0	0	0	0	0	0	0	0	0	0	0	0	0	0	0	0	0	0
PWY-7942: 5-oxo-L-proline metabolism|unclassified	0	0	0	0	22.8214340543	0	0	0	0	0	0	0	0	0	0	0	0	0	0	0	0	0	0	0	0	0	0	0	0	0	0	0	0	0	0	0	0	0	0	0	0	0	0	0	0	0	0	35.4977440798	0	0	0	38.0998968378	0	0	0	0	0	0	0	0	0	0	0	0	0	0	0	0	0	0	0	0	0	0	0	0	0	0	0	0	0	0	0	0	0	0	0	0	0	0	0	0	0	0	0	0	0	0	0	0	0	0	0	0	0	0	0	0	0	0	0	0	0	0	0	0	0	0	0	0	0	0	0	0	0	0	0	0	0	0	0	0	0	0	0	0	0	0	0	0	0	0	0	0
PWY-7953: UDP-N-acetylmuramoyl-pentapeptide biosynthesis III (meso-diaminopimelate containing)	0	0	0	0	1066.0257357999	0	116.6363732872	167.7740013037	0	0	0	0	0	0	0	374.0409379015	0	0	0	0	0	0	0	0	0	1306.9715774844	0	3881.9342302276	0	476.7379901424	136.8719294685	0	0	0	0	0	0	0	0	0	0	0	703.1645226512	359.3391854714	513.5632398298	0	0	2605.4541803945	0	0	2948.6146395888	1769.2433578947	1422.8663082924	0	0	0	256.3213934949	0	1107.4019591863	0	0	0	0	953.1929722013	395.5600287082	156.4386758982	0	0	0	2823.4238168827	3066.9060199275	0	0	655.4846850685	555.8198111839	0	267.1753697169	0	5968.1045161025	1524.7900258334	0	0	0	905.7391762503	0	0	1045.5307409294	0	247.5522621257	0	0	0	464.6340187700	0	0	0	1191.2690957149	0	0	0	0	0	0	0	0	0	0	0	0	0	0	0	50.4927062264	0	0	701.2599334343	0	0	0	0	0	3621.1368998939	0	0	0	0	0	0	0	0	0	0	0	0	0	0	0	0	0	0	0	0	0	0
PWY-7953: UDP-N-acetylmuramoyl-pentapeptide biosynthesis III (meso-diaminopimelate containing)|unclassified	0	0	0	0	1066.0257357999	0	116.6363732872	167.7740013037	0	0	0	0	0	0	0	374.0409379015	0	0	0	0	0	0	0	0	0	1306.9715774844	0	1844.4241779814	0	476.7379901424	136.8719294685	0	0	0	0	0	0	0	0	0	0	0	703.1645226512	359.3391854714	513.5632398298	0	0	2605.4541803945	0	0	2948.6146395888	1769.2433578947	1422.8663082924	0	0	0	256.3213934949	0	1107.4019591863	0	0	0	0	953.1929722013	395.5600287082	156.4386758982	0	0	0	2644.4380719297	3066.9060199275	0	0	655.4846850685	555.8198111839	0	267.1753697169	0	5968.1045161025	1524.7900258334	0	0	0	905.7391762503	0	0	1045.5307409294	0	247.5522621257	0	0	0	464.6340187700	0	0	0	1191.2690957149	0	0	0	0	0	0	0	0	0	0	0	0	0	0	0	50.4927062264	0	0	673.2187591730	0	0	0	0	0	3304.9287157562	0	0	0	0	0	0	0	0	0	0	0	0	0	0	0	0	0	0	0	0	0	0
PWY-7977: L-methionine biosynthesis IV	0	0	0	0	0	0	0	0	0	0	0	0	0	0	0	142.6347896802	138.6750293079	0	0	284.5118622742	0	0	0	0	0	13.4714156478	0	1868.3778906681	0	203.9488250222	124.2893299369	0	35.1696007224	0	0	0	0	513.8330750532	0	0	0	0	154.5471964090	93.3685109353	0	0	0	405.7772387711	0	0	332.6102858745	0	0	0	0	16.6767705374	0	0	255.2025047780	0	0	0	655.7590467376	271.1228160648	372.5501513109	155.5287948175	0	18.8391531457	0	437.1579326196	0	0	0	0	388.3375255199	0	24.9007434747	0	3007.4561749833	2079.5184354948	0	0	0	0	0	0	0	0	0	0	0	0	0	0	0	0	1423.5835547855	0	0	0	0	0	0	0	139.5354596220	0	0	0	0	0	0	0	0	0	0	353.3660988290	0	0	0	0	0	3912.2765298315	0	0	0	0	0	0	0	0	0	0	0	0	0	0	0	0	0	0	0	0	0	0
PWY-7977: L-methionine biosynthesis IV|unclassified	0	0	0	0	0	0	0	0	0	0	0	0	0	0	0	142.6347896802	138.6750293079	0	0	284.5118622742	0	0	0	0	0	13.4714156478	0	1669.1528358059	0	203.9488250222	124.2893299369	0	35.1696007224	0	0	0	0	513.8330750532	0	0	0	0	154.5471964090	93.3685109353	0	0	0	405.7772387711	0	0	332.6102858745	0	0	0	0	16.6767705374	0	0	255.2025047780	0	0	0	655.7590467376	271.1228160648	372.5501513109	155.5287948175	0	18.8391531457	0	437.1579326196	0	0	0	0	388.3375255199	0	24.9007434747	0	3007.4561749833	2079.5184354948	0	0	0	0	0	0	0	0	0	0	0	0	0	0	0	0	1423.5835547855	0	0	0	0	0	0	0	139.5354596220	0	0	0	0	0	0	0	0	0	0	348.3981180137	0	0	0	0	0	2823.4598662150	0	0	0	0	0	0	0	0	0	0	0	0	0	0	0	0	0	0	0	0	0	0
PWY-8004: Entner-Doudoroff pathway I	0	0	0	0	175.8105898930	0	0	403.8480381679	0	0	0	0	0	0	0	288.2864738191	0	0	0	0	0	0	0	0	0	0	0	315.5215213235	41.8840793757	0	37.7896083515	0	0	0	0	0	0	279.1381795282	0	0	0	0	0	0	0	0	0	615.6886533091	0	0	938.8189972617	1495.5806505176	1978.2888888357	0	0	581.3989529190	0	0	553.6990818000	0	0	0	0	0	353.0595228743	0	0	0	0	1312.4330106596	2903.1350957334	0	0	0	1081.5133033712	0	0	0	1742.5907326544	0	0	0	0	460.8480547086	0	0	0	0	0	0	0	0	0	0	0	0	886.3222083338	0	0	0	0	0	0	0	592.9066317592	0	0	0	0	0	0	0	0	0	0	0	0	0	0	0	0	789.1267749562	0	0	0	0	0	0	0	0	0	0	0	0	0	0	0	0	0	0	0	0	0	0
PWY-8004: Entner-Doudoroff pathway I|unclassified	0	0	0	0	175.8105898930	0	0	401.6255958936	0	0	0	0	0	0	0	288.2864738191	0	0	0	0	0	0	0	0	0	0	0	315.5215213235	41.8840793757	0	37.7896083515	0	0	0	0	0	0	279.1381795282	0	0	0	0	0	0	0	0	0	615.6886533091	0	0	937.0294484258	1495.5806505176	1978.2888888357	0	0	581.3989529190	0	0	553.6990818000	0	0	0	0	0	353.0595228743	0	0	0	0	0	2903.1350957334	0	0	0	1081.5133033712	0	0	0	1742.5907326544	0	0	0	0	460.8480547086	0	0	0	0	0	0	0	0	0	0	0	0	886.3222083338	0	0	0	0	0	0	0	592.9066317592	0	0	0	0	0	0	0	0	0	0	0	0	0	0	0	0	773.4915075612	0	0	0	0	0	0	0	0	0	0	0	0	0	0	0	0	0	0	0	0	0	0
PWY-8055: palmitoyl ethanolamide biosynthesis	0	0	0	0	0	0	0	0	0	0	0	0	0	0	0	20.9297520555	0	0	0	0	0	0	0	0	0	0	0	0	0	0	0	0	0	0	0	0	0	0	0	0	0	0	0	0	0	0	0	0	0	0	0	0	0	0	0	0	0	0	0	0	0	0	0	0	0	0	0	0	0	0	0	0	0	0	0	0	0	0	0	0	0	0	0	0	0	0	0	0	0	0	0	0	0	0	0	0	0	0	0	0	0	0	0	0	0	0	0	0	0	0	0	0	0	0	0	0	0	0	0	0	0	0	0	0	0	0	0	0	0	0	0	0	0	0	0	0	0	0	0	0	0	0	0	0
PWY-8055: palmitoyl ethanolamide biosynthesis|unclassified	0	0	0	0	0	0	0	0	0	0	0	0	0	0	0	20.9297520555	0	0	0	0	0	0	0	0	0	0	0	0	0	0	0	0	0	0	0	0	0	0	0	0	0	0	0	0	0	0	0	0	0	0	0	0	0	0	0	0	0	0	0	0	0	0	0	0	0	0	0	0	0	0	0	0	0	0	0	0	0	0	0	0	0	0	0	0	0	0	0	0	0	0	0	0	0	0	0	0	0	0	0	0	0	0	0	0	0	0	0	0	0	0	0	0	0	0	0	0	0	0	0	0	0	0	0	0	0	0	0	0	0	0	0	0	0	0	0	0	0	0	0	0	0	0	0	0
PWY-8073: lipid IVA biosynthesis (P. putida)	0	0	0	0	0	0	0	0	0	0	0	0	0	0	0	0	0	0	0	0	0	0	0	0	0	0	0	0	0	0	49.6275478630	0	0	0	0	0	0	173.8928995522	0	0	0	0	0	41.1070290349	31.3784009636	0	0	0	0	0	0	343.0635107479	0	0	0	0	0	0	0	0	0	0	0	0	362.5222683770	0	0	0	0	484.4586393924	0	0	0	0	90.8782120328	0	0	0	129.0072638093	0	0	0	0	0	0	0	0	0	0	0	0	0	0	0	0	0	595.2207377383	0	0	0	0	0	0	0	149.7895392587	0	0	0	0	0	0	0	0	0	0	0	0	0	0	0	0	0	0	0	0	0	0	0	0	0	0	0	0	0	0	0	0	0	0	0	0	0	0	0
PWY-8073: lipid IVA biosynthesis (P. putida)|unclassified	0	0	0	0	0	0	0	0	0	0	0	0	0	0	0	0	0	0	0	0	0	0	0	0	0	0	0	0	0	0	49.6275478630	0	0	0	0	0	0	173.8928995522	0	0	0	0	0	41.1070290349	31.3784009636	0	0	0	0	0	0	343.0635107479	0	0	0	0	0	0	0	0	0	0	0	0	362.5222683770	0	0	0	0	414.9203594831	0	0	0	0	90.8782120328	0	0	0	129.0072638093	0	0	0	0	0	0	0	0	0	0	0	0	0	0	0	0	0	595.2207377383	0	0	0	0	0	0	0	149.7895392587	0	0	0	0	0	0	0	0	0	0	0	0	0	0	0	0	0	0	0	0	0	0	0	0	0	0	0	0	0	0	0	0	0	0	0	0	0	0	0
PWY-8178: pentose phosphate pathway (non-oxidative branch) II	0	0	0	0	1637.9832869607	0	372.2319131212	966.6979415933	0	0	0	0	0	0	0	1036.7755908364	123.0845709974	0	0	629.0016456085	0	0	0	0	0	1853.9063216532	0	1019.4152939757	0	591.2031976995	329.9909664162	241.8942448733	30.5093248788	0	0	0	0	891.7115085990	0	261.0031869653	0	0	565.9869412564	714.9379570394	408.2176668525	0	0	2318.6175484823	0	0	3057.8972906594	1503.8504924069	1090.4320515939	0	0	603.9946367162	0	0	3242.4654291775	66.9301940562	0	0	0	935.0645034798	780.5634575884	224.6541729549	0	34.9694976900	0	1374.3771044630	5362.8541026691	0	0	561.0080528387	2401.2070377355	0	76.0539984176	0	3898.1426358949	2018.7452850804	0	0	0	4349.7596104504	0	0	2993.6631569863	0	510.1023237614	0	0	0	597.4158097050	0	0	0	2286.8721728569	0	0	0	0	0	0	0	462.9722053556	0	0	0	0	0	0	0	303.3635301787	0	0	316.1512490500	0	0	0	0	0	3717.4586734586	0	0	0	0	0	0	0	0	0	0	0	0	0	0	0	0	0	0	0	0	0	0
PWY-8178: pentose phosphate pathway (non-oxidative branch) II|unclassified	0	0	0	0	1637.9832869607	0	372.2319131212	966.6979415933	0	0	0	0	0	0	0	1036.7755908364	123.0845709974	0	0	629.0016456085	0	0	0	0	0	1853.9063216532	0	1019.4152939757	0	591.2031976995	329.9909664162	241.8942448733	30.5093248788	0	0	0	0	891.7115085990	0	261.0031869653	0	0	565.9869412564	714.9379570394	408.2176668525	0	0	2318.6175484823	0	0	3057.8972906594	1503.8504924069	1090.4320515939	0	0	603.9946367162	0	0	3242.4654291775	66.9301940562	0	0	0	935.0645034798	780.5634575884	224.6541729549	0	34.9694976900	0	747.0877695287	5362.8541026691	0	0	561.0080528387	2401.2070377355	0	76.0539984176	0	3898.1426358949	2018.7452850804	0	0	0	4349.7596104504	0	0	2993.6631569863	0	510.1023237614	0	0	0	597.4158097050	0	0	0	2286.8721728569	0	0	0	0	0	0	0	462.9722053556	0	0	0	0	0	0	0	303.3635301787	0	0	315.9271979707	0	0	0	0	0	2224.8664749699	0	0	0	0	0	0	0	0	0	0	0	0	0	0	0	0	0	0	0	0	0	0
PWY-8187: L-arginine degradation XIII (reductive Stickland reaction)	0	0	0	0	702.1893628087	0	0	316.7323299890	0	0	0	0	0	0	0	0	0	0	0	0	0	0	0	0	0	1377.9663254515	0	0	0	234.2681682585	133.4266481505	0	0	0	0	0	0	165.7334273180	0	159.3460380011	316.6550117818	0	289.4064566508	0	635.5277462031	0	0	199.7310873532	0	0	1857.2330288730	71.0025960868	0	0	0	27.2553044251	0	0	1074.8881045456	0	0	0	0	101.4008526054	194.6743737782	0	0	0	0	152.9502843548	3007.4513238763	0	0	0	0	0	0	0	907.0694314649	260.5670394803	0	0	0	1878.0970585908	0	0	485.9319354952	0	0	0	0	0	0	0	0	0	1139.9792072971	0	0	0	0	0	0	0	0	0	0	0	0	0	0	0	0	0	0	0	0	0	0	0	0	470.7173998031	0	0	0	0	0	0	0	0	0	0	0	0	0	0	0	0	0	0	0	0	0	0
PWY-8187: L-arginine degradation XIII (reductive Stickland reaction)|unclassified	0	0	0	0	702.1893628087	0	0	316.7323299890	0	0	0	0	0	0	0	0	0	0	0	0	0	0	0	0	0	1377.9663254515	0	0	0	234.2681682585	133.4266481505	0	0	0	0	0	0	165.7334273180	0	159.3460380011	316.6550117818	0	289.4064566508	0	635.5277462031	0	0	199.7310873532	0	0	1857.2330288730	71.0025960868	0	0	0	27.2553044251	0	0	1074.8881045456	0	0	0	0	101.4008526054	194.6743737782	0	0	0	0	152.9502843548	3007.4513238763	0	0	0	0	0	0	0	907.0694314649	260.5670394803	0	0	0	1878.0970585908	0	0	485.9319354952	0	0	0	0	0	0	0	0	0	1139.9792072971	0	0	0	0	0	0	0	0	0	0	0	0	0	0	0	0	0	0	0	0	0	0	0	0	470.7173998031	0	0	0	0	0	0	0	0	0	0	0	0	0	0	0	0	0	0	0	0	0	0
PWY-8190: L-glutamate degradation XI (reductive Stickland reaction)	0	0	0	0	0	0	0	0	0	0	0	0	0	0	0	0	0	0	0	0	0	0	0	0	0	0	0	0	0	0	0	0	0	0	0	0	0	78.5238525856	0	0	0	0	0	0	0	0	0	0	0	0	0	0	0	0	0	0	0	0	0	0	0	0	0	0	0	0	0	0	0	0	0	0	0	0	0	0	0	0	0	0	0	0	0	0	0	0	0	0	0	0	0	0	0	0	0	0	0	0	0	0	0	0	0	0	0	0	0	0	0	0	0	0	0	0	0	0	0	0	0	0	0	0	0	0	0	0	0	0	0	0	0	0	0	0	0	0	0	0	0	0	0	0	0	0
PWY-8190: L-glutamate degradation XI (reductive Stickland reaction)|unclassified	0	0	0	0	0	0	0	0	0	0	0	0	0	0	0	0	0	0	0	0	0	0	0	0	0	0	0	0	0	0	0	0	0	0	0	0	0	78.5238525856	0	0	0	0	0	0	0	0	0	0	0	0	0	0	0	0	0	0	0	0	0	0	0	0	0	0	0	0	0	0	0	0	0	0	0	0	0	0	0	0	0	0	0	0	0	0	0	0	0	0	0	0	0	0	0	0	0	0	0	0	0	0	0	0	0	0	0	0	0	0	0	0	0	0	0	0	0	0	0	0	0	0	0	0	0	0	0	0	0	0	0	0	0	0	0	0	0	0	0	0	0	0	0	0	0	0
PWY-822: fructan biosynthesis	0	0	0	0	0	0	0	0	0	0	0	0	0	0	0	0	0	0	0	0	0	0	0	0	0	0	0	0	0	0	0	0	0	0	0	0	0	0	0	0	0	0	0	0	0	0	0	0	0	0	12.2950819672	0	0	0	0	0	0	0	0	0	0	0	0	0	0	0	0	0	0	0	0	0	0	0	0	0	0	0	0	0	0	0	0	0	0	0	0	0	0	0	0	0	0	0	0	0	0	0	0	0	0	0	0	0	0	0	0	0	0	0	0	0	0	0	0	0	0	0	0	0	0	0	0	3867.2547606674	0	0	0	0	0	0	0	0	0	0	0	0	0	0	0	0	0	0	0	0
PWY-822: fructan biosynthesis|unclassified	0	0	0	0	0	0	0	0	0	0	0	0	0	0	0	0	0	0	0	0	0	0	0	0	0	0	0	0	0	0	0	0	0	0	0	0	0	0	0	0	0	0	0	0	0	0	0	0	0	0	12.2950819672	0	0	0	0	0	0	0	0	0	0	0	0	0	0	0	0	0	0	0	0	0	0	0	0	0	0	0	0	0	0	0	0	0	0	0	0	0	0	0	0	0	0	0	0	0	0	0	0	0	0	0	0	0	0	0	0	0	0	0	0	0	0	0	0	0	0	0	0	0	0	0	0	3867.2547606674	0	0	0	0	0	0	0	0	0	0	0	0	0	0	0	0	0	0	0	0
PWY-841: superpathway of purine nucleotides de novo biosynthesis I	0	0	0	0	0	0	0	144.3612338838	0	0	0	0	0	0	0	196.7650535041	0	0	0	0	0	0	0	0	0	352.1808228147	0	0	0	47.4714420748	54.4856797628	0	0	0	0	0	0	0	0	0	0	0	0	0	0	0	0	1021.8595650398	0	0	982.4704423744	866.7474687199	0	0	0	0	0	0	325.1166622231	0	0	0	0	0	192.2216381991	0	0	0	0	1292.1364293754	464.2573877447	0	0	0	393.7017094029	0	0	0	1170.2055819504	40.2716654605	0	0	0	243.4509304015	0	0	0	0	0	0	0	0	0	0	0	0	631.9437143337	0	0	0	0	0	0	0	82.1685997693	0	0	0	0	0	0	0	0	0	0	0	0	0	0	0	0	109.0250524998	0	0	0	0	0	0	0	0	0	0	0	0	0	0	0	0	0	0	0	0	0	0
PWY-841: superpathway of purine nucleotides de novo biosynthesis I|unclassified	0	0	0	0	0	0	0	144.3612338838	0	0	0	0	0	0	0	196.7650535041	0	0	0	0	0	0	0	0	0	352.1808228147	0	0	0	47.4714420748	54.4856797628	0	0	0	0	0	0	0	0	0	0	0	0	0	0	0	0	1021.5023272597	0	0	982.4704423744	866.7300218559	0	0	0	0	0	0	325.1166622231	0	0	0	0	0	192.2216381991	0	0	0	0	1193.8257661996	464.2573877447	0	0	0	393.7017094029	0	0	0	1170.2055819504	39.9789981731	0	0	0	240.9356626613	0	0	0	0	0	0	0	0	0	0	0	0	631.9437143337	0	0	0	0	0	0	0	82.1685997693	0	0	0	0	0	0	0	0	0	0	0	0	0	0	0	0	105.8259174020	0	0	0	0	0	0	0	0	0	0	0	0	0	0	0	0	0	0	0	0	0	0
PWY-922: mevalonate pathway I (eukaryotes and bacteria)	0	0	0	0	0	0	0	63.1958364722	0	0	0	0	0	0	0	0	0	0	0	0	0	0	0	0	0	715.6443493012	0	0	0	0	0	0	0	0	0	0	0	0	0	0	0	0	0	0	0	0	0	0	0	0	615.4851861627	87.4336144420	242.2606800829	0	0	0	0	0	0	0	0	0	0	0	0	0	0	0	0	0	0	0	0	0	0	0	0	0	0	0	0	0	0	695.7165090272	0	0	764.0901509811	0	0	0	0	0	0	0	0	0	0	0	0	0	0	0	0	0	0	0	0	0	0	0	0	0	0	0	0	0	0	0	0	0	0	45.3215729828	0	0	0	0	0	0	0	0	0	0	0	0	0	0	0	0	0	0	0	0	0	0
PWY-922: mevalonate pathway I (eukaryotes and bacteria)|unclassified	0	0	0	0	0	0	0	63.1958364722	0	0	0	0	0	0	0	0	0	0	0	0	0	0	0	0	0	715.6443493012	0	0	0	0	0	0	0	0	0	0	0	0	0	0	0	0	0	0	0	0	0	0	0	0	615.4851861627	87.4336144420	242.2606800829	0	0	0	0	0	0	0	0	0	0	0	0	0	0	0	0	0	0	0	0	0	0	0	0	0	0	0	0	0	0	695.7165090272	0	0	764.0901509811	0	0	0	0	0	0	0	0	0	0	0	0	0	0	0	0	0	0	0	0	0	0	0	0	0	0	0	0	0	0	0	0	0	0	45.3215729828	0	0	0	0	0	0	0	0	0	0	0	0	0	0	0	0	0	0	0	0	0	0
PWY-I9: L-cysteine biosynthesis VI (from L-methionine)	0	0	0	0	1091.4731933357	0	0	245.5172566000	0	0	0	0	0	0	0	324.0556291694	0	0	0	0	0	0	0	0	0	1207.8634099143	0	264.3040060546	0	55.8429501799	94.3196503041	0	0	0	0	0	0	356.3742662289	0	131.3931461649	0	0	210.6339473336	0	0	0	0	781.3534649780	0	0	1470.5681564289	1228.9773552346	0	0	0	102.7313141673	0	0	629.8892133899	0	0	0	468.0996468530	443.2238879668	153.0796800965	0	0	0	0	288.3539249817	2287.0755701118	0	0	218.3936515893	1080.8988376041	0	0	0	1338.4126305405	0	0	0	0	1340.8291712740	0	0	1287.8076996247	0	0	0	0	0	0	0	0	0	397.1179989975	0	0	0	0	0	0	0	41.3233660671	0	0	0	0	0	0	0	0	0	0	0	0	0	0	0	0	440.2849357115	0	0	0	0	0	0	0	0	0	0	0	0	0	0	0	0	0	0	0	0	0	0
PWY-I9: L-cysteine biosynthesis VI (from L-methionine)|unclassified	0	0	0	0	1091.4731933357	0	0	245.5172566000	0	0	0	0	0	0	0	324.0556291694	0	0	0	0	0	0	0	0	0	1207.8634099143	0	259.2372106058	0	55.8429501799	94.3196503041	0	0	0	0	0	0	356.3742662289	0	131.3931461649	0	0	210.6339473336	0	0	0	0	781.3534649780	0	0	1470.5681564289	1228.9773552346	0	0	0	102.7313141673	0	0	629.8892133899	0	0	0	468.0996468530	443.2238879668	153.0796800965	0	0	0	0	288.3539249817	2287.0755701118	0	0	218.3936515893	1080.8988376041	0	0	0	1338.4126305405	0	0	0	0	1340.8291712740	0	0	1287.8076996247	0	0	0	0	0	0	0	0	0	397.1179989975	0	0	0	0	0	0	0	41.3233660671	0	0	0	0	0	0	0	0	0	0	0	0	0	0	0	0	428.0042166662	0	0	0	0	0	0	0	0	0	0	0	0	0	0	0	0	0	0	0	0	0	0
PWY0-1061: superpathway of L-alanine biosynthesis	0	0	0	0	280.0650517684	0	0	0	0	0	0	0	0	0	0	464.0137476334	0	0	0	0	0	0	0	0	0	1002.7758100259	0	0	0	0	82.4684679041	0	0	0	0	0	0	139.8526757571	0	0	0	0	0	0	0	0	0	106.1631837352	0	0	744.0358295635	167.1675104660	0	0	0	0	0	0	0	0	0	0	0	0	59.5115639119	0	0	0	0	0	1075.8667882821	0	0	0	767.5697643037	0	0	0	910.6982951616	0	0	0	0	864.9931423120	0	0	129.1995059630	0	0	0	0	0	0	0	0	0	402.4745211392	0	0	0	0	0	0	0	72.6361381631	0	0	0	0	0	0	0	0	0	0	0	0	0	0	0	0	633.6679031498	0	0	0	0	0	0	0	0	0	0	0	0	0	0	0	0	0	0	0	0	0	0
PWY0-1061: superpathway of L-alanine biosynthesis|unclassified	0	0	0	0	280.0650517684	0	0	0	0	0	0	0	0	0	0	464.0137476334	0	0	0	0	0	0	0	0	0	1002.7758100259	0	0	0	0	82.4684679041	0	0	0	0	0	0	139.8526757571	0	0	0	0	0	0	0	0	0	106.1631837352	0	0	744.0358295635	167.1675104660	0	0	0	0	0	0	0	0	0	0	0	0	59.5115639119	0	0	0	0	0	1075.8667882821	0	0	0	767.5697643037	0	0	0	910.6982951616	0	0	0	0	864.9931423120	0	0	129.1995059630	0	0	0	0	0	0	0	0	0	402.4745211392	0	0	0	0	0	0	0	72.6361381631	0	0	0	0	0	0	0	0	0	0	0	0	0	0	0	0	628.6887879369	0	0	0	0	0	0	0	0	0	0	0	0	0	0	0	0	0	0	0	0	0	0
PWY0-1241: ADP-L-glycero-&beta;-D-manno-heptose biosynthesis	0	0	0	0	0	0	0	0	0	0	0	0	0	0	0	245.1028280055	0	0	0	0	0	0	0	0	0	0	0	0	0	0	11.0200677239	0	0	0	0	0	0	0	0	0	0	0	0	0	0	0	0	0	0	0	0	0	0	0	0	0	0	0	0	0	0	0	241.5507249445	0	62.4155519634	0	0	0	0	0	0	0	0	0	423.6665570789	0	0	0	0	0	0	0	0	0	0	0	0	0	0	0	0	0	0	0	0	0	502.2969368830	0	0	0	0	0	0	0	19.9610031668	0	0	0	0	0	0	0	0	0	0	0	0	0	0	0	0	0	0	0	0	0	0	0	0	0	0	0	0	0	0	0	0	0	0	0	0	0	0	0
PWY0-1241: ADP-L-glycero-&beta;-D-manno-heptose biosynthesis|unclassified	0	0	0	0	0	0	0	0	0	0	0	0	0	0	0	245.1028280055	0	0	0	0	0	0	0	0	0	0	0	0	0	0	11.0200677239	0	0	0	0	0	0	0	0	0	0	0	0	0	0	0	0	0	0	0	0	0	0	0	0	0	0	0	0	0	0	0	241.5507249445	0	62.4155519634	0	0	0	0	0	0	0	0	0	423.6665570789	0	0	0	0	0	0	0	0	0	0	0	0	0	0	0	0	0	0	0	0	0	502.2969368830	0	0	0	0	0	0	0	19.9610031668	0	0	0	0	0	0	0	0	0	0	0	0	0	0	0	0	0	0	0	0	0	0	0	0	0	0	0	0	0	0	0	0	0	0	0	0	0	0	0
PWY0-1261: anhydromuropeptides recycling I	0	0	0	0	0	0	0	0	0	0	0	0	0	0	0	0	0	0	0	0	0	0	0	0	0	0	0	0	0	0	19.8782849572	0	0	0	0	0	0	0	0	0	0	0	0	0	0	0	0	0	0	0	0	0	0	0	0	0	0	0	0	0	0	0	0	0	0	0	0	0	0	0	0	0	0	0	0	0	0	0	0	0	0	0	0	0	0	0	0	0	0	0	0	0	0	0	0	0	422.0454381156	0	0	0	0	0	0	0	38.0956541077	0	0	0	0	0	0	0	0	0	0	0	0	0	0	0	0	0	0	0	0	0	0	0	0	0	0	0	0	0	0	0	0	0	0	0	0	0	0	0
PWY0-1261: anhydromuropeptides recycling I|unclassified	0	0	0	0	0	0	0	0	0	0	0	0	0	0	0	0	0	0	0	0	0	0	0	0	0	0	0	0	0	0	19.8782849572	0	0	0	0	0	0	0	0	0	0	0	0	0	0	0	0	0	0	0	0	0	0	0	0	0	0	0	0	0	0	0	0	0	0	0	0	0	0	0	0	0	0	0	0	0	0	0	0	0	0	0	0	0	0	0	0	0	0	0	0	0	0	0	0	0	422.0454381156	0	0	0	0	0	0	0	38.0956541077	0	0	0	0	0	0	0	0	0	0	0	0	0	0	0	0	0	0	0	0	0	0	0	0	0	0	0	0	0	0	0	0	0	0	0	0	0	0	0
PWY0-1296: purine ribonucleosides degradation	0	0	0	0	1461.9470978731	0	382.5821690942	1238.5124689000	0	0	0	0	0	0	0	0	0	0	0	105.1308194407	0	0	0	0	0	5096.3139803768	0	279.0118896440	0	160.8781761874	88.3286090029	0	0	0	0	0	50.3767165354	1428.2803599260	311.0112070327	364.6856624086	0	0	37.4197416458	742.9216777924	0	0	0	581.7986668976	0	0	5743.7606427834	2257.6360162629	742.5666303670	0	0	0	0	0	5312.1759325089	0	0	0	0	316.8270855942	502.1702466391	0	0	0	0	0	5150.9081155402	0	0	342.7188343289	0	20.0114655093	0	0	196.2519176596	135.8496395074	0	0	0	4478.5536478546	0	0	3413.3187889503	0	302.2868546650	0	0	0	148.6696808488	0	0	0	1289.4006356142	0	0	0	0	0	0	0	322.6073428553	0	0	0	0	18.2389810930	0	0	0	0	0	53.6321430662	0	0	0	0	0	1320.0280186091	0	0	0	0	0	0	0	0	0	0	0	0	0	0	0	0	0	0	0	0	0	0
PWY0-1296: purine ribonucleosides degradation|unclassified	0	0	0	0	1461.9470978731	0	382.5821690942	1238.5124689000	0	0	0	0	0	0	0	0	0	0	0	105.1308194407	0	0	0	0	0	5096.3139803768	0	279.0118896440	0	160.8781761874	88.3286090029	0	0	0	0	0	50.3767165354	1428.2803599260	311.0112070327	364.6856624086	0	0	37.4197416458	742.9216777924	0	0	0	581.7986668976	0	0	5743.7606427834	2257.6360162629	742.5666303670	0	0	0	0	0	5312.1759325089	0	0	0	0	316.8270855942	502.1702466391	0	0	0	0	0	5150.9081155402	0	0	342.7188343289	0	20.0114655093	0	0	196.2519176596	135.8496395074	0	0	0	4478.5536478546	0	0	3413.3187889503	0	302.2868546650	0	0	0	148.6696808488	0	0	0	1289.4006356142	0	0	0	0	0	0	0	322.6073428553	0	0	0	0	18.2389810930	0	0	0	0	0	53.6321430662	0	0	0	0	0	1320.0280186091	0	0	0	0	0	0	0	0	0	0	0	0	0	0	0	0	0	0	0	0	0	0
PWY0-1297: superpathway of purine deoxyribonucleosides degradation	0	0	0	0	1344.6529185786	0	219.9175474176	102.3861853106	0	0	0	0	0	0	0	0	0	0	0	102.8734812690	0	0	0	0	0	2700.6638748089	0	300.0623871259	0	116.4676604968	0	0	0	0	0	0	0	137.8843118590	170.5129835087	265.4815193912	0	0	38.3380272563	363.0448005259	0	0	0	542.3706111630	0	0	2070.8831690580	620.5689230430	157.5055524379	0	0	0	0	0	1367.4752474578	0	0	0	0	182.8049672253	459.8749899173	0	0	0	0	0	4413.4970934745	0	0	306.5054197802	0	0	0	0	188.2330623285	122.4246297189	0	0	0	3707.1030023036	0	0	965.4712555201	0	250.6586889984	0	0	0	173.5199540581	0	0	0	621.3382550879	0	0	0	0	0	0	0	232.2263489486	0	0	0	0	0	0	0	0	0	0	0	0	0	0	0	0	1483.2682717828	0	0	0	0	0	0	0	0	0	0	0	0	0	0	0	0	0	0	0	0	0	0
PWY0-1297: superpathway of purine deoxyribonucleosides degradation|unclassified	0	0	0	0	1344.6529185786	0	219.9175474176	102.3861853106	0	0	0	0	0	0	0	0	0	0	0	102.8734812690	0	0	0	0	0	2700.6638748089	0	300.0623871259	0	116.4676604968	0	0	0	0	0	0	0	137.8843118590	170.5129835087	265.4815193912	0	0	38.3380272563	363.0448005259	0	0	0	542.3706111630	0	0	2070.8831690580	620.5689230430	157.5055524379	0	0	0	0	0	1367.4752474578	0	0	0	0	182.8049672253	459.8749899173	0	0	0	0	0	4413.4970934745	0	0	306.5054197802	0	0	0	0	188.2330623285	122.4246297189	0	0	0	3707.1030023036	0	0	965.4712555201	0	250.6586889984	0	0	0	173.5199540581	0	0	0	621.3382550879	0	0	0	0	0	0	0	232.2263489486	0	0	0	0	0	0	0	0	0	0	0	0	0	0	0	0	1483.2682717828	0	0	0	0	0	0	0	0	0	0	0	0	0	0	0	0	0	0	0	0	0	0
PWY0-1298: superpathway of pyrimidine deoxyribonucleosides degradation	0	0	0	0	1217.8858058449	0	172.7686976898	96.1442749744	0	0	0	0	0	0	0	0	0	0	0	84.9134828659	0	0	0	0	0	2095.4890271371	0	170.7858540914	0	148.3032509112	0	0	0	0	0	0	0	113.3879108894	59.4170026246	313.8312260698	0	0	40.0906892567	280.3310907738	0	0	0	419.4034008979	0	0	1632.0772022258	1051.0467842820	539.9833102110	0	0	363.0052911739	0	0	928.5905912733	0	0	0	0	121.7978648503	48.7342199534	0	0	0	0	121.2656106994	4078.5856446331	0	0	145.6849350101	0	0	0	0	868.4308295569	0	0	0	0	2063.5820497714	0	0	1254.4339370408	0	192.2996067279	0	0	0	220.3252172044	0	0	0	471.3842830743	0	0	0	0	0	0	0	202.2814439332	0	0	0	0	0	0	0	109.5332076811	0	0	0	0	0	0	0	0	519.0580886541	0	0	0	0	0	0	0	0	0	0	0	0	0	0	0	0	0	0	0	0	0	0
PWY0-1298: superpathway of pyrimidine deoxyribonucleosides degradation|unclassified	0	0	0	0	1217.8858058449	0	172.7686976898	96.1442749744	0	0	0	0	0	0	0	0	0	0	0	84.9134828659	0	0	0	0	0	2095.4890271371	0	170.7858540914	0	148.3032509112	0	0	0	0	0	0	0	113.3879108894	59.4170026246	313.8312260698	0	0	40.0906892567	280.3310907738	0	0	0	419.4034008979	0	0	1632.0772022258	1051.0467842820	539.9833102110	0	0	363.0052911739	0	0	928.5905912733	0	0	0	0	121.7978648503	48.7342199534	0	0	0	0	120.2658007250	4078.5856446331	0	0	145.6849350101	0	0	0	0	868.4308295569	0	0	0	0	2063.5820497714	0	0	1254.4339370408	0	192.2996067279	0	0	0	220.3252172044	0	0	0	471.3842830743	0	0	0	0	0	0	0	202.2814439332	0	0	0	0	0	0	0	109.5332076811	0	0	0	0	0	0	0	0	509.7563633436	0	0	0	0	0	0	0	0	0	0	0	0	0	0	0	0	0	0	0	0	0	0
PWY0-1319: CDP-diacylglycerol biosynthesis II	32.9641650267	0	0	0	834.8900368519	0	117.9452056976	0	0	0	0	0	0	0	0	246.8590026044	234.5043448146	0	0	0	0	0	0	0	0	696.2306816424	0	292.1140516719	0	0	188.9153186195	50.4043188633	115.4893114349	0	20.5584167068	0	0	440.8654957189	0	101.2052109741	0	0	248.5458433657	169.4640262369	903.7823435846	46.7224124697	0	355.2499367377	0	0	94.0109435023	291.7768874162	390.8184242748	0	0	0	0	0	266.5426310378	16.2719673587	0	0	520.3473018203	73.0280299539	479.3399608874	192.3821248635	0	22.2489217716	0	415.9066244740	1059.4798507844	0	0	45.6024248351	1011.2698348415	0	267.4635417700	0	1526.9297629041	143.0809511291	0	0	0	749.0006574178	0	0	717.0944370551	0	0	0	0	0	174.3757505539	0	0	0	1108.6387525451	0	0	0	0	0	0	0	124.5380042724	0	0	20.8806712734	0	0	0	0	30.8558996894	0	0	129.7104657132	0	0	0	0	0	866.4425183915	0	0	0	0	0	0	0	0	0	0	0	0	0	0	0	0	0	0	0	0	0	0
PWY0-1319: CDP-diacylglycerol biosynthesis II|unclassified	32.9641650267	0	0	0	834.8900368519	0	117.9452056976	0	0	0	0	0	0	0	0	246.8590026044	234.5043448146	0	0	0	0	0	0	0	0	696.2306816424	0	292.1140516719	0	0	188.9153186195	50.4043188633	115.4893114349	0	20.5584167068	0	0	440.8654957189	0	101.2052109741	0	0	248.5458433657	169.4640262369	903.7823435846	46.7224124697	0	355.2499367377	0	0	94.0109435023	291.7768874162	390.8184242748	0	0	0	0	0	266.5426310378	16.2719673587	0	0	520.3473018203	73.0280299539	479.3399608874	192.3821248635	0	22.2489217716	0	412.8052765422	1059.4798507844	0	0	45.6024248351	1011.2698348415	0	267.4635417700	0	1526.9297629041	142.7505203337	0	0	0	749.0006574178	0	0	717.0944370551	0	0	0	0	0	174.3757505539	0	0	0	1108.6387525451	0	0	0	0	0	0	0	124.5380042724	0	0	20.8806712734	0	0	0	0	30.8558996894	0	0	126.3031756567	0	0	0	0	0	823.1285541827	0	0	0	0	0	0	0	0	0	0	0	0	0	0	0	0	0	0	0	0	0	0
PWY0-1337: oleate &beta;-oxidation	0	0	0	0	0	0	0	0	0	0	0	0	0	0	0	0	0	0	0	0	0	0	0	0	0	0	0	0	0	0	40.1233889146	0	0	0	0	0	0	0	0	0	0	0	0	0	0	0	0	0	0	0	0	0	0	0	0	0	0	0	0	0	0	0	0	0	0	0	0	0	0	0	0	0	0	0	0	0	0	0	0	0	0	0	0	0	0	0	0	0	0	0	0	0	0	0	0	0	397.4538818295	0	0	0	0	0	0	0	23.2325514325	0	0	0	0	0	0	0	0	0	0	0	0	0	0	0	0	0	0	0	0	0	0	0	0	0	0	0	0	0	0	0	0	0	0	0	0	0	0	0
PWY0-1337: oleate &beta;-oxidation|unclassified	0	0	0	0	0	0	0	0	0	0	0	0	0	0	0	0	0	0	0	0	0	0	0	0	0	0	0	0	0	0	40.1233889146	0	0	0	0	0	0	0	0	0	0	0	0	0	0	0	0	0	0	0	0	0	0	0	0	0	0	0	0	0	0	0	0	0	0	0	0	0	0	0	0	0	0	0	0	0	0	0	0	0	0	0	0	0	0	0	0	0	0	0	0	0	0	0	0	0	397.4538818295	0	0	0	0	0	0	0	23.2325514325	0	0	0	0	0	0	0	0	0	0	0	0	0	0	0	0	0	0	0	0	0	0	0	0	0	0	0	0	0	0	0	0	0	0	0	0	0	0	0
PWY0-1338: polymyxin resistance	0	0	0	0	0	0	0	0	0	0	0	0	0	0	0	0	0	0	0	0	0	0	0	0	0	0	0	0	0	0	28.0200872498	0	0	0	0	0	0	712.8388598630	0	0	0	0	0	388.8099782414	0	0	0	0	0	0	0	0	0	0	0	0	0	0	0	0	0	0	0	0	0	0	0	0	0	0	0	0	0	0	0	0	0	0	0	0	0	0	0	0	0	0	0	0	0	0	0	0	0	0	0	0	394.9184111926	0	0	0	0	0	0	0	0	0	0	0	0	0	0	0	0	0	0	0	0	0	0	0	0	0	0	0	0	0	0	0	0	0	0	0	0	0	0	0	0	0	0	0	0	0	0	0
PWY0-1338: polymyxin resistance|unclassified	0	0	0	0	0	0	0	0	0	0	0	0	0	0	0	0	0	0	0	0	0	0	0	0	0	0	0	0	0	0	28.0200872498	0	0	0	0	0	0	712.8388598630	0	0	0	0	0	388.8099782414	0	0	0	0	0	0	0	0	0	0	0	0	0	0	0	0	0	0	0	0	0	0	0	0	0	0	0	0	0	0	0	0	0	0	0	0	0	0	0	0	0	0	0	0	0	0	0	0	0	0	0	0	394.9184111926	0	0	0	0	0	0	0	0	0	0	0	0	0	0	0	0	0	0	0	0	0	0	0	0	0	0	0	0	0	0	0	0	0	0	0	0	0	0	0	0	0	0	0	0	0	0	0
PWY0-1415: superpathway of heme b biosynthesis from uroporphyrinogen-III	0	0	0	0	0	0	0	0	0	0	0	0	0	0	0	0	0	0	0	0	0	0	0	0	0	0	0	0	0	0	104.4709070865	0	0	0	0	0	0	0	0	0	0	0	0	0	0	0	0	0	0	0	0	0	0	0	0	0	0	0	0	0	0	0	0	0	0	0	0	0	0	0	0	0	0	0	0	0	0	0	0	0	0	0	0	0	0	0	0	0	0	0	0	0	0	0	0	0	1428.4741194327	0	0	0	0	0	0	0	26.8083633056	0	0	0	0	0	0	0	0	0	0	0	0	0	0	0	0	0	0	0	0	0	0	0	0	0	0	0	0	0	0	0	0	0	0	0	0	0	0	0
PWY0-1415: superpathway of heme b biosynthesis from uroporphyrinogen-III|unclassified	0	0	0	0	0	0	0	0	0	0	0	0	0	0	0	0	0	0	0	0	0	0	0	0	0	0	0	0	0	0	104.4709070865	0	0	0	0	0	0	0	0	0	0	0	0	0	0	0	0	0	0	0	0	0	0	0	0	0	0	0	0	0	0	0	0	0	0	0	0	0	0	0	0	0	0	0	0	0	0	0	0	0	0	0	0	0	0	0	0	0	0	0	0	0	0	0	0	0	1428.4741194327	0	0	0	0	0	0	0	26.8083633056	0	0	0	0	0	0	0	0	0	0	0	0	0	0	0	0	0	0	0	0	0	0	0	0	0	0	0	0	0	0	0	0	0	0	0	0	0	0	0
PWY0-1477: ethanolamine utilization	0	0	0	0	1449.5036921454	0	0	76.6891477025	0	0	0	0	0	0	0	0	0	0	0	357.7971830659	0	0	0	0	0	2341.0623992128	0	1733.7381925819	0	63.6459635011	58.6625865501	0	0	0	24.9834728078	0	0	91.5266443718	0	431.0258295062	0	0	608.1918077338	246.9794195310	80.6592378610	0	0	819.2956724461	0	0	1257.5106806635	400.2457897312	111.9112975537	0	0	546.5334655377	0	0	1188.5354896234	33.1203741055	0	0	244.0713732615	361.1283719394	1066.0258997123	238.4551656195	0	0	0	227.2618676855	7051.1088770455	0	0	575.7011989610	0	0	0	0	972.8594156252	275.3988571192	0	0	0	5026.8040177769	0	0	634.4749778626	0	227.3833666538	0	0	0	560.2883364605	0	0	0	1781.2766924151	0	0	0	0	0	0	0	502.0806130023	0	0	0	0	3.2505082380	0	0	223.6081908058	0	0	0	0	0	0	0	0	3901.4396135977	0	0	0	0	0	0	0	0	0	0	0	0	0	0	0	0	0	0	0	0	0	0
PWY0-1477: ethanolamine utilization|unclassified	0	0	0	0	1449.5036921454	0	0	76.6891477025	0	0	0	0	0	0	0	0	0	0	0	357.7971830659	0	0	0	0	0	2341.0623992128	0	1733.7381925819	0	63.6459635011	58.6625865501	0	0	0	24.9834728078	0	0	91.5266443718	0	431.0258295062	0	0	608.1918077338	246.9794195310	80.6592378610	0	0	819.2956724461	0	0	1257.5106806635	400.2457897312	111.9112975537	0	0	546.5334655377	0	0	1188.5354896234	33.1203741055	0	0	244.0713732615	361.1283719394	1066.0258997123	238.4551656195	0	0	0	210.3154617523	7051.1088770455	0	0	575.7011989610	0	0	0	0	972.8594156252	275.3988571192	0	0	0	5026.8040177769	0	0	634.4749778626	0	227.3833666538	0	0	0	560.2883364605	0	0	0	1781.2766924151	0	0	0	0	0	0	0	502.0806130023	0	0	0	0	3.2505082380	0	0	223.6081908058	0	0	0	0	0	0	0	0	2595.7181774547	0	0	0	0	0	0	0	0	0	0	0	0	0	0	0	0	0	0	0	0	0	0
PWY0-1479: tRNA processing	0	0	0	0	0	0	0	0	0	0	0	0	0	0	0	328.9389817188	0	0	0	0	0	0	0	0	0	0	0	0	0	0	165.6895105890	0	0	0	0	0	0	791.2689959362	0	0	0	0	0	418.5025123417	0	0	0	0	0	0	0	568.4806354444	0	0	0	0	0	0	0	0	0	0	0	0	308.4665526139	0	0	0	0	57.3525132120	0	0	0	0	922.8541474587	0	0	0	259.9689752335	0	0	0	0	0	0	0	0	0	0	0	0	0	0	0	0	0	196.7819450603	0	0	0	0	0	0	0	78.5503196746	0	0	0	0	0	0	0	0	0	0	0	0	0	0	0	0	0	0	0	0	0	0	0	0	0	0	0	0	0	0	0	0	0	0	0	0	0	0	0
PWY0-1479: tRNA processing|unclassified	0	0	0	0	0	0	0	0	0	0	0	0	0	0	0	328.9389817188	0	0	0	0	0	0	0	0	0	0	0	0	0	0	165.6895105890	0	0	0	0	0	0	791.2689959362	0	0	0	0	0	418.5025123417	0	0	0	0	0	0	0	568.4806354444	0	0	0	0	0	0	0	0	0	0	0	0	308.4665526139	0	0	0	0	57.3525132120	0	0	0	0	922.8541474587	0	0	0	259.9689752335	0	0	0	0	0	0	0	0	0	0	0	0	0	0	0	0	0	196.7819450603	0	0	0	0	0	0	0	78.5503196746	0	0	0	0	0	0	0	0	0	0	0	0	0	0	0	0	0	0	0	0	0	0	0	0	0	0	0	0	0	0	0	0	0	0	0	0	0	0	0
PWY0-1533: methylphosphonate degradation I	0	0	0	0	0	0	0	0	0	0	0	0	0	0	0	0	0	0	0	0	0	0	0	0	0	0	0	0	0	0	0	0	0	0	0	0	0	0	0	0	0	0	0	0	0	0	0	0	0	0	0	0	0	0	0	0	0	0	0	0	0	0	0	0	0	0	0	0	0	0	0	0	0	0	0	0	0	0	0	0	0	0	0	0	0	0	0	0	0	0	0	0	0	0	0	0	40.4257800890	0	0	0	0	0	0	0	0	0	0	0	0	0	0	0	0	0	0	0	0	0	0	0	0	0	0	0	0	0	0	0	0	0	0	0	0	0	0	0	0	0	0	0	0	0	0	0
PWY0-1533: methylphosphonate degradation I|unclassified	0	0	0	0	0	0	0	0	0	0	0	0	0	0	0	0	0	0	0	0	0	0	0	0	0	0	0	0	0	0	0	0	0	0	0	0	0	0	0	0	0	0	0	0	0	0	0	0	0	0	0	0	0	0	0	0	0	0	0	0	0	0	0	0	0	0	0	0	0	0	0	0	0	0	0	0	0	0	0	0	0	0	0	0	0	0	0	0	0	0	0	0	0	0	0	0	40.4257800890	0	0	0	0	0	0	0	0	0	0	0	0	0	0	0	0	0	0	0	0	0	0	0	0	0	0	0	0	0	0	0	0	0	0	0	0	0	0	0	0	0	0	0	0	0	0	0
PWY0-1586: peptidoglycan maturation (meso-diaminopimelate containing)	0	0	0	1775.5418384432	5743.1041150445	0	672.4747403617	969.0762288210	0	0	0	0	0	0	0	841.2041589751	219.2743276336	0	0	255.2430844680	0	0	478.1591575401	0	0	3309.6367681349	0	2699.2611627862	0	400.4828599855	619.2039657792	0	50.9145344694	0	0	0	0	509.5843082925	256.7046666652	1658.8192755601	188.5337541413	0	1042.2182597088	267.2602378440	152.5369999699	0	0	4891.8916779020	0	0	7009.8606058532	4597.4102165653	5874.8951979330	0	0	1678.3391125937	145.2552018814	87.1687281758	10721.4431297457	0	0	0	1615.7449307333	567.2326749951	1242.6981340101	813.6585236161	0	94.3938438824	0	3972.2977258795	26297.4739917058	0	0	521.6171774908	1777.8579588940	0	182.7111045246	0	11614.8280898972	773.2708443213	0	0	0	6156.7511790383	0	0	9490.1342544869	0	2220.9422636696	0	0	0	1652.0908162456	0	0	0	3386.3325068510	0	0	0	0	0	0	0	1141.1276713059	0	0	0	0	37.9841599716	0	0	596.4505873189	0	0	276.4540084557	0	0	0	0	0	3372.2388706706	0	3717.6102751851	0	0	0	0	0	0	0	0	0	0	0	0	0	0	0	0	0	0	0	0
PWY0-1586: peptidoglycan maturation (meso-diaminopimelate containing)|unclassified	0	0	0	1775.5418384432	5743.1041150445	0	672.4747403617	969.0762288210	0	0	0	0	0	0	0	841.2041589751	219.2743276336	0	0	255.2430844680	0	0	478.1591575401	0	0	3309.6367681349	0	2699.2611627862	0	400.4828599855	619.2039657792	0	50.9145344694	0	0	0	0	509.5843082925	256.7046666652	1658.8192755601	188.5337541413	0	1042.2182597088	267.2602378440	152.5369999699	0	0	4891.8916779020	0	0	7009.8606058532	4597.4102165653	5874.8951979330	0	0	1678.3391125937	145.2552018814	87.1687281758	10721.4431297457	0	0	0	1615.7449307333	567.2326749951	1242.6981340101	813.6585236161	0	94.3938438824	0	3972.2977258795	26297.4739917058	0	0	521.6171774908	1777.8579588940	0	182.7111045246	0	11614.8280898972	773.2708443213	0	0	0	6156.7511790383	0	0	9490.1342544869	0	2220.9422636696	0	0	0	1652.0908162456	0	0	0	3386.3325068510	0	0	0	0	0	0	0	1141.1276713059	0	0	0	0	37.9841599716	0	0	596.4505873189	0	0	276.4540084557	0	0	0	0	0	2985.9078107504	0	3717.6102751851	0	0	0	0	0	0	0	0	0	0	0	0	0	0	0	0	0	0	0	0
PWY0-162: superpathway of pyrimidine ribonucleotides de novo biosynthesis	0	0	0	0	396.4779008698	0	146.1098648444	0	0	0	0	0	0	0	0	0	0	0	0	0	0	0	0	0	0	338.7291048724	0	104.3927046272	0	0	46.6096844797	0	0	0	0	0	0	29.1150322992	0	0	0	0	0	0	0	0	0	865.3198547091	0	0	88.2630192088	941.5251407847	99.8404049692	0	0	287.5549092838	0	0	296.7088968473	0	0	0	0	0	133.6111281436	0	0	0	0	801.6659172768	330.0947685287	0	0	41.4641948203	0	0	0	0	826.1477243679	0	0	0	0	109.4470022387	0	0	110.8821375158	0	0	0	0	0	0	0	0	0	709.7384564481	0	0	0	0	0	0	0	38.8967817220	0	0	0	0	0	0	0	0	0	0	0	0	0	0	0	0	0	0	0	0	0	0	0	0	0	0	0	0	0	0	0	0	0	0	0	0	0	0	0
PWY0-162: superpathway of pyrimidine ribonucleotides de novo biosynthesis|unclassified	0	0	0	0	396.4779008698	0	146.1098648444	0	0	0	0	0	0	0	0	0	0	0	0	0	0	0	0	0	0	338.7291048724	0	104.3927046272	0	0	46.6096844797	0	0	0	0	0	0	29.1150322992	0	0	0	0	0	0	0	0	0	865.3198547091	0	0	88.2630192088	941.5251407847	99.8404049692	0	0	287.5549092838	0	0	296.7088968473	0	0	0	0	0	133.6111281436	0	0	0	0	783.5306422684	330.0947685287	0	0	41.4641948203	0	0	0	0	826.1477243679	0	0	0	0	109.4470022387	0	0	110.8821375158	0	0	0	0	0	0	0	0	0	709.7384564481	0	0	0	0	0	0	0	38.8967817220	0	0	0	0	0	0	0	0	0	0	0	0	0	0	0	0	0	0	0	0	0	0	0	0	0	0	0	0	0	0	0	0	0	0	0	0	0	0	0
PWY0-166: superpathway of pyrimidine deoxyribonucleotides de novo biosynthesis (E. coli)	0	0	0	0	0	0	0	0	0	0	0	0	0	0	0	135.0191815795	0	0	0	0	0	0	0	0	0	0	0	0	0	0	101.7258017238	0	0	0	0	0	0	0	0	0	0	0	0	0	0	0	0	0	0	0	0	0	0	0	0	0	0	0	0	0	0	0	0	0	104.3156921822	0	0	0	0	0	0	0	0	0	204.2231013342	0	111.9539792032	0	0	7.7074453009	0	0	0	0	0	0	0	0	0	0	0	0	0	0	0	0	507.8844961948	0	0	0	0	0	0	0	0	0	0	0	0	0	0	0	0	0	0	0	0	0	0	0	0	0	0	0	0	0	0	0	0	0	0	0	0	0	0	0	0	0	0	0	0	0	0	0
PWY0-166: superpathway of pyrimidine deoxyribonucleotides de novo biosynthesis (E. coli)|unclassified	0	0	0	0	0	0	0	0	0	0	0	0	0	0	0	135.0191815795	0	0	0	0	0	0	0	0	0	0	0	0	0	0	101.7258017238	0	0	0	0	0	0	0	0	0	0	0	0	0	0	0	0	0	0	0	0	0	0	0	0	0	0	0	0	0	0	0	0	0	104.3156921822	0	0	0	0	0	0	0	0	0	204.2231013342	0	111.9539792032	0	0	7.7074453009	0	0	0	0	0	0	0	0	0	0	0	0	0	0	0	0	507.8844961948	0	0	0	0	0	0	0	0	0	0	0	0	0	0	0	0	0	0	0	0	0	0	0	0	0	0	0	0	0	0	0	0	0	0	0	0	0	0	0	0	0	0	0	0	0	0	0
PWY0-301: L-ascorbate degradation I (bacterial, anaerobic)	0	0	0	0	0	0	0	0	0	0	0	0	0	0	0	0	0	0	0	0	0	0	0	0	0	0	0	0	0	0	76.1049223442	0	0	0	0	0	0	0	0	0	0	0	0	0	0	0	0	0	0	0	0	0	0	0	0	0	0	0	0	0	0	0	0	0	0	0	0	0	0	0	0	0	0	0	0	0	0	0	0	0	0	0	0	0	0	0	0	0	0	0	0	0	0	0	0	0	1752.9708197372	0	0	0	0	0	0	0	132.9972731120	0	0	0	0	0	0	0	0	0	0	0	0	0	0	0	0	0	0	0	0	0	0	0	0	0	0	0	0	0	0	0	0	0	0	0	0	0	0	0
PWY0-301: L-ascorbate degradation I (bacterial, anaerobic)|unclassified	0	0	0	0	0	0	0	0	0	0	0	0	0	0	0	0	0	0	0	0	0	0	0	0	0	0	0	0	0	0	76.1049223442	0	0	0	0	0	0	0	0	0	0	0	0	0	0	0	0	0	0	0	0	0	0	0	0	0	0	0	0	0	0	0	0	0	0	0	0	0	0	0	0	0	0	0	0	0	0	0	0	0	0	0	0	0	0	0	0	0	0	0	0	0	0	0	0	0	1752.9708197372	0	0	0	0	0	0	0	132.9972731120	0	0	0	0	0	0	0	0	0	0	0	0	0	0	0	0	0	0	0	0	0	0	0	0	0	0	0	0	0	0	0	0	0	0	0	0	0	0	0
PWY0-41: allantoin degradation IV (anaerobic)	0	0	0	0	0	0	0	0	0	0	0	0	0	0	0	0	0	0	0	0	0	0	0	0	0	0	0	0	0	0	0	0	0	0	0	0	0	0	0	0	0	0	0	0	0	0	0	0	0	0	0	0	0	0	0	0	0	0	0	0	0	0	0	0	0	0	0	0	0	0	0	0	0	0	0	0	0	0	0	0	0	0	0	0	0	0	0	0	0	0	0	0	0	0	0	0	81.2521716551	0	0	0	0	0	0	0	0	0	0	0	0	0	0	0	0	0	0	0	0	0	0	0	0	0	0	0	0	0	0	0	0	0	0	0	0	0	0	0	0	0	0	0	0	0	0	0
PWY0-41: allantoin degradation IV (anaerobic)|unclassified	0	0	0	0	0	0	0	0	0	0	0	0	0	0	0	0	0	0	0	0	0	0	0	0	0	0	0	0	0	0	0	0	0	0	0	0	0	0	0	0	0	0	0	0	0	0	0	0	0	0	0	0	0	0	0	0	0	0	0	0	0	0	0	0	0	0	0	0	0	0	0	0	0	0	0	0	0	0	0	0	0	0	0	0	0	0	0	0	0	0	0	0	0	0	0	0	81.2521716551	0	0	0	0	0	0	0	0	0	0	0	0	0	0	0	0	0	0	0	0	0	0	0	0	0	0	0	0	0	0	0	0	0	0	0	0	0	0	0	0	0	0	0	0	0	0	0
PWY0-42: 2-methylcitrate cycle I	0	0	0	0	0	0	0	0	0	0	0	0	0	0	0	0	0	0	0	0	0	0	0	0	0	0	0	0	0	0	16.5359472503	0	0	0	0	0	0	0	0	0	0	0	0	0	0	0	0	0	0	0	0	0	0	0	0	0	0	0	0	0	0	0	0	0	0	0	0	0	0	0	0	0	0	0	0	0	0	0	0	0	0	0	0	0	0	0	0	0	0	0	0	0	0	0	0	0	748.6348243380	0	0	0	0	0	0	0	24.7508427846	0	0	0	0	0	0	0	0	0	0	0	0	0	0	0	0	0	0	0	0	0	0	0	0	0	0	0	0	0	0	0	0	0	0	0	0	0	0	0
PWY0-42: 2-methylcitrate cycle I|unclassified	0	0	0	0	0	0	0	0	0	0	0	0	0	0	0	0	0	0	0	0	0	0	0	0	0	0	0	0	0	0	16.5359472503	0	0	0	0	0	0	0	0	0	0	0	0	0	0	0	0	0	0	0	0	0	0	0	0	0	0	0	0	0	0	0	0	0	0	0	0	0	0	0	0	0	0	0	0	0	0	0	0	0	0	0	0	0	0	0	0	0	0	0	0	0	0	0	0	0	748.6348243380	0	0	0	0	0	0	0	24.7508427846	0	0	0	0	0	0	0	0	0	0	0	0	0	0	0	0	0	0	0	0	0	0	0	0	0	0	0	0	0	0	0	0	0	0	0	0	0	0	0
PWY0-461: L-lysine degradation I	0	0	0	0	0	0	0	0	0	0	0	0	0	0	0	0	0	0	0	0	0	0	0	0	0	0	0	0	0	0	0	0	0	0	0	0	0	0	0	0	0	0	0	0	0	0	0	0	0	0	0	0	0	0	0	0	0	0	0	0	0	0	0	0	0	0	0	0	0	0	0	0	0	0	0	0	0	0	0	0	0	0	0	0	0	0	0	0	0	0	0	0	0	0	0	0	52.0192765634	0	0	0	0	0	0	0	0	0	0	0	0	0	0	0	0	0	0	0	0	0	0	0	0	0	0	0	0	0	0	0	0	0	0	0	0	0	0	0	0	0	0	0	0	0	0	0
PWY0-461: L-lysine degradation I|unclassified	0	0	0	0	0	0	0	0	0	0	0	0	0	0	0	0	0	0	0	0	0	0	0	0	0	0	0	0	0	0	0	0	0	0	0	0	0	0	0	0	0	0	0	0	0	0	0	0	0	0	0	0	0	0	0	0	0	0	0	0	0	0	0	0	0	0	0	0	0	0	0	0	0	0	0	0	0	0	0	0	0	0	0	0	0	0	0	0	0	0	0	0	0	0	0	0	52.0192765634	0	0	0	0	0	0	0	0	0	0	0	0	0	0	0	0	0	0	0	0	0	0	0	0	0	0	0	0	0	0	0	0	0	0	0	0	0	0	0	0	0	0	0	0	0	0	0
PWY0-781: aspartate superpathway	0	0	0	0	0	0	0	0	0	0	0	0	0	0	0	0	0	0	0	0	0	0	0	0	0	0	0	0	0	0	0	0	0	0	0	0	0	0	0	0	0	0	0	0	0	0	0	0	0	0	0	0	0	0	0	0	0	0	0	0	0	0	0	0	0	0	0	0	0	0	0	0	0	0	0	0	0	0	0	0	0	0	0	0	0	0	0	0	0	0	0	0	0	0	0	0	798.9205137666	0	0	0	0	0	0	0	0	0	0	0	0	0	0	0	0	0	0	0	0	0	0	0	0	0	0	0	0	0	0	0	0	0	0	0	0	0	0	0	0	0	0	0	0	0	0	0
PWY0-781: aspartate superpathway|unclassified	0	0	0	0	0	0	0	0	0	0	0	0	0	0	0	0	0	0	0	0	0	0	0	0	0	0	0	0	0	0	0	0	0	0	0	0	0	0	0	0	0	0	0	0	0	0	0	0	0	0	0	0	0	0	0	0	0	0	0	0	0	0	0	0	0	0	0	0	0	0	0	0	0	0	0	0	0	0	0	0	0	0	0	0	0	0	0	0	0	0	0	0	0	0	0	0	798.9205137666	0	0	0	0	0	0	0	0	0	0	0	0	0	0	0	0	0	0	0	0	0	0	0	0	0	0	0	0	0	0	0	0	0	0	0	0	0	0	0	0	0	0	0	0	0	0	0
PWY0-845: superpathway of pyridoxal 5'-phosphate biosynthesis and salvage	0	0	0	0	0	0	0	0	0	0	0	0	0	0	0	0	0	0	0	0	0	0	0	0	0	0	0	0	0	0	13.7297950260	0	0	0	0	0	0	348.4246878549	0	0	0	0	72.1249512071	22.2736392328	0	0	0	176.1827478340	0	0	0	0	0	0	0	0	0	0	0	0	0	0	0	0	0	0	0	0	0	68.9905940268	0	0	0	0	0	0	0	0	150.1967958368	0	0	0	0	0	0	0	0	0	0	0	0	0	0	0	0	0	793.6998593505	0	0	0	0	0	0	0	42.1669558196	0	0	0	0	0	0	0	0	0	0	0	0	0	0	0	0	0	0	0	0	0	0	0	0	0	0	0	0	0	0	0	0	0	0	0	0	0	0	0
PWY0-845: superpathway of pyridoxal 5'-phosphate biosynthesis and salvage|unclassified	0	0	0	0	0	0	0	0	0	0	0	0	0	0	0	0	0	0	0	0	0	0	0	0	0	0	0	0	0	0	13.7297950260	0	0	0	0	0	0	348.4246878549	0	0	0	0	72.1249512071	22.2736392328	0	0	0	176.1827478340	0	0	0	0	0	0	0	0	0	0	0	0	0	0	0	0	0	0	0	0	0	68.8882482343	0	0	0	0	0	0	0	0	150.1967958368	0	0	0	0	0	0	0	0	0	0	0	0	0	0	0	0	0	793.6998593505	0	0	0	0	0	0	0	42.1669558196	0	0	0	0	0	0	0	0	0	0	0	0	0	0	0	0	0	0	0	0	0	0	0	0	0	0	0	0	0	0	0	0	0	0	0	0	0	0	0
PWY0-862: (5Z)-dodecenoate biosynthesis I	0	0	0	0	1583.6464894689	0	373.9129503628	352.5517273992	0	0	0	0	0	0	0	1658.3224890744	0	0	0	429.0736360989	0	0	0	0	0	435.0782631140	0	1856.4993387068	0	189.7338796781	25.9984760546	0	44.1161012682	0	0	0	0	667.5243571660	107.5923571508	201.7465986810	0	0	556.6187912515	660.1167341997	739.0022749239	0	0	2135.7714519357	0	0	1495.3417821532	1623.4456249431	650.2634654753	0	0	634.9454234279	560.8618777453	0	775.8992478151	0	0	0	0	643.5574397234	1258.2295378567	0	0	0	0	1390.7013827246	4517.3394478033	0	0	506.4146266455	9373.8303694300	0	252.8680092666	0	1917.6830142564	2174.1382051002	0	0	0	2808.3483082194	0	0	464.9192499548	0	279.2831970590	0	0	0	0	0	0	0	447.4241067176	0	0	0	0	0	0	0	479.8537297299	0	0	0	0	0	0	0	0	0	0	603.2659194173	0	0	0	0	0	5652.9676389525	0	0	0	0	0	0	0	0	0	0	0	0	0	0	0	0	0	0	0	0	0	0
PWY0-862: (5Z)-dodecenoate biosynthesis I|unclassified	0	0	0	0	1583.6464894689	0	366.0667764050	352.5517273992	0	0	0	0	0	0	0	1658.3224890744	0	0	0	429.0736360989	0	0	0	0	0	435.0782631140	0	1856.4993387068	0	189.7338796781	25.9984760546	0	44.1161012682	0	0	0	0	667.5243571660	107.5923571508	201.7465986810	0	0	556.6187912515	660.1167341997	739.0022749239	0	0	2135.7714519357	0	0	1495.3417821532	1623.4456249431	650.2634654753	0	0	634.9454234279	560.8618777453	0	775.8992478151	0	0	0	0	643.5574397234	1258.2295378567	0	0	0	0	1089.0436472706	4517.3394478033	0	0	506.4146266455	9373.8303694300	0	252.8680092666	0	1917.6830142564	1950.3069605063	0	0	0	2178.0334985836	0	0	464.9192499548	0	279.2831970590	0	0	0	0	0	0	0	447.4241067176	0	0	0	0	0	0	0	479.8537297299	0	0	0	0	0	0	0	0	0	0	603.2659194173	0	0	0	0	0	2071.7908056501	0	0	0	0	0	0	0	0	0	0	0	0	0	0	0	0	0	0	0	0	0	0
PWY1ZNC-1: assimilatory sulfate reduction IV	0	0	0	0	0	0	0	0	0	0	0	0	0	0	0	0	0	0	0	0	0	0	0	0	0	0	0	0	0	0	52.2987920186	0	0	0	0	0	0	0	0	0	0	0	0	0	0	0	0	0	0	0	0	0	0	0	0	0	0	0	0	0	0	0	0	0	0	0	0	0	0	0	0	0	0	0	0	0	0	0	0	0	0	0	0	0	0	0	0	0	0	0	0	0	0	0	0	0	899.8788868928	0	0	0	0	0	0	0	0	0	0	0	0	0	0	0	0	0	0	0	0	0	0	0	0	0	0	0	0	0	0	0	0	0	0	0	0	0	0	0	0	0	0	0	0	0	0	0
PWY1ZNC-1: assimilatory sulfate reduction IV|unclassified	0	0	0	0	0	0	0	0	0	0	0	0	0	0	0	0	0	0	0	0	0	0	0	0	0	0	0	0	0	0	52.2987920186	0	0	0	0	0	0	0	0	0	0	0	0	0	0	0	0	0	0	0	0	0	0	0	0	0	0	0	0	0	0	0	0	0	0	0	0	0	0	0	0	0	0	0	0	0	0	0	0	0	0	0	0	0	0	0	0	0	0	0	0	0	0	0	0	0	899.8788868928	0	0	0	0	0	0	0	0	0	0	0	0	0	0	0	0	0	0	0	0	0	0	0	0	0	0	0	0	0	0	0	0	0	0	0	0	0	0	0	0	0	0	0	0	0	0	0
PWY3O-4107: NAD salvage pathway V (PNC V cycle)	0	0	0	0	0	0	0	109.7752608594	0	0	0	0	0	0	0	0	0	0	0	0	0	0	0	0	0	0	0	110.1091492971	0	0	0	0	0	0	0	0	0	72.8962824328	0	0	0	0	0	174.0594223756	284.4618637439	0	0	506.0604765873	0	0	866.9744402631	759.9206131744	0	0	0	0	0	0	0	0	0	0	0	0	126.5204732679	0	0	0	0	784.9917109470	0	0	0	0	0	0	0	0	3024.7906529956	0	0	0	0	0	0	0	0	0	0	0	0	0	0	0	0	0	29.7936246109	0	0	0	0	0	0	0	0	0	0	0	0	0	0	0	125.2422233053	0	0	0	0	0	0	0	0	0	0	0	0	0	0	0	0	0	0	0	0	0	0	0	0	0	0	0	0	0	0	0
PWY3O-4107: NAD salvage pathway V (PNC V cycle)|unclassified	0	0	0	0	0	0	0	109.7752608594	0	0	0	0	0	0	0	0	0	0	0	0	0	0	0	0	0	0	0	110.1091492971	0	0	0	0	0	0	0	0	0	72.8962824328	0	0	0	0	0	174.0594223756	284.4618637439	0	0	503.6107218068	0	0	866.9744402631	759.9206131744	0	0	0	0	0	0	0	0	0	0	0	0	126.5204732679	0	0	0	0	744.8960295199	0	0	0	0	0	0	0	0	3024.7906529956	0	0	0	0	0	0	0	0	0	0	0	0	0	0	0	0	0	29.7936246109	0	0	0	0	0	0	0	0	0	0	0	0	0	0	0	125.2422233053	0	0	0	0	0	0	0	0	0	0	0	0	0	0	0	0	0	0	0	0	0	0	0	0	0	0	0	0	0	0	0
PWY4FS-7: phosphatidylglycerol biosynthesis I (plastidic)	0	0	0	0	0	0	0	0	0	0	0	0	0	0	0	165.2863153847	0	0	0	0	0	0	0	0	0	261.3512883504	0	0	0	0	115.8393662310	0	0	0	0	0	0	53.5016331546	0	0	0	0	0	31.6613737872	0	0	0	144.0322444788	0	0	0	0	0	0	0	0	0	0	311.0800025068	0	0	0	43.9931831364	0	164.5741125594	0	0	0	0	155.3974137106	0	0	0	56.2494143716	314.8921589689	0	60.5837876877	0	74.5966532904	0	0	0	0	0	0	0	0	0	0	0	0	0	18.2631746992	0	0	0	925.9573025142	0	0	0	0	0	0	0	32.6394148809	0	0	0	0	0	0	0	0	0	0	0	0	0	0	0	0	54.6087299994	0	0	0	0	0	0	0	0	0	0	0	0	0	0	0	0	0	0	0	0	0	0
PWY4FS-7: phosphatidylglycerol biosynthesis I (plastidic)|unclassified	0	0	0	0	0	0	0	0	0	0	0	0	0	0	0	165.2863153847	0	0	0	0	0	0	0	0	0	261.3512883504	0	0	0	0	115.8393662310	0	0	0	0	0	0	53.5016331546	0	0	0	0	0	31.6613737872	0	0	0	144.0322444788	0	0	0	0	0	0	0	0	0	0	311.0800025068	0	0	0	43.9931831364	0	164.5741125594	0	0	0	0	155.1071493220	0	0	0	56.2494143716	314.8921589689	0	60.5837876877	0	74.5966532904	0	0	0	0	0	0	0	0	0	0	0	0	0	18.2631746992	0	0	0	925.9573025142	0	0	0	0	0	0	0	32.6394148809	0	0	0	0	0	0	0	0	0	0	0	0	0	0	0	0	54.4882557489	0	0	0	0	0	0	0	0	0	0	0	0	0	0	0	0	0	0	0	0	0	0
PWY4FS-8: phosphatidylglycerol biosynthesis II (non-plastidic)	0	0	0	0	0	0	0	0	0	0	0	0	0	0	0	165.2863153847	0	0	0	0	0	0	0	0	0	255.7690614446	0	0	0	0	115.8393662310	0	0	0	0	0	0	53.5016331546	0	0	0	0	0	31.6613737872	0	0	0	144.0322444788	0	0	0	0	0	0	0	0	0	0	0	0	0	0	43.9931831364	0	164.5741125594	0	0	0	0	155.3974137106	0	0	0	56.2494143716	314.8921589689	0	60.5837876877	0	74.5966532904	0	0	0	0	0	0	0	0	0	0	0	0	0	18.2631746992	0	0	0	925.9573025142	0	0	0	0	0	0	0	32.6394148809	0	0	0	0	0	0	0	0	0	0	0	0	0	0	0	0	54.6087299994	0	0	0	0	0	0	0	0	0	0	0	0	0	0	0	0	0	0	0	0	0	0
PWY4FS-8: phosphatidylglycerol biosynthesis II (non-plastidic)|unclassified	0	0	0	0	0	0	0	0	0	0	0	0	0	0	0	165.2863153847	0	0	0	0	0	0	0	0	0	255.7690614446	0	0	0	0	115.8393662310	0	0	0	0	0	0	53.5016331546	0	0	0	0	0	31.6613737872	0	0	0	144.0322444788	0	0	0	0	0	0	0	0	0	0	0	0	0	0	43.9931831364	0	164.5741125594	0	0	0	0	155.1071493220	0	0	0	56.2494143716	314.8921589689	0	60.5837876877	0	74.5966532904	0	0	0	0	0	0	0	0	0	0	0	0	0	18.2631746992	0	0	0	925.9573025142	0	0	0	0	0	0	0	32.6394148809	0	0	0	0	0	0	0	0	0	0	0	0	0	0	0	0	54.4882557489	0	0	0	0	0	0	0	0	0	0	0	0	0	0	0	0	0	0	0	0	0	0
PWY4LZ-257: superpathway of fermentation (Chlamydomonas reinhardtii)	0	0	0	0	0	0	0	0	0	0	0	0	0	0	0	0	0	0	0	0	0	0	0	0	0	0	0	0	0	55.6826931319	0	0	0	0	0	0	0	0	0	0	0	0	0	0	0	0	0	0	0	0	0	0	0	0	0	0	0	0	0	0	0	0	0	0	0	0	0	0	0	84.5132724660	0	0	0	0	0	0	0	0	0	0	0	0	0	0	0	0	0	0	0	0	0	0	0	0	0	0	232.2269278318	0	0	0	0	0	0	0	408.5142793317	0	0	0	0	0	0	0	0	0	0	0	0	0	0	0	0	0	0	0	0	0	0	0	0	0	0	0	0	0	0	0	0	0	0	0	0	0	0	0
PWY4LZ-257: superpathway of fermentation (Chlamydomonas reinhardtii)|unclassified	0	0	0	0	0	0	0	0	0	0	0	0	0	0	0	0	0	0	0	0	0	0	0	0	0	0	0	0	0	55.6826931319	0	0	0	0	0	0	0	0	0	0	0	0	0	0	0	0	0	0	0	0	0	0	0	0	0	0	0	0	0	0	0	0	0	0	0	0	0	0	0	83.5123158172	0	0	0	0	0	0	0	0	0	0	0	0	0	0	0	0	0	0	0	0	0	0	0	0	0	0	232.2269278318	0	0	0	0	0	0	0	403.8793950655	0	0	0	0	0	0	0	0	0	0	0	0	0	0	0	0	0	0	0	0	0	0	0	0	0	0	0	0	0	0	0	0	0	0	0	0	0	0	0
PWY66-388: ceramide degradation by &alpha;-oxidation	0	0	0	0	0	0	0	9.5497067523	0	0	10.2749059066	0	0	0	0	42.2802159796	0	0	0	0	0	0	0	0	0	0	0	0	0	0	0	0	0	0	0	0	0	13.3333511210	0	0	0	0	0	0	0	0	0	57.4477874277	0	0	0	27.6071792293	80.2431608574	0	0	0	0	12.3226774023	0	0	0	0	42.4863729251	41.2029381558	0	0	0	0	0	0	0	0	0	0	36.1726742223	0	0	0	0	57.1799118506	0	0	0	0	0	0	0	0	0	0	0	0	0	0	0	0	0	0	0	0	64.0649007702	0	0	0	0	0	0	0	0	0	0	0	0	0	0	0	0	0	0	0	0	0	0	0	0	0	0	0	0	0	0	0	0	0	0	0	0	0	0	0	0	0	0	0
PWY66-388: ceramide degradation by &alpha;-oxidation|unclassified	0	0	0	0	0	0	0	9.5497067523	0	0	10.2749059066	0	0	0	0	42.2802159796	0	0	0	0	0	0	0	0	0	0	0	0	0	0	0	0	0	0	0	0	0	13.3333511210	0	0	0	0	0	0	0	0	0	57.4477874277	0	0	0	27.6071792293	80.2431608574	0	0	0	0	12.3226774023	0	0	0	0	42.4863729251	41.2029381558	0	0	0	0	0	0	0	0	0	0	36.1726742223	0	0	0	0	57.1799118506	0	0	0	0	0	0	0	0	0	0	0	0	0	0	0	0	0	0	0	0	64.0649007702	0	0	0	0	0	0	0	0	0	0	0	0	0	0	0	0	0	0	0	0	0	0	0	0	0	0	0	0	0	0	0	0	0	0	0	0	0	0	0	0	0	0	0
PWY66-389: phytol degradation	0	0	0	0	0	0	0	14.5614004998	0	0	0	0	0	0	0	0	0	0	0	41.7269021059	0	0	0	0	0	10.6099909574	0	220.4918352548	0	0	16.7708059561	0	0	0	0	0	0	19.1259527555	109.8065956035	0	0	0	0	0	38.3719079301	0	0	142.9573865587	0	0	0	471.4408847719	186.3668790109	0	0	0	0	0	0	0	0	0	64.7471794050	86.5569822498	0	0	0	0	0	0	0	0	0	0	0	0	0	0	120.4467925951	126.8416696646	0	0	0	0	0	0	0	0	75.6658073078	0	0	0	0	0	0	0	148.6206098311	0	0	0	0	0	0	0	6.7230143023	0	0	0	0	0	0	0	0	0	0	0	0	0	0	0	0	0	0	0	0	0	0	0	0	0	0	0	0	0	0	0	0	0	0	0	0	0	0	0
PWY66-389: phytol degradation|unclassified	0	0	0	0	0	0	0	14.5614004998	0	0	0	0	0	0	0	0	0	0	0	41.7269021059	0	0	0	0	0	10.6099909574	0	220.4918352548	0	0	16.7708059561	0	0	0	0	0	0	19.1259527555	109.8065956035	0	0	0	0	0	38.3719079301	0	0	142.9573865587	0	0	0	471.4408847719	186.3668790109	0	0	0	0	0	0	0	0	0	64.7471794050	86.5569822498	0	0	0	0	0	0	0	0	0	0	0	0	0	0	120.4467925951	126.8416696646	0	0	0	0	0	0	0	0	75.6658073078	0	0	0	0	0	0	0	148.6206098311	0	0	0	0	0	0	0	6.7230143023	0	0	0	0	0	0	0	0	0	0	0	0	0	0	0	0	0	0	0	0	0	0	0	0	0	0	0	0	0	0	0	0	0	0	0	0	0	0	0
PWY66-399: gluconeogenesis III	0	0	0	0	0	0	0	0	0	0	0	0	0	0	0	0	0	0	0	0	0	0	0	0	0	0	0	0	0	0	0	0	0	0	0	0	0	0	0	0	0	0	0	291.5529052971	0	0	0	0	0	0	0	0	0	0	0	0	0	0	0	50.8896550418	0	0	0	175.7576300874	0	0	0	0	0	629.5942479740	0	0	0	0	0	0	0	0	0	0	0	0	0	0	0	0	0	0	0	0	0	0	0	0	0	0	0	0	0	0	0	0	0	0	0	0	0	0	0	0	0	0	0	0	0	0	0	0	0	0	0	0	0	0	0	0	0	0	0	0	0	0	0	0	0	0	0	0	0	0	0	0	0	0
PWY66-399: gluconeogenesis III|unclassified	0	0	0	0	0	0	0	0	0	0	0	0	0	0	0	0	0	0	0	0	0	0	0	0	0	0	0	0	0	0	0	0	0	0	0	0	0	0	0	0	0	0	0	291.5529052971	0	0	0	0	0	0	0	0	0	0	0	0	0	0	0	50.8896550418	0	0	0	175.0857058617	0	0	0	0	0	626.1948165567	0	0	0	0	0	0	0	0	0	0	0	0	0	0	0	0	0	0	0	0	0	0	0	0	0	0	0	0	0	0	0	0	0	0	0	0	0	0	0	0	0	0	0	0	0	0	0	0	0	0	0	0	0	0	0	0	0	0	0	0	0	0	0	0	0	0	0	0	0	0	0	0	0	0
PWY66-409: superpathway of purine nucleotide salvage	0	0	0	0	0	0	0	203.6876935532	0	0	0	0	0	0	0	0	0	0	0	0	0	0	0	0	0	952.0289604974	0	0	0	0	0	0	0	0	0	0	0	0	0	0	0	0	0	0	0	0	0	0	0	0	0	190.8290482930	0	0	0	0	0	0	0	0	0	0	0	0	0	0	0	0	0	0	0	0	0	0	0	0	0	0	0	0	0	0	0	0	0	0	0	0	0	0	0	0	0	0	0	0	584.3052292624	0	0	0	0	0	0	0	0	0	0	0	0	0	0	0	0	0	0	0	0	0	0	0	0	90.3467687572	0	0	0	0	0	0	0	0	0	0	0	0	0	0	0	0	0	0	0	0	0	0
PWY66-409: superpathway of purine nucleotide salvage|unclassified	0	0	0	0	0	0	0	203.6876935532	0	0	0	0	0	0	0	0	0	0	0	0	0	0	0	0	0	952.0289604974	0	0	0	0	0	0	0	0	0	0	0	0	0	0	0	0	0	0	0	0	0	0	0	0	0	190.8280035778	0	0	0	0	0	0	0	0	0	0	0	0	0	0	0	0	0	0	0	0	0	0	0	0	0	0	0	0	0	0	0	0	0	0	0	0	0	0	0	0	0	0	0	0	584.3052292624	0	0	0	0	0	0	0	0	0	0	0	0	0	0	0	0	0	0	0	0	0	0	0	0	90.0835135663	0	0	0	0	0	0	0	0	0	0	0	0	0	0	0	0	0	0	0	0	0	0
PWY66-429: fatty acid biosynthesis initiation (mitochondria)	0	0	0	0	5711.9176177781	0	1607.1139679978	665.4171237176	0	0	151.8542431639	0	0	0	0	177.7246817646	137.7963709021	0	0	259.3411284500	0	0	0	0	0	929.5893783490	0	4419.6001148963	119.9871694113	382.4267722142	501.0029471617	46.0048768567	0	0	0	0	0	1629.1381535915	940.5022915754	927.1041207606	0	0	1479.1543869973	1486.4530330258	1807.5188847767	0	0	5069.3383133095	0	203.8950759487	3568.1323077047	4129.7192338565	3495.9073941043	0	0	2544.0231682705	551.8719133153	45.1740479911	10290.8066006421	130.0402443597	0	0	905.0155409482	1029.7335558594	1300.8823041194	519.9412205084	0	0	0	4071.3349296423	19814.9060971482	0	0	1095.4080565323	1280.5032522738	0	83.1637852679	0	7106.2122863985	343.2414408115	0	0	0	14079.2685032904	0	0	396.8938797928	0	1870.8125363677	0	0	0	1176.4143283717	0	0	0	1281.8453515822	0	0	0	0	0	0	0	437.1666820328	0	0	124.7148362664	0	290.5642841046	1626.6932094780	0	1322.2467531723	0	0	214.5431115044	0	0	0	0	0	2335.3351765357	0	0	0	0	0	0	0	0	0	0	0	0	0	0	0	0	0	0	0	0	0	0
PWY66-429: fatty acid biosynthesis initiation (mitochondria)|unclassified	0	0	0	0	5711.9176177781	0	1607.1139679978	665.4171237176	0	0	151.8542431639	0	0	0	0	177.7246817646	137.7963709021	0	0	259.3411284500	0	0	0	0	0	929.5893783490	0	2329.1354859842	119.9871694113	382.4267722142	501.0029471617	46.0048768567	0	0	0	0	0	1629.1381535915	940.5022915754	927.1041207606	0	0	1267.5214694613	1486.4530330258	1807.5188847767	0	0	5069.3383133095	0	203.8950759487	3568.1323077047	4129.7192338565	3495.9073941043	0	0	2544.0231682705	551.8719133153	45.1740479911	10290.8066006421	130.0402443597	0	0	905.0155409482	1029.7335558594	1300.8823041194	519.9412205084	0	0	0	2317.1985946746	19814.9060971482	0	0	1095.4080565323	1280.5032522738	0	83.1637852679	0	7106.2122863985	343.2414408115	0	0	0	10173.7918626105	0	0	396.8938797928	0	1870.8125363677	0	0	0	104.9869191787	0	0	0	1281.8453515822	0	0	0	0	0	0	0	437.1666820328	0	0	124.7148362664	0	290.5642841046	1408.1606256272	0	1322.2467531723	0	0	214.5431115044	0	0	0	0	0	2249.5189691289	0	0	0	0	0	0	0	0	0	0	0	0	0	0	0	0	0	0	0	0	0	0
PWY66-430: myristate biosynthesis (mitochondria)	0	0	0	0	0	0	0	0	0	0	0	0	0	0	0	0	0	0	0	0	0	0	0	0	0	0	0	0	0	0	0	0	0	0	0	0	0	0	0	0	0	0	0	0	0	0	0	0	0	0	0	0	0	0	0	0	0	0	0	0	0	0	0	0	0	0	0	0	0	0	0	0	0	0	0	0	0	0	0	0	0	0	0	0	0	0	0	0	0	0	0	0	0	0	0	0	223.2487751219	0	0	0	0	0	0	0	0	0	0	0	0	0	0	0	0	0	0	0	0	0	0	0	0	0	0	0	0	0	0	0	0	0	0	0	0	0	0	0	0	0	0	0	0	0	0	0
PWY66-430: myristate biosynthesis (mitochondria)|unclassified	0	0	0	0	0	0	0	0	0	0	0	0	0	0	0	0	0	0	0	0	0	0	0	0	0	0	0	0	0	0	0	0	0	0	0	0	0	0	0	0	0	0	0	0	0	0	0	0	0	0	0	0	0	0	0	0	0	0	0	0	0	0	0	0	0	0	0	0	0	0	0	0	0	0	0	0	0	0	0	0	0	0	0	0	0	0	0	0	0	0	0	0	0	0	0	0	223.2487751219	0	0	0	0	0	0	0	0	0	0	0	0	0	0	0	0	0	0	0	0	0	0	0	0	0	0	0	0	0	0	0	0	0	0	0	0	0	0	0	0	0	0	0	0	0	0	0
PYRIDNUCSAL-PWY: NAD salvage pathway I (PNC VI cycle)	0	0	0	0	0	0	0	0	0	0	0	0	0	0	0	0	0	0	0	0	0	0	0	0	0	0	0	0	0	0	0	0	0	0	0	0	0	85.8335363662	0	0	0	0	0	0	0	0	0	22.8052212105	0	0	0	0	0	0	0	0	0	0	0	0	0	0	0	0	142.7809178560	0	0	0	0	0	0	0	0	0	0	0	0	0	355.6930178554	0	0	0	0	0	0	0	0	0	0	0	0	0	0	0	0	0	41.3396441633	0	0	0	0	0	0	0	0	0	0	0	0	0	0	0	0	0	0	0	0	0	0	0	0	0	0	0	0	0	0	0	0	0	0	0	0	0	0	0	0	0	0	0	0	0	0	0
PYRIDNUCSAL-PWY: NAD salvage pathway I (PNC VI cycle)|unclassified	0	0	0	0	0	0	0	0	0	0	0	0	0	0	0	0	0	0	0	0	0	0	0	0	0	0	0	0	0	0	0	0	0	0	0	0	0	85.8335363662	0	0	0	0	0	0	0	0	0	22.8016509675	0	0	0	0	0	0	0	0	0	0	0	0	0	0	0	0	142.7809178560	0	0	0	0	0	0	0	0	0	0	0	0	0	355.6930178554	0	0	0	0	0	0	0	0	0	0	0	0	0	0	0	0	0	41.3396441633	0	0	0	0	0	0	0	0	0	0	0	0	0	0	0	0	0	0	0	0	0	0	0	0	0	0	0	0	0	0	0	0	0	0	0	0	0	0	0	0	0	0	0	0	0	0	0
PYRIDNUCSYN-PWY: NAD de novo biosynthesis I (from aspartate)	0	0	0	0	0	0	0	0	0	0	0	0	0	0	0	0	0	0	0	66.9892085461	0	0	0	0	0	0	0	428.6112658725	0	105.0386974256	84.2110690276	0	0	0	0	0	0	0	0	0	0	0	0	71.7025856047	127.2205601048	0	0	0	0	0	0	491.1848269816	0	0	0	0	0	0	0	0	0	0	0	0	61.8727065319	0	0	0	0	672.9520906306	0	0	0	0	0	0	0	0	1252.8608830400	479.8119243598	0	0	0	0	0	0	0	0	0	0	0	0	0	0	0	0	1017.6554649807	0	0	0	0	0	0	0	44.2408391374	0	0	0	0	0	0	0	0	0	0	0	0	0	0	0	0	858.8934382744	0	0	0	0	0	0	0	0	0	0	0	0	0	0	0	0	0	0	0	0	0	0
PYRIDNUCSYN-PWY: NAD de novo biosynthesis I (from aspartate)|unclassified	0	0	0	0	0	0	0	0	0	0	0	0	0	0	0	0	0	0	0	66.9892085461	0	0	0	0	0	0	0	428.6112658725	0	105.0386974256	84.2110690276	0	0	0	0	0	0	0	0	0	0	0	0	71.7025856047	127.2205601048	0	0	0	0	0	0	491.1848269816	0	0	0	0	0	0	0	0	0	0	0	0	61.8727065319	0	0	0	0	660.9500854899	0	0	0	0	0	0	0	0	1252.8608830400	479.8119243598	0	0	0	0	0	0	0	0	0	0	0	0	0	0	0	0	1017.6554649807	0	0	0	0	0	0	0	44.2408391374	0	0	0	0	0	0	0	0	0	0	0	0	0	0	0	0	858.8934382744	0	0	0	0	0	0	0	0	0	0	0	0	0	0	0	0	0	0	0	0	0	0
PYRIDOXSYN-PWY: pyridoxal 5'-phosphate biosynthesis I	0	0	0	0	0	0	0	0	0	0	0	0	0	0	0	0	0	0	0	0	0	0	0	0	0	0	0	0	0	0	11.1612497886	39.9722754660	0	0	0	0	0	346.2324631938	0	0	0	0	258.9887978896	28.4480528488	0	0	0	166.0112323142	0	0	0	286.1590908023	0	0	0	0	0	0	0	0	0	0	0	0	0	0	0	29.1302988050	0	481.9532374263	0	0	0	0	0	0	0	0	500.6477677832	0	0	0	0	0	0	0	0	0	0	0	0	0	0	0	0	0	722.7327476646	0	0	0	0	0	0	0	122.4524148296	0	0	0	0	0	0	0	0	0	0	0	0	0	0	0	0	0	0	0	0	0	0	0	0	0	0	0	0	0	0	0	0	0	0	0	0	0	0	0
PYRIDOXSYN-PWY: pyridoxal 5'-phosphate biosynthesis I|unclassified	0	0	0	0	0	0	0	0	0	0	0	0	0	0	0	0	0	0	0	0	0	0	0	0	0	0	0	0	0	0	11.1612497886	39.9722754660	0	0	0	0	0	346.2324631938	0	0	0	0	258.9887978896	28.4480528488	0	0	0	166.0112323142	0	0	0	286.1590908023	0	0	0	0	0	0	0	0	0	0	0	0	0	0	0	29.1302988050	0	470.5578350713	0	0	0	0	0	0	0	0	500.6477677832	0	0	0	0	0	0	0	0	0	0	0	0	0	0	0	0	0	722.7327476646	0	0	0	0	0	0	0	122.4524148296	0	0	0	0	0	0	0	0	0	0	0	0	0	0	0	0	0	0	0	0	0	0	0	0	0	0	0	0	0	0	0	0	0	0	0	0	0	0	0
REDCITCYC: TCA cycle VI (Helicobacter)	0	0	0	0	0	0	0	0	0	0	0	0	0	0	0	0	0	0	0	0	0	0	0	0	0	0	0	0	0	0	0	0	0	0	0	0	0	0	0	0	0	0	0	77.8498734120	0	0	0	0	0	0	0	0	0	0	0	0	0	0	0	0	0	0	0	0	0	0	0	0	0	0	0	0	0	0	0	0	0	0	0	0	0	0	0	0	0	0	0	0	0	0	0	0	0	0	0	0	278.6968870423	0	0	0	0	0	0	0	110.7534840407	0	0	0	0	0	0	0	0	0	0	0	0	0	0	0	0	0	0	0	0	0	0	0	0	0	0	0	0	0	0	0	0	0	0	0	0	0	0	0
REDCITCYC: TCA cycle VI (Helicobacter)|unclassified	0	0	0	0	0	0	0	0	0	0	0	0	0	0	0	0	0	0	0	0	0	0	0	0	0	0	0	0	0	0	0	0	0	0	0	0	0	0	0	0	0	0	0	77.8498734120	0	0	0	0	0	0	0	0	0	0	0	0	0	0	0	0	0	0	0	0	0	0	0	0	0	0	0	0	0	0	0	0	0	0	0	0	0	0	0	0	0	0	0	0	0	0	0	0	0	0	0	0	278.6968870423	0	0	0	0	0	0	0	110.7534840407	0	0	0	0	0	0	0	0	0	0	0	0	0	0	0	0	0	0	0	0	0	0	0	0	0	0	0	0	0	0	0	0	0	0	0	0	0	0	0
RHAMCAT-PWY: L-rhamnose degradation I	0	0	0	0	0	0	0	0	0	0	0	0	0	0	0	0	0	0	0	0	0	0	0	0	0	0	0	0	0	0	26.3385509584	0	0	0	0	0	0	0	0	0	0	0	0	0	0	0	0	0	0	0	0	0	0	0	0	0	0	0	0	0	0	0	0	0	0	0	0	0	0	0	0	0	0	0	0	0	0	0	0	0	0	0	0	0	0	0	0	0	0	0	0	0	0	0	0	0	1146.4154038537	0	0	0	0	0	0	0	0	0	0	0	0	0	0	0	0	0	0	0	0	0	0	0	0	0	0	0	0	0	0	0	0	0	0	0	0	0	0	0	0	0	0	0	0	0	0	0
RHAMCAT-PWY: L-rhamnose degradation I|unclassified	0	0	0	0	0	0	0	0	0	0	0	0	0	0	0	0	0	0	0	0	0	0	0	0	0	0	0	0	0	0	26.3385509584	0	0	0	0	0	0	0	0	0	0	0	0	0	0	0	0	0	0	0	0	0	0	0	0	0	0	0	0	0	0	0	0	0	0	0	0	0	0	0	0	0	0	0	0	0	0	0	0	0	0	0	0	0	0	0	0	0	0	0	0	0	0	0	0	0	1146.4154038537	0	0	0	0	0	0	0	0	0	0	0	0	0	0	0	0	0	0	0	0	0	0	0	0	0	0	0	0	0	0	0	0	0	0	0	0	0	0	0	0	0	0	0	0	0	0	0
RIBOSYN2-PWY: flavin biosynthesis I (bacteria and plants)	0	0	0	0	0	0	0	0	0	0	0	0	0	0	0	0	0	0	0	86.5474367699	0	0	0	0	0	48.4638007765	0	2648.8918043223	0	320.6345794413	0	0	0	0	0	0	0	0	0	0	0	0	309.2142892802	276.1361960151	0	0	0	0	0	0	0	298.7709331047	0	0	0	0	0	0	630.4372509364	95.5975544882	0	0	234.7915017623	330.0645240500	135.3232949477	0	0	0	0	1332.7032273392	569.5577230475	0	0	0	483.5875101921	0	0	0	1247.2627371295	1802.0308297679	0	0	0	0	0	0	0	0	0	0	0	0	0	0	0	0	375.4964110395	0	0	0	0	0	0	0	0	0	0	0	0	0	0	0	0	0	0	498.3229868062	0	0	0	0	0	2823.8481573303	0	0	0	0	0	0	0	0	0	0	0	0	0	0	0	0	0	0	0	0	0	0
RIBOSYN2-PWY: flavin biosynthesis I (bacteria and plants)|unclassified	0	0	0	0	0	0	0	0	0	0	0	0	0	0	0	0	0	0	0	86.5474367699	0	0	0	0	0	48.4638007765	0	143.7907236320	0	320.6345794413	0	0	0	0	0	0	0	0	0	0	0	0	309.2142892802	276.1361960151	0	0	0	0	0	0	0	298.7709331047	0	0	0	0	0	0	630.4372509364	95.5975544882	0	0	234.7915017623	330.0645240500	135.3232949477	0	0	0	0	1289.7766881418	569.5577230475	0	0	0	483.5875101921	0	0	0	1247.2627371295	1550.5132692257	0	0	0	0	0	0	0	0	0	0	0	0	0	0	0	0	375.4964110395	0	0	0	0	0	0	0	0	0	0	0	0	0	0	0	0	0	0	103.0597147326	0	0	0	0	0	1349.9526039683	0	0	0	0	0	0	0	0	0	0	0	0	0	0	0	0	0	0	0	0	0	0
SALVADEHYPOX-PWY: adenosine nucleotides degradation II	0	0	0	0	0	0	0	0	0	0	0	0	0	0	0	0	0	0	0	0	0	0	0	0	0	88.8681338044	0	0	0	0	119.6792096525	0	0	0	0	0	0	0	0	0	0	0	0	0	0	0	0	0	0	0	0	0	0	0	0	0	0	0	0	0	0	0	0	0	0	70.1438758218	0	0	0	0	0	0	0	0	0	0	0	0	0	0	0	0	0	0	0	0	0	0	0	0	0	0	0	0	0	0	1869.5664005976	0	0	0	0	0	0	0	268.5276374375	0	0	0	0	0	0	0	0	0	0	40.1836160851	0	0	0	0	0	0	0	0	0	0	0	0	0	0	0	0	0	0	0	0	0	0	0	0	0	0	0	0
SALVADEHYPOX-PWY: adenosine nucleotides degradation II|unclassified	0	0	0	0	0	0	0	0	0	0	0	0	0	0	0	0	0	0	0	0	0	0	0	0	0	88.8681338044	0	0	0	0	119.6792096525	0	0	0	0	0	0	0	0	0	0	0	0	0	0	0	0	0	0	0	0	0	0	0	0	0	0	0	0	0	0	0	0	0	0	70.1438758218	0	0	0	0	0	0	0	0	0	0	0	0	0	0	0	0	0	0	0	0	0	0	0	0	0	0	0	0	0	0	1869.5664005976	0	0	0	0	0	0	0	268.5276374375	0	0	0	0	0	0	0	0	0	0	40.1836160851	0	0	0	0	0	0	0	0	0	0	0	0	0	0	0	0	0	0	0	0	0	0	0	0	0	0	0	0
SER-GLYSYN-PWY: superpathway of L-serine and glycine biosynthesis I	0	0	0	0	0	0	0	0	0	0	0	0	0	0	0	806.3209647057	120.4721640474	0	0	822.4822276920	0	0	0	0	0	57.4519234357	29.5559543772	1388.3266811659	0	171.6376618767	274.0705205666	769.3979088459	28.9960460037	0	0	0	0	534.1858080547	0	0	0	0	217.3290551634	190.3446228083	440.4320575961	0	0	1649.2277494621	0	0	1057.2468111163	672.1091015711	0	0	0	0	387.8052984848	0	308.3726005803	138.4010557327	0	0	318.9936810814	217.2817103486	469.7743213341	0	0	12.3898113652	0	3106.8245534263	1271.7065240712	0	0	0	947.5548930560	0	0	0	2903.5337087694	3733.4096276383	0	0	0	0	0	0	0	0	200.8826501364	0	0	0	155.1770891035	0	0	0	880.8166104964	0	0	0	0	0	0	0	162.6501221780	0	0	0	0	0	0	0	346.3869887553	0	0	722.3599065115	0	0	0	0	0	2523.8447594276	0	0	0	0	0	0	0	0	0	0	0	0	0	0	0	0	0	0	0	0	0	0
SER-GLYSYN-PWY: superpathway of L-serine and glycine biosynthesis I|g__Porphyromonas.s__Porphyromonas_endodontalis	0	0	0	0	0	0	0	0	0	0	0	0	0	0	0	0	0	0	0	0	0	0	0	0	0	0	0	0	0	0	0	0	0	0	0	0	0	0	0	0	0	0	0	0	0	0	0	0	0	0	0	0	0	0	0	0	0	0	0	0	0	0	0	0	0	0	0	0	0	2186.5878424287	0	0	0	0	0	0	0	0	0	0	0	0	0	0	0	0	0	0	0	0	0	0	0	0	0	0	0	0	0	0	0	0	0	0	0	0	0	0	0	0	0	0	0	0	0	0	0	0	0	0	0	0	0	0	0	0	0	0	0	0	0	0	0	0	0	0	0	0	0	0	0	0	0	0
SER-GLYSYN-PWY: superpathway of L-serine and glycine biosynthesis I|unclassified	0	0	0	0	0	0	0	0	0	0	0	0	0	0	0	806.3209647057	120.4721640474	0	0	822.4822276920	0	0	0	0	0	57.4519234357	29.5559543772	1388.3266811659	0	171.6376618767	274.0705205666	769.3979088459	28.9960460037	0	0	0	0	534.1858080547	0	0	0	0	217.3290551634	190.3446228083	440.4320575961	0	0	1649.2277494621	0	0	1057.2468111163	672.1091015711	0	0	0	0	387.8052984848	0	308.3726005803	138.4010557327	0	0	318.9936810814	217.2817103486	469.7743213341	0	0	12.3898113652	0	478.1115142104	1271.7065240712	0	0	0	947.5548930560	0	0	0	2903.5337087694	3733.4096276383	0	0	0	0	0	0	0	0	200.8826501364	0	0	0	0	0	0	0	880.8166104964	0	0	0	0	0	0	0	162.6501221780	0	0	0	0	0	0	0	346.3869887553	0	0	722.3599065115	0	0	0	0	0	2485.6351737200	0	0	0	0	0	0	0	0	0	0	0	0	0	0	0	0	0	0	0	0	0	0
SO4ASSIM-PWY: assimilatory sulfate reduction I	0	0	0	0	0	0	0	0	0	0	0	0	0	0	0	0	0	0	0	0	0	0	0	0	0	0	0	0	0	0	128.5999176113	0	0	0	0	0	0	0	0	0	0	0	0	34.2565265987	0	0	0	0	0	0	30.2560977945	120.8693741445	0	0	0	0	0	0	0	0	0	0	0	0	0	0	0	0	0	0	108.8192529820	0	0	0	0	0	0	0	0	0	0	0	0	0	0	0	0	0	0	0	0	0	0	0	0	0	1502.7425756111	0	0	0	0	0	0	0	21.7844989610	0	0	0	0	0	0	0	0	0	0	0	0	0	0	0	0	0	0	0	0	0	0	0	0	0	0	0	0	0	0	0	0	0	0	0	0	0	0	0
SO4ASSIM-PWY: assimilatory sulfate reduction I|unclassified	0	0	0	0	0	0	0	0	0	0	0	0	0	0	0	0	0	0	0	0	0	0	0	0	0	0	0	0	0	0	128.5999176113	0	0	0	0	0	0	0	0	0	0	0	0	34.2565265987	0	0	0	0	0	0	30.2560977945	120.8693741445	0	0	0	0	0	0	0	0	0	0	0	0	0	0	0	0	0	0	108.8192529820	0	0	0	0	0	0	0	0	0	0	0	0	0	0	0	0	0	0	0	0	0	0	0	0	0	1502.7425756111	0	0	0	0	0	0	0	21.7844989610	0	0	0	0	0	0	0	0	0	0	0	0	0	0	0	0	0	0	0	0	0	0	0	0	0	0	0	0	0	0	0	0	0	0	0	0	0	0	0
SULFATE-CYS-PWY: superpathway of sulfate assimilation and cysteine biosynthesis	0	0	0	0	0	0	0	0	0	0	0	0	0	0	0	0	0	0	0	0	0	0	0	0	0	0	0	0	0	0	90.8168134933	0	0	0	0	0	0	0	0	0	0	0	0	33.3581156647	0	0	0	0	0	0	62.2305606479	223.8701101559	0	0	0	0	0	0	0	0	0	0	0	0	0	0	0	0	0	0	0	0	0	0	0	0	0	0	0	0	0	0	0	0	0	0	0	0	0	0	0	0	0	0	0	0	1055.0348886848	0	0	0	0	0	0	0	0	0	0	0	0	0	0	0	0	0	0	0	0	0	0	0	0	0	0	0	0	0	0	0	0	0	0	0	0	0	0	0	0	0	0	0	0	0	0	0
SULFATE-CYS-PWY: superpathway of sulfate assimilation and cysteine biosynthesis|unclassified	0	0	0	0	0	0	0	0	0	0	0	0	0	0	0	0	0	0	0	0	0	0	0	0	0	0	0	0	0	0	90.8168134933	0	0	0	0	0	0	0	0	0	0	0	0	33.3581156647	0	0	0	0	0	0	62.2305606479	222.5551968098	0	0	0	0	0	0	0	0	0	0	0	0	0	0	0	0	0	0	0	0	0	0	0	0	0	0	0	0	0	0	0	0	0	0	0	0	0	0	0	0	0	0	0	0	1055.0348886848	0	0	0	0	0	0	0	0	0	0	0	0	0	0	0	0	0	0	0	0	0	0	0	0	0	0	0	0	0	0	0	0	0	0	0	0	0	0	0	0	0	0	0	0	0	0	0
TCA-GLYOX-BYPASS: superpathway of glyoxylate bypass and TCA	0	0	0	0	0	0	0	0	0	0	0	0	0	0	0	0	0	0	0	0	0	0	0	0	0	0	0	0	0	0	143.7111896264	0	0	0	0	0	0	0	0	0	0	0	0	76.3332776108	0	0	0	0	0	0	0	0	0	0	0	0	0	0	0	0	0	0	0	0	0	0	0	0	0	0	0	0	0	0	0	0	0	0	0	0	0	0	0	0	0	0	0	0	0	0	0	0	0	0	0	0	930.2621071667	0	0	0	0	0	0	0	168.8670730959	0	0	0	0	0	0	0	0	0	0	0	0	0	0	0	0	0	0	0	0	0	0	0	0	0	0	0	0	0	0	0	0	0	0	0	0	0	0	0
TCA-GLYOX-BYPASS: superpathway of glyoxylate bypass and TCA|unclassified	0	0	0	0	0	0	0	0	0	0	0	0	0	0	0	0	0	0	0	0	0	0	0	0	0	0	0	0	0	0	141.1991255284	0	0	0	0	0	0	0	0	0	0	0	0	76.3332776108	0	0	0	0	0	0	0	0	0	0	0	0	0	0	0	0	0	0	0	0	0	0	0	0	0	0	0	0	0	0	0	0	0	0	0	0	0	0	0	0	0	0	0	0	0	0	0	0	0	0	0	0	930.2621071667	0	0	0	0	0	0	0	168.8670730959	0	0	0	0	0	0	0	0	0	0	0	0	0	0	0	0	0	0	0	0	0	0	0	0	0	0	0	0	0	0	0	0	0	0	0	0	0	0	0
TCA: TCA cycle I (prokaryotic)	0	0	0	0	0	0	0	0	0	0	0	0	0	0	0	0	0	0	0	0	0	0	0	0	0	0	0	0	0	0	152.4311286379	0	0	0	0	0	0	421.0029541548	0	0	0	0	0	154.4337269596	0	0	0	0	0	0	0	316.5464492486	0	0	0	0	0	0	0	0	0	0	0	0	0	0	0	0	0	0	0	0	0	0	0	0	0	0	0	0	0	0	0	0	0	0	0	0	0	0	0	0	0	0	0	0	846.6975951340	0	0	0	0	0	0	0	245.6564367438	0	0	0	0	0	0	0	0	0	0	0	0	0	0	0	0	0	0	0	0	0	0	0	0	0	0	0	0	0	0	0	0	0	0	0	0	0	0	0
TCA: TCA cycle I (prokaryotic)|unclassified	0	0	0	0	0	0	0	0	0	0	0	0	0	0	0	0	0	0	0	0	0	0	0	0	0	0	0	0	0	0	148.9184350566	0	0	0	0	0	0	421.0029541548	0	0	0	0	0	154.4337269596	0	0	0	0	0	0	0	316.5464492486	0	0	0	0	0	0	0	0	0	0	0	0	0	0	0	0	0	0	0	0	0	0	0	0	0	0	0	0	0	0	0	0	0	0	0	0	0	0	0	0	0	0	0	0	846.6975951340	0	0	0	0	0	0	0	245.6564367438	0	0	0	0	0	0	0	0	0	0	0	0	0	0	0	0	0	0	0	0	0	0	0	0	0	0	0	0	0	0	0	0	0	0	0	0	0	0	0
THISYN-PWY: superpathway of thiamine diphosphate biosynthesis I	0	0	0	0	0	0	0	0	0	0	0	0	0	0	0	0	0	0	0	0	0	0	0	0	0	0	0	0	0	0	0	0	0	0	0	0	0	0	0	0	0	0	0	0	0	0	0	0	0	0	0	0	0	0	0	0	0	0	0	0	0	0	0	0	0	0	0	0	0	0	0	0	0	0	0	0	0	0	0	0	0	0	0	0	0	0	0	0	0	0	0	0	0	0	0	0	620.3874833348	0	0	0	0	0	0	0	0	0	0	0	0	0	0	0	0	0	0	0	0	0	0	0	0	0	0	0	0	0	0	0	0	0	0	0	0	0	0	0	0	0	0	0	0	0	0	0
THISYN-PWY: superpathway of thiamine diphosphate biosynthesis I|unclassified	0	0	0	0	0	0	0	0	0	0	0	0	0	0	0	0	0	0	0	0	0	0	0	0	0	0	0	0	0	0	0	0	0	0	0	0	0	0	0	0	0	0	0	0	0	0	0	0	0	0	0	0	0	0	0	0	0	0	0	0	0	0	0	0	0	0	0	0	0	0	0	0	0	0	0	0	0	0	0	0	0	0	0	0	0	0	0	0	0	0	0	0	0	0	0	0	620.3874833348	0	0	0	0	0	0	0	0	0	0	0	0	0	0	0	0	0	0	0	0	0	0	0	0	0	0	0	0	0	0	0	0	0	0	0	0	0	0	0	0	0	0	0	0	0	0	0
THISYNARA-PWY: superpathway of thiamine diphosphate biosynthesis III (eukaryotes)	0	0	0	0	0	0	0	0	0	0	0	0	0	0	0	0	0	0	0	0	0	0	0	0	0	59.8180710168	0	0	0	0	0	0	0	0	0	0	0	0	0	0	0	0	0	0	0	0	0	0	0	0	0	383.3597978804	0	0	0	0	0	0	0	0	0	0	0	0	0	0	0	0	0	647.1867759685	0	0	0	49.6926703920	0	0	0	0	318.1014922684	0	0	0	0	0	0	0	0	0	0	0	0	0	0	0	0	0	13.1828879548	0	0	0	0	0	0	0	0	0	0	0	0	0	0	0	0	0	0	90.4552302850	0	0	0	0	0	32.0397429010	0	0	0	0	0	0	0	0	0	0	0	0	0	0	0	0	0	0	0	0	0	0
THISYNARA-PWY: superpathway of thiamine diphosphate biosynthesis III (eukaryotes)|unclassified	0	0	0	0	0	0	0	0	0	0	0	0	0	0	0	0	0	0	0	0	0	0	0	0	0	59.8180710168	0	0	0	0	0	0	0	0	0	0	0	0	0	0	0	0	0	0	0	0	0	0	0	0	0	383.3597978804	0	0	0	0	0	0	0	0	0	0	0	0	0	0	0	0	0	647.1867759685	0	0	0	49.6926703920	0	0	0	0	318.1014922684	0	0	0	0	0	0	0	0	0	0	0	0	0	0	0	0	0	13.1828879548	0	0	0	0	0	0	0	0	0	0	0	0	0	0	0	0	0	0	90.4552302850	0	0	0	0	0	31.9923848671	0	0	0	0	0	0	0	0	0	0	0	0	0	0	0	0	0	0	0	0	0	0
THRESYN-PWY: superpathway of L-threonine biosynthesis	0	0	0	0	2810.5812056727	0	16.8785288994	434.2244349929	0	0	0	0	0	0	0	957.5473958968	0	0	0	0	0	0	0	0	0	2778.8583777254	0	895.4134201965	0	343.1966686634	117.6202295856	0	29.1605628891	0	0	0	0	170.2273503658	0	295.8897638001	0	0	248.8262053356	53.1510202000	308.6253977742	0	0	517.8993845346	0	0	2477.7273578957	813.8354274296	391.8479081573	0	0	90.1853692951	538.6162106445	0	2272.5757221205	0	0	0	1092.9914186310	642.2946791894	394.4190780583	117.3685769710	0	0	0	896.9447029233	5434.6061868319	0	0	363.8937323599	1041.1601353603	0	0	0	1798.5615924899	473.9047036187	0	0	0	2845.1893378019	0	0	2747.8848860060	0	231.3972769315	0	0	0	0	0	0	0	1392.6920720771	0	0	0	0	0	0	0	217.4200171078	0	0	0	0	0	0	0	124.2182012517	0	0	82.1909298546	0	0	0	0	0	1683.0369638223	0	0	0	0	0	0	0	0	0	0	0	0	0	0	0	0	0	0	0	0	0	0
THRESYN-PWY: superpathway of L-threonine biosynthesis|unclassified	0	0	0	0	2810.5812056727	0	16.8785288994	434.2244349929	0	0	0	0	0	0	0	957.5473958968	0	0	0	0	0	0	0	0	0	2778.8583777254	0	862.5217792136	0	343.1966686634	117.6202295856	0	29.1605628891	0	0	0	0	170.2273503658	0	295.8897638001	0	0	248.8262053356	53.1510202000	308.6253977742	0	0	517.8993845346	0	0	2477.7273578957	813.8354274296	391.8479081573	0	0	90.1853692951	538.6162106445	0	2272.5757221205	0	0	0	1092.9914186310	642.2946791894	394.4190780583	117.3685769710	0	0	0	896.9447029233	5434.6061868319	0	0	363.8937323599	1041.1601353603	0	0	0	1798.5615924899	473.9047036187	0	0	0	2845.1893378019	0	0	2747.8848860060	0	231.3972769315	0	0	0	0	0	0	0	1392.6920720771	0	0	0	0	0	0	0	217.4200171078	0	0	0	0	0	0	0	124.2182012517	0	0	82.0095969825	0	0	0	0	0	1672.0990064876	0	0	0	0	0	0	0	0	0	0	0	0	0	0	0	0	0	0	0	0	0	0
TRNA-CHARGING-PWY: tRNA charging	0	0	0	0	2822.0042266993	0	271.2475398300	573.9726481801	0	0	0	0	0	0	0	573.2666193670	0	0	0	682.8752836231	0	0	0	0	0	3857.9545662061	0	3586.8840722020	0	1308.4890701907	259.9560196856	171.4724177903	38.9423369171	0	0	0	0	601.5317819316	0	199.1697467515	0	0	1062.5798429362	865.0348365040	906.4413248695	0	0	2417.1723424049	0	0	3918.1556309113	5122.3102394253	2286.4536331667	0	1083.7176405448	809.4306480780	0	0	2427.8434633131	0	0	0	564.3779380156	877.9089423879	1254.4424998409	391.5571795027	0	0	0	3743.5397884867	8730.9586522884	0	0	1353.1578988890	1597.0548337842	0	930.0494385285	0	6278.0787347659	2940.9259623577	0	0	0	4274.8407213586	0	0	3076.0521066055	0	983.4292094223	0	0	0	0	0	0	0	969.6763629291	0	0	0	0	0	0	0	286.5733917067	0	0	0	0	0	0	0	390.2796247691	0	0	920.7234862904	0	0	0	0	0	6147.3312086451	0	0	0	0	0	0	0	0	0	0	0	0	0	0	0	0	0	0	0	0	0	0
TRNA-CHARGING-PWY: tRNA charging|unclassified	0	0	0	0	2822.0042266993	0	271.2475398300	573.9726481801	0	0	0	0	0	0	0	573.2666193670	0	0	0	682.8752836231	0	0	0	0	0	3857.9545662061	0	3586.8840722020	0	1308.4890701907	259.9560196856	171.4724177903	38.9423369171	0	0	0	0	601.5317819316	0	199.1697467515	0	0	1062.5798429362	865.0348365040	906.4413248695	0	0	2412.0183940143	0	0	3918.1556309113	5122.3102394253	2286.4536331667	0	1083.7176405448	809.4306480780	0	0	2427.8434633131	0	0	0	564.3779380156	877.9089423879	1254.4424998409	391.5571795027	0	0	0	3338.7887608934	8730.9586522884	0	0	1353.1578988890	1597.0548337842	0	930.0494385285	0	6278.0787347659	2515.8682147925	0	0	0	4274.8407213586	0	0	3076.0521066055	0	983.4292094223	0	0	0	0	0	0	0	969.6763629291	0	0	0	0	0	0	0	286.5733917067	0	0	0	0	0	0	0	390.2796247691	0	0	920.7234862904	0	0	0	0	0	3627.7462382695	0	0	0	0	0	0	0	0	0	0	0	0	0	0	0	0	0	0	0	0	0	0
TRPSYN-PWY: L-tryptophan biosynthesis	0	0	0	0	0	0	0	0	0	0	0	0	0	0	0	0	0	0	0	0	0	0	0	0	0	457.3082743918	0	0	0	0	0	0	0	0	0	0	0	212.5264315286	0	0	0	0	0	0	0	0	0	0	0	0	0	159.8569339860	0	0	0	0	0	0	491.5542605826	0	0	0	0	0	218.2714427968	0	0	0	0	59.8558599592	705.8630242934	0	0	0	265.2350494630	0	0	0	0	0	0	0	0	239.0936328021	0	0	0	0	0	0	0	0	0	0	0	0	725.9401149472	0	0	0	0	0	0	0	0	0	0	0	0	0	0	0	0	0	0	0	0	0	0	0	0	136.8923680915	0	0	0	0	0	0	0	0	0	0	0	0	0	0	0	0	0	0	0	0	0	0
TRPSYN-PWY: L-tryptophan biosynthesis|unclassified	0	0	0	0	0	0	0	0	0	0	0	0	0	0	0	0	0	0	0	0	0	0	0	0	0	457.3082743918	0	0	0	0	0	0	0	0	0	0	0	212.5264315286	0	0	0	0	0	0	0	0	0	0	0	0	0	159.8569339860	0	0	0	0	0	0	491.5542605826	0	0	0	0	0	218.2714427968	0	0	0	0	59.8558599592	705.8630242934	0	0	0	265.2350494630	0	0	0	0	0	0	0	0	239.0936328021	0	0	0	0	0	0	0	0	0	0	0	0	725.9401149472	0	0	0	0	0	0	0	0	0	0	0	0	0	0	0	0	0	0	0	0	0	0	0	0	98.9918661926	0	0	0	0	0	0	0	0	0	0	0	0	0	0	0	0	0	0	0	0	0	0
UBISYN-PWY: superpathway of ubiquinol-8 biosynthesis (early decarboxylation)	0	0	0	0	0	0	0	0	0	0	0	0	0	0	0	0	0	0	0	0	0	0	0	0	0	0	0	0	0	0	0	0	0	0	0	0	0	0	0	0	0	0	0	0	0	0	0	0	0	0	0	0	0	0	0	0	0	0	0	0	0	0	0	0	0	0	0	0	0	0	0	0	0	0	0	0	0	0	0	0	0	0	0	0	0	0	0	0	0	0	0	0	0	0	0	0	69.4588504764	0	0	0	0	0	0	0	0	0	0	0	0	0	0	0	0	0	0	0	0	0	0	0	0	0	0	0	0	0	0	0	0	0	0	0	0	0	0	0	0	0	0	0	0	0	0	0
UBISYN-PWY: superpathway of ubiquinol-8 biosynthesis (early decarboxylation)|unclassified	0	0	0	0	0	0	0	0	0	0	0	0	0	0	0	0	0	0	0	0	0	0	0	0	0	0	0	0	0	0	0	0	0	0	0	0	0	0	0	0	0	0	0	0	0	0	0	0	0	0	0	0	0	0	0	0	0	0	0	0	0	0	0	0	0	0	0	0	0	0	0	0	0	0	0	0	0	0	0	0	0	0	0	0	0	0	0	0	0	0	0	0	0	0	0	0	69.4588504764	0	0	0	0	0	0	0	0	0	0	0	0	0	0	0	0	0	0	0	0	0	0	0	0	0	0	0	0	0	0	0	0	0	0	0	0	0	0	0	0	0	0	0	0	0	0	0
UDPNACETYLGALSYN-PWY: UDP-N-acetyl-D-glucosamine biosynthesis II	0	0	0	0	1019.5600318076	0	338.0714373245	123.1808830108	0	0	0	0	0	0	0	0	0	0	0	99.9993400422	0	0	0	0	0	1999.5253722375	0	318.7565113299	0	151.8646010432	0	0	0	0	0	0	0	0	0	86.0426595414	0	0	0	0	0	0	0	0	0	0	1454.1927473279	245.0760795108	0	0	0	249.8982658115	0	0	2107.0244179104	0	0	0	0	887.8349133623	138.9579994438	0	0	0	0	0	6505.1099994134	0	0	95.2071645328	0	0	0	0	681.9755540677	0	0	0	0	1141.3523169665	0	0	1828.2472849185	0	238.0051885512	0	0	0	0	0	0	0	21.4137946979	0	0	0	0	0	0	0	0	0	0	0	0	0	0	0	0	0	0	0	0	0	0	0	0	187.0551854265	0	0	0	0	0	0	0	0	0	0	0	0	0	0	0	0	0	0	0	0	0	0
UDPNACETYLGALSYN-PWY: UDP-N-acetyl-D-glucosamine biosynthesis II|unclassified	0	0	0	0	1019.5600318076	0	338.0714373245	123.1808830108	0	0	0	0	0	0	0	0	0	0	0	99.9993400422	0	0	0	0	0	1999.5253722375	0	308.3052946916	0	151.8646010432	0	0	0	0	0	0	0	0	0	86.0426595414	0	0	0	0	0	0	0	0	0	0	1454.1927473279	245.0760795108	0	0	0	249.8982658115	0	0	2107.0244179104	0	0	0	0	887.8349133623	138.9579994438	0	0	0	0	0	6505.1099994134	0	0	95.2071645328	0	0	0	0	681.9755540677	0	0	0	0	1141.3523169665	0	0	1828.2472849185	0	238.0051885512	0	0	0	0	0	0	0	21.4137946979	0	0	0	0	0	0	0	0	0	0	0	0	0	0	0	0	0	0	0	0	0	0	0	0	186.5721624620	0	0	0	0	0	0	0	0	0	0	0	0	0	0	0	0	0	0	0	0	0	0
UDPNAGSYN-PWY: UDP-N-acetyl-D-glucosamine biosynthesis I	0	0	0	0	3032.3791391495	0	530.4063461040	1138.3871189917	0	0	0	0	0	0	0	191.7590875947	0	0	0	149.6473631047	0	0	117.0518684142	0	0	3074.3476322933	0	783.2313982653	0	215.6917020815	211.2999814014	0	0	0	0	0	0	307.6850764054	0	559.7077971934	0	0	162.2367566797	233.9196841767	0	0	0	1366.4093123759	0	0	3447.9425875553	1946.2246489407	610.4353490133	0	0	546.8161034517	96.3903513124	0	2948.7177267061	0	211.6937996991	0	0	1027.2338683938	169.0688307354	0	0	0	0	1587.6932344587	7747.3257304397	0	0	433.7531913754	537.9899627103	0	666.6643918853	0	7410.8873523225	865.4047063822	0	0	0	3323.9726507708	0	0	3957.9016200783	0	1109.5566796038	0	0	0	478.4591583711	0	0	0	1018.1873086607	0	0	0	0	0	0	0	223.1183824301	0	0	0	0	127.8412576609	0	0	625.4030258451	0	0	178.1276181328	0	0	0	0	0	1141.0791803575	0	0	0	0	0	0	0	0	0	0	0	0	0	0	0	0	0	0	0	0	0	0
UDPNAGSYN-PWY: UDP-N-acetyl-D-glucosamine biosynthesis I|unclassified	0	0	0	0	3032.3791391495	0	530.4063461040	1138.3871189917	0	0	0	0	0	0	0	191.7590875947	0	0	0	149.6473631047	0	0	117.0518684142	0	0	3074.3476322933	0	712.0586250058	0	215.6917020815	211.2999814014	0	0	0	0	0	0	307.6850764054	0	559.7077971934	0	0	162.2367566797	233.9196841767	0	0	0	1366.4093123759	0	0	3447.9425875553	1946.2246489407	610.4353490133	0	0	546.8161034517	96.3903513124	0	2948.7177267061	0	211.6937996991	0	0	1027.2338683938	169.0688307354	0	0	0	0	1416.2187535686	7747.3257304397	0	0	433.7531913754	537.9899627103	0	666.6643918853	0	7410.8873523225	865.4047063822	0	0	0	3323.9726507708	0	0	3957.9016200783	0	1109.5566796038	0	0	0	478.4591583711	0	0	0	1018.1873086607	0	0	0	0	0	0	0	223.1183824301	0	0	0	0	127.8412576609	0	0	625.4030258451	0	0	178.1276181328	0	0	0	0	0	1119.8560035565	0	0	0	0	0	0	0	0	0	0	0	0	0	0	0	0	0	0	0	0	0	0
URDEGR-PWY: superpathway of allantoin degradation in plants	0	0	0	0	0	0	0	0	0	0	0	0	0	0	0	0	0	0	0	0	0	0	0	0	0	0	0	0	0	0	0	0	0	0	0	0	0	0	0	0	0	0	0	0	0	0	0	0	0	0	0	0	0	0	0	0	0	0	0	0	0	0	0	0	0	0	0	0	0	0	0	0	0	0	0	0	0	0	0	0	0	0	0	0	0	0	0	0	0	0	0	0	0	0	0	0	65.1742739484	0	0	0	0	0	0	0	0	0	0	0	0	0	0	0	0	0	0	0	0	0	0	0	0	0	0	0	0	0	0	0	0	0	0	0	0	0	0	0	0	0	0	0	0	0	0	0
URDEGR-PWY: superpathway of allantoin degradation in plants|unclassified	0	0	0	0	0	0	0	0	0	0	0	0	0	0	0	0	0	0	0	0	0	0	0	0	0	0	0	0	0	0	0	0	0	0	0	0	0	0	0	0	0	0	0	0	0	0	0	0	0	0	0	0	0	0	0	0	0	0	0	0	0	0	0	0	0	0	0	0	0	0	0	0	0	0	0	0	0	0	0	0	0	0	0	0	0	0	0	0	0	0	0	0	0	0	0	0	65.1742739484	0	0	0	0	0	0	0	0	0	0	0	0	0	0	0	0	0	0	0	0	0	0	0	0	0	0	0	0	0	0	0	0	0	0	0	0	0	0	0	0	0	0	0	0	0	0	0
VALSYN-PWY: L-valine biosynthesis	0	0	0	0	2291.0751768685	0	260.7766799766	742.2769525793	0	0	72.0466141448	345.5438425426	0	0	0	1840.1198616271	0	0	0	198.7601727737	0	0	0	0	0	5850.5093344076	24.2487523312	1023.7790582999	0	154.4221378649	154.6568269106	0	76.4810894054	0	0	0	0	444.6771845786	0	0	0	0	322.0740154289	173.6079676086	0	0	0	937.0817307669	0	0	2613.9603604023	872.0214654045	549.3294580825	0	0	0	0	0	2449.8481749041	0	90.9541949932	0	1023.2735699592	688.8021100897	704.5020246219	95.5920747089	0	125.4842275247	0	254.4805347558	10126.3999942339	0	0	855.9993652209	2984.2916383456	0	345.0241705576	0	1375.5645656483	626.6877506369	0	0	0	3278.0640353096	0	0	2710.9778088717	0	0	0	0	0	0	0	0	0	2938.8982057415	0	0	0	0	0	0	0	429.9732680323	0	0	11.5756528337	0	42.4166530129	21.3237429365	0	20.0595801156	0	0	644.4646372785	0	0	0	0	0	4158.0418946143	0	0	0	0	0	0	0	0	0	0	0	0	0	0	0	0	0	0	0	0	0	0
VALSYN-PWY: L-valine biosynthesis|unclassified	0	0	0	0	2291.0751768685	0	260.7766799766	742.2769525793	0	0	72.0466141448	345.5438425426	0	0	0	1840.1198616271	0	0	0	198.7601727737	0	0	0	0	0	5850.5093344076	24.2487523312	1023.7790582999	0	154.4221378649	154.6568269106	0	76.4810894054	0	0	0	0	444.6771845786	0	0	0	0	322.0740154289	173.6079676086	0	0	0	937.0817307669	0	0	2613.9603604023	872.0214654045	549.3294580825	0	0	0	0	0	2449.8481749041	0	90.9541949932	0	1023.2735699592	688.8021100897	704.5020246219	95.5920747089	0	125.4842275247	0	229.7832126117	10126.3999942339	0	0	855.9993652209	2984.2916383456	0	345.0241705576	0	1375.5645656483	626.6877506369	0	0	0	3278.0640353096	0	0	2710.9778088717	0	0	0	0	0	0	0	0	0	2938.8982057415	0	0	0	0	0	0	0	429.9732680323	0	0	11.5756528337	0	42.4166530129	21.3237429365	0	20.0595801156	0	0	644.4646372785	0	0	0	0	0	3608.6946706443	0	0	0	0	0	0	0	0	0	0	0	0	0	0	0	0	0	0	0	0	0	0
